# Blender 4.3.2
# www.blender.org
mtllib SlimeHouse_Upgrade1.mtl
o SlimeHouse_Upgrade1
v -0.870000 0.050000 0.645000
v -0.870000 0.080000 0.675000
v -0.900000 0.080000 0.645000
v -0.870000 1.120000 0.675000
v -0.870000 1.150000 0.645000
v -0.900000 1.120000 0.645000
v -0.870000 0.050000 -0.645000
v -0.900000 0.080000 -0.645000
v -0.870000 0.080000 -0.675000
v -0.870000 1.150000 -0.645000
v -0.870000 1.120000 -0.675000
v -0.900000 1.120000 -0.645000
v 0.970000 0.050000 0.645000
v 1.000000 0.080000 0.645000
v 0.970000 0.080000 0.675000
v 0.970000 1.150000 0.645000
v 0.970000 1.120000 0.675000
v 1.000000 1.120000 0.645000
v 0.970000 0.050000 -0.645000
v 0.970000 0.080000 -0.675000
v 1.000000 0.080000 -0.645000
v 0.970000 1.150000 -0.645000
v 1.000000 1.120000 -0.645000
v 0.970000 1.120000 -0.675000
v -0.845000 1.075000 0.595000
v -0.845000 1.105000 0.625000
v -0.875000 1.105000 0.595000
v -0.845000 1.995000 0.625000
v -0.845000 2.025000 0.595000
v -0.875000 1.995000 0.595000
v -0.845000 1.075000 -0.495000
v -0.875000 1.105000 -0.495000
v -0.845000 1.105000 -0.525000
v -0.845000 2.025000 -0.495000
v -0.845000 1.995000 -0.525000
v -0.875000 1.995000 -0.495000
v 0.645000 1.075000 0.595000
v 0.675000 1.105000 0.595000
v 0.645000 1.105000 0.625000
v 0.645000 2.025000 0.595000
v 0.645000 1.995000 0.625000
v 0.675000 1.995000 0.595000
v 0.645000 1.075000 -0.495000
v 0.645000 1.105000 -0.525000
v 0.675000 1.105000 -0.495000
v 0.645000 2.025000 -0.495000
v 0.675000 1.995000 -0.495000
v 0.645000 1.995000 -0.525000
v -1.200000 0.075000 -0.300000
v -1.200000 0.100000 -0.275000
v -1.225000 0.100000 -0.300000
v -1.200000 1.000000 -0.275000
v -1.200000 1.025000 -0.300000
v -1.225000 1.000000 -0.300000
v -1.200000 0.075000 -0.800000
v -1.225000 0.100000 -0.800000
v -1.200000 0.100000 -0.825000
v -1.200000 1.025000 -0.800000
v -1.200000 1.000000 -0.825000
v -1.225000 1.000000 -0.800000
v -0.700000 0.075000 -0.300000
v -0.675000 0.100000 -0.300000
v -0.700000 0.100000 -0.275000
v -0.700000 1.025000 -0.300000
v -0.700000 1.000000 -0.275000
v -0.675000 1.000000 -0.300000
v -0.700000 0.075000 -0.800000
v -0.700000 0.100000 -0.825000
v -0.675000 0.100000 -0.800000
v -0.700000 1.025000 -0.800000
v -0.675000 1.000000 -0.800000
v -0.700000 1.000000 -0.825000
v -1.275000 1.030000 -0.225000
v -1.275000 1.170000 -0.225000
v -1.275000 1.030000 -0.875000
v -1.275000 1.170000 -0.875000
v -0.625000 1.030000 -0.225000
v -0.625000 1.170000 -0.225000
v -0.625000 1.030000 -0.875000
v -0.625000 1.170000 -0.875000
v -1.190000 0.210000 -0.800000
v -1.190000 0.490000 -0.800000
v -1.190000 0.210000 -0.840000
v -1.190000 0.490000 -0.840000
v -0.710000 0.210000 -0.800000
v -0.710000 0.490000 -0.800000
v -0.710000 0.210000 -0.840000
v -0.710000 0.490000 -0.840000
v -1.105227 0.330000 -0.712997
v -1.105227 0.370000 -0.712997
v -1.122434 0.330000 -0.737572
v -1.122434 0.370000 -0.737572
v -0.777566 0.330000 -0.942428
v -0.777566 0.370000 -0.942428
v -0.794773 0.330000 -0.967003
v -0.794773 0.370000 -0.967003
v -1.122434 0.330000 -0.942428
v -1.122434 0.370000 -0.942428
v -1.105227 0.330000 -0.967003
v -1.105227 0.370000 -0.967003
v -0.794773 0.330000 -0.712997
v -0.794773 0.370000 -0.712997
v -0.777566 0.330000 -0.737572
v -0.777566 0.370000 -0.737572
v -1.050000 0.000000 0.700000
v -1.050000 0.160000 0.700000
v -1.050000 0.000000 -0.800000
v -1.050000 0.160000 -0.800000
v 1.050000 0.000000 0.700000
v 1.050000 0.160000 0.700000
v 1.050000 0.000000 -0.800000
v 1.050000 0.160000 -0.800000
v -0.250000 0.040000 -0.770000
v -0.250000 0.120000 -0.770000
v -0.250000 0.040000 -0.930000
v -0.250000 0.120000 -0.930000
v 0.450000 0.040000 -0.770000
v 0.450000 0.120000 -0.770000
v 0.450000 0.040000 -0.930000
v 0.450000 0.120000 -0.930000
v -0.175000 0.120000 -0.840000
v -0.175000 0.200000 -0.840000
v -0.175000 0.120000 -1.000000
v -0.175000 0.200000 -1.000000
v 0.375000 0.120000 -0.840000
v 0.375000 0.200000 -0.840000
v 0.375000 0.120000 -1.000000
v 0.375000 0.200000 -1.000000
v -0.100000 0.200000 -0.900000
v -0.100000 0.280000 -0.900000
v -0.100000 0.200000 -1.060000
v -0.100000 0.280000 -1.060000
v 0.300000 0.200000 -0.900000
v 0.300000 0.280000 -0.900000
v 0.300000 0.200000 -1.060000
v 0.300000 0.280000 -1.060000
v -0.925000 2.010000 0.700000
v -0.925000 2.230000 0.700000
v -0.925000 2.010000 -0.600000
v -0.925000 2.230000 -0.600000
v 0.825000 2.010000 0.700000
v 0.825000 2.230000 0.700000
v 0.825000 2.010000 -0.600000
v 0.825000 2.230000 -0.600000
v -0.750000 2.210000 0.450000
v -0.750000 2.490000 0.450000
v -0.750000 2.210000 -0.250000
v -0.750000 2.490000 -0.250000
v 0.450000 2.210000 0.450000
v 0.450000 2.490000 0.450000
v 0.450000 2.210000 -0.250000
v 0.450000 2.490000 -0.250000
v -0.150000 2.430000 -0.250000
v 0.153109 2.430000 -0.075000
v 0.153109 2.430000 0.275000
v -0.150000 2.430000 0.450000
v -0.453109 2.430000 0.275000
v -0.453109 2.430000 -0.075000
v -0.150000 2.730000 0.100000
v -0.776489 2.044564 -0.632361
v -0.759277 1.986000 -0.656050
v -0.752977 1.906000 -0.664721
v -0.759277 1.826000 -0.656050
v -0.776489 1.767436 -0.632361
v -0.761958 2.044564 -0.612361
v -0.734109 1.986000 -0.621409
v -0.723916 1.906000 -0.624721
v -0.734109 1.826000 -0.621409
v -0.761958 1.767436 -0.612361
v -0.761958 2.044564 -0.587639
v -0.734109 1.986000 -0.578591
v -0.723916 1.906000 -0.575279
v -0.734109 1.826000 -0.578591
v -0.761958 1.767436 -0.587639
v -0.776489 2.044564 -0.567639
v -0.759277 1.986000 -0.543950
v -0.752977 1.906000 -0.535279
v -0.759277 1.826000 -0.543950
v -0.776489 1.767436 -0.567639
v -0.800000 2.044564 -0.560000
v -0.800000 1.986000 -0.530718
v -0.800000 1.906000 -0.520000
v -0.800000 1.826000 -0.530718
v -0.800000 1.767436 -0.560000
v -0.823511 2.044564 -0.567639
v -0.840723 1.986000 -0.543950
v -0.847023 1.906000 -0.535279
v -0.840723 1.826000 -0.543950
v -0.823511 1.767436 -0.567639
v -0.838042 2.044564 -0.587639
v -0.865891 1.986000 -0.578591
v -0.876085 1.906000 -0.575279
v -0.865891 1.826000 -0.578591
v -0.838042 1.767436 -0.587639
v -0.800000 1.746000 -0.600000
v -0.800000 2.066000 -0.600000
v -0.838042 2.044564 -0.612361
v -0.865891 1.986000 -0.621409
v -0.876085 1.906000 -0.624721
v -0.865891 1.826000 -0.621409
v -0.838042 1.767436 -0.612361
v -0.823511 2.044564 -0.632361
v -0.840723 1.986000 -0.656050
v -0.847023 1.906000 -0.664721
v -0.840723 1.826000 -0.656050
v -0.823511 1.767436 -0.632361
v -0.800000 2.044564 -0.640000
v -0.800000 1.986000 -0.669282
v -0.800000 1.906000 -0.680000
v -0.800000 1.826000 -0.669282
v -0.800000 1.767436 -0.640000
v -0.476489 2.044564 -0.632361
v -0.459277 1.986000 -0.656050
v -0.452977 1.906000 -0.664721
v -0.459277 1.826000 -0.656050
v -0.476489 1.767436 -0.632361
v -0.461958 2.044564 -0.612361
v -0.434109 1.986000 -0.621409
v -0.423915 1.906000 -0.624721
v -0.434109 1.826000 -0.621409
v -0.461958 1.767436 -0.612361
v -0.461958 2.044564 -0.587639
v -0.434109 1.986000 -0.578591
v -0.423915 1.906000 -0.575279
v -0.434109 1.826000 -0.578591
v -0.461958 1.767436 -0.587639
v -0.476489 2.044564 -0.567639
v -0.459277 1.986000 -0.543950
v -0.452977 1.906000 -0.535279
v -0.459277 1.826000 -0.543950
v -0.476489 1.767436 -0.567639
v -0.500000 2.044564 -0.560000
v -0.500000 1.986000 -0.530718
v -0.500000 1.906000 -0.520000
v -0.500000 1.826000 -0.530718
v -0.500000 1.767436 -0.560000
v -0.523511 2.044564 -0.567639
v -0.540723 1.986000 -0.543950
v -0.547023 1.906000 -0.535279
v -0.540723 1.826000 -0.543950
v -0.523511 1.767436 -0.567639
v -0.538042 2.044564 -0.587639
v -0.565891 1.986000 -0.578591
v -0.576085 1.906000 -0.575279
v -0.565891 1.826000 -0.578591
v -0.538042 1.767436 -0.587639
v -0.500000 1.746000 -0.600000
v -0.500000 2.066000 -0.600000
v -0.538042 2.044564 -0.612361
v -0.565891 1.986000 -0.621409
v -0.576085 1.906000 -0.624721
v -0.565891 1.826000 -0.621409
v -0.538042 1.767436 -0.612361
v -0.523511 2.044564 -0.632361
v -0.540723 1.986000 -0.656050
v -0.547023 1.906000 -0.664721
v -0.540723 1.826000 -0.656050
v -0.523511 1.767436 -0.632361
v -0.500000 2.044564 -0.640000
v -0.500000 1.986000 -0.669282
v -0.500000 1.906000 -0.680000
v -0.500000 1.826000 -0.669282
v -0.500000 1.767436 -0.640000
v -0.176489 2.044564 -0.632361
v -0.159277 1.986000 -0.656050
v -0.152977 1.906000 -0.664721
v -0.159277 1.826000 -0.656050
v -0.176489 1.767436 -0.632361
v -0.161958 2.044564 -0.612361
v -0.134109 1.986000 -0.621409
v -0.123915 1.906000 -0.624721
v -0.134109 1.826000 -0.621409
v -0.161958 1.767436 -0.612361
v -0.161958 2.044564 -0.587639
v -0.134109 1.986000 -0.578591
v -0.123915 1.906000 -0.575279
v -0.134109 1.826000 -0.578591
v -0.161958 1.767436 -0.587639
v -0.176489 2.044564 -0.567639
v -0.159277 1.986000 -0.543950
v -0.152977 1.906000 -0.535279
v -0.159277 1.826000 -0.543950
v -0.176489 1.767436 -0.567639
v -0.200000 2.044564 -0.560000
v -0.200000 1.986000 -0.530718
v -0.200000 1.906000 -0.520000
v -0.200000 1.826000 -0.530718
v -0.200000 1.767436 -0.560000
v -0.223511 2.044564 -0.567639
v -0.240723 1.986000 -0.543950
v -0.247023 1.906000 -0.535279
v -0.240723 1.826000 -0.543950
v -0.223511 1.767436 -0.567639
v -0.238042 2.044564 -0.587639
v -0.265891 1.986000 -0.578591
v -0.276085 1.906000 -0.575279
v -0.265891 1.826000 -0.578591
v -0.238042 1.767436 -0.587639
v -0.200000 1.746000 -0.600000
v -0.200000 2.066000 -0.600000
v -0.238042 2.044564 -0.612361
v -0.265891 1.986000 -0.621409
v -0.276085 1.906000 -0.624721
v -0.265891 1.826000 -0.621409
v -0.238042 1.767436 -0.612361
v -0.223511 2.044564 -0.632361
v -0.240723 1.986000 -0.656050
v -0.247023 1.906000 -0.664721
v -0.240723 1.826000 -0.656050
v -0.223511 1.767436 -0.632361
v -0.200000 2.044564 -0.640000
v -0.200000 1.986000 -0.669282
v -0.200000 1.906000 -0.680000
v -0.200000 1.826000 -0.669282
v -0.200000 1.767436 -0.640000
v 0.123511 2.044564 -0.632361
v 0.140723 1.986000 -0.656050
v 0.147023 1.906000 -0.664721
v 0.140723 1.826000 -0.656050
v 0.123511 1.767436 -0.632361
v 0.138042 2.044564 -0.612361
v 0.165891 1.986000 -0.621409
v 0.176085 1.906000 -0.624721
v 0.165891 1.826000 -0.621409
v 0.138042 1.767436 -0.612361
v 0.138042 2.044564 -0.587639
v 0.165891 1.986000 -0.578591
v 0.176085 1.906000 -0.575279
v 0.165891 1.826000 -0.578591
v 0.138042 1.767436 -0.587639
v 0.123511 2.044564 -0.567639
v 0.140723 1.986000 -0.543950
v 0.147023 1.906000 -0.535279
v 0.140723 1.826000 -0.543950
v 0.123511 1.767436 -0.567639
v 0.100000 2.044564 -0.560000
v 0.100000 1.986000 -0.530718
v 0.100000 1.906000 -0.520000
v 0.100000 1.826000 -0.530718
v 0.100000 1.767436 -0.560000
v 0.076489 2.044564 -0.567639
v 0.059277 1.986000 -0.543950
v 0.052977 1.906000 -0.535279
v 0.059277 1.826000 -0.543950
v 0.076489 1.767436 -0.567639
v 0.061958 2.044564 -0.587639
v 0.034109 1.986000 -0.578591
v 0.023915 1.906000 -0.575279
v 0.034109 1.826000 -0.578591
v 0.061958 1.767436 -0.587639
v 0.100000 1.746000 -0.600000
v 0.100000 2.066000 -0.600000
v 0.061958 2.044564 -0.612361
v 0.034109 1.986000 -0.621409
v 0.023915 1.906000 -0.624721
v 0.034109 1.826000 -0.621409
v 0.061958 1.767436 -0.612361
v 0.076489 2.044564 -0.632361
v 0.059277 1.986000 -0.656050
v 0.052977 1.906000 -0.664721
v 0.059277 1.826000 -0.656050
v 0.076489 1.767436 -0.632361
v 0.100000 2.044564 -0.640000
v 0.100000 1.986000 -0.669282
v 0.100000 1.906000 -0.680000
v 0.100000 1.826000 -0.669282
v 0.100000 1.767436 -0.640000
v 0.423511 2.044564 -0.632361
v 0.440723 1.986000 -0.656050
v 0.447023 1.906000 -0.664721
v 0.440723 1.826000 -0.656050
v 0.423511 1.767436 -0.632361
v 0.438042 2.044564 -0.612361
v 0.465891 1.986000 -0.621409
v 0.476085 1.906000 -0.624721
v 0.465891 1.826000 -0.621409
v 0.438042 1.767436 -0.612361
v 0.438042 2.044564 -0.587639
v 0.465891 1.986000 -0.578591
v 0.476085 1.906000 -0.575279
v 0.465891 1.826000 -0.578591
v 0.438042 1.767436 -0.587639
v 0.423511 2.044564 -0.567639
v 0.440723 1.986000 -0.543950
v 0.447023 1.906000 -0.535279
v 0.440723 1.826000 -0.543950
v 0.423511 1.767436 -0.567639
v 0.400000 2.044564 -0.560000
v 0.400000 1.986000 -0.530718
v 0.400000 1.906000 -0.520000
v 0.400000 1.826000 -0.530718
v 0.400000 1.767436 -0.560000
v 0.376489 2.044564 -0.567639
v 0.359277 1.986000 -0.543950
v 0.352977 1.906000 -0.535279
v 0.359277 1.826000 -0.543950
v 0.376489 1.767436 -0.567639
v 0.361958 2.044564 -0.587639
v 0.334109 1.986000 -0.578591
v 0.323915 1.906000 -0.575279
v 0.334109 1.826000 -0.578591
v 0.361958 1.767436 -0.587639
v 0.400000 1.746000 -0.600000
v 0.400000 2.066000 -0.600000
v 0.361958 2.044564 -0.612361
v 0.334109 1.986000 -0.621409
v 0.323915 1.906000 -0.624721
v 0.334109 1.826000 -0.621409
v 0.361958 1.767436 -0.612361
v 0.376489 2.044564 -0.632361
v 0.359277 1.986000 -0.656050
v 0.352977 1.906000 -0.664721
v 0.359277 1.826000 -0.656050
v 0.376489 1.767436 -0.632361
v 0.400000 2.044564 -0.640000
v 0.400000 1.986000 -0.669282
v 0.400000 1.906000 -0.680000
v 0.400000 1.826000 -0.669282
v 0.400000 1.767436 -0.640000
v 0.723511 2.044564 -0.632361
v 0.740723 1.986000 -0.656050
v 0.747023 1.906000 -0.664721
v 0.740723 1.826000 -0.656050
v 0.723511 1.767436 -0.632361
v 0.738042 2.044564 -0.612361
v 0.765891 1.986000 -0.621409
v 0.776084 1.906000 -0.624721
v 0.765891 1.826000 -0.621409
v 0.738042 1.767436 -0.612361
v 0.738042 2.044564 -0.587639
v 0.765891 1.986000 -0.578591
v 0.776084 1.906000 -0.575279
v 0.765891 1.826000 -0.578591
v 0.738042 1.767436 -0.587639
v 0.723511 2.044564 -0.567639
v 0.740723 1.986000 -0.543950
v 0.747023 1.906000 -0.535279
v 0.740723 1.826000 -0.543950
v 0.723511 1.767436 -0.567639
v 0.700000 2.044564 -0.560000
v 0.700000 1.986000 -0.530718
v 0.700000 1.906000 -0.520000
v 0.700000 1.826000 -0.530718
v 0.700000 1.767436 -0.560000
v 0.676489 2.044564 -0.567639
v 0.659277 1.986000 -0.543950
v 0.652977 1.906000 -0.535279
v 0.659277 1.826000 -0.543950
v 0.676489 1.767436 -0.567639
v 0.661958 2.044564 -0.587639
v 0.634109 1.986000 -0.578591
v 0.623915 1.906000 -0.575279
v 0.634109 1.826000 -0.578591
v 0.661958 1.767436 -0.587639
v 0.700000 1.746000 -0.600000
v 0.700000 2.066000 -0.600000
v 0.661958 2.044564 -0.612361
v 0.634109 1.986000 -0.621409
v 0.623915 1.906000 -0.624721
v 0.634109 1.826000 -0.621409
v 0.661958 1.767436 -0.612361
v 0.676489 2.044564 -0.632361
v 0.659277 1.986000 -0.656050
v 0.652977 1.906000 -0.664721
v 0.659277 1.826000 -0.656050
v 0.676489 1.767436 -0.632361
v 0.700000 2.044564 -0.640000
v 0.700000 1.986000 -0.669282
v 0.700000 1.906000 -0.680000
v 0.700000 1.826000 -0.669282
v 0.700000 1.767436 -0.640000
v -0.582366 2.275923 -0.474270
v -0.569458 2.232000 -0.492038
v -0.564733 2.172000 -0.498541
v -0.569458 2.112000 -0.492038
v -0.582366 2.068077 -0.474270
v -0.571468 2.275923 -0.459271
v -0.550582 2.232000 -0.466057
v -0.542937 2.172000 -0.468541
v -0.550582 2.112000 -0.466057
v -0.571468 2.068077 -0.459271
v -0.571468 2.275923 -0.440729
v -0.550582 2.232000 -0.433943
v -0.542937 2.172000 -0.431459
v -0.550582 2.112000 -0.433943
v -0.571468 2.068077 -0.440729
v -0.582366 2.275923 -0.425729
v -0.569458 2.232000 -0.407962
v -0.564733 2.172000 -0.401459
v -0.569458 2.112000 -0.407962
v -0.582366 2.068077 -0.425729
v -0.600000 2.275923 -0.420000
v -0.600000 2.232000 -0.398038
v -0.600000 2.172000 -0.390000
v -0.600000 2.112000 -0.398038
v -0.600000 2.068077 -0.420000
v -0.617634 2.275923 -0.425729
v -0.630542 2.232000 -0.407962
v -0.635267 2.172000 -0.401459
v -0.630542 2.112000 -0.407962
v -0.617634 2.068077 -0.425729
v -0.600000 2.052000 -0.450000
v -0.628532 2.275923 -0.440729
v -0.649418 2.232000 -0.433943
v -0.657063 2.172000 -0.431459
v -0.649418 2.112000 -0.433943
v -0.628532 2.068077 -0.440729
v -0.600000 2.292000 -0.450000
v -0.628532 2.275923 -0.459271
v -0.649418 2.232000 -0.466057
v -0.657063 2.172000 -0.468541
v -0.649418 2.112000 -0.466057
v -0.628532 2.068077 -0.459271
v -0.617634 2.275923 -0.474270
v -0.630542 2.232000 -0.492038
v -0.635267 2.172000 -0.498541
v -0.630542 2.112000 -0.492038
v -0.617634 2.068077 -0.474270
v -0.600000 2.275923 -0.480000
v -0.600000 2.232000 -0.501962
v -0.600000 2.172000 -0.510000
v -0.600000 2.112000 -0.501962
v -0.600000 2.068077 -0.480000
v -0.182366 2.275923 -0.474270
v -0.169458 2.232000 -0.492038
v -0.164733 2.172000 -0.498541
v -0.169458 2.112000 -0.492038
v -0.182366 2.068077 -0.474270
v -0.171468 2.275923 -0.459271
v -0.150582 2.232000 -0.466057
v -0.142937 2.172000 -0.468541
v -0.150582 2.112000 -0.466057
v -0.171468 2.068077 -0.459271
v -0.171468 2.275923 -0.440729
v -0.150582 2.232000 -0.433943
v -0.142937 2.172000 -0.431459
v -0.150582 2.112000 -0.433943
v -0.171468 2.068077 -0.440729
v -0.182366 2.275923 -0.425729
v -0.169458 2.232000 -0.407962
v -0.164733 2.172000 -0.401459
v -0.169458 2.112000 -0.407962
v -0.182366 2.068077 -0.425729
v -0.200000 2.275923 -0.420000
v -0.200000 2.232000 -0.398038
v -0.200000 2.172000 -0.390000
v -0.200000 2.112000 -0.398038
v -0.200000 2.068077 -0.420000
v -0.217634 2.275923 -0.425729
v -0.230542 2.232000 -0.407962
v -0.235267 2.172000 -0.401459
v -0.230542 2.112000 -0.407962
v -0.217634 2.068077 -0.425729
v -0.200000 2.052000 -0.450000
v -0.228532 2.275923 -0.440729
v -0.249418 2.232000 -0.433943
v -0.257063 2.172000 -0.431459
v -0.249418 2.112000 -0.433943
v -0.228532 2.068077 -0.440729
v -0.200000 2.292000 -0.450000
v -0.228532 2.275923 -0.459271
v -0.249418 2.232000 -0.466057
v -0.257063 2.172000 -0.468541
v -0.249418 2.112000 -0.466057
v -0.228532 2.068077 -0.459271
v -0.217634 2.275923 -0.474270
v -0.230542 2.232000 -0.492038
v -0.235267 2.172000 -0.498541
v -0.230542 2.112000 -0.492038
v -0.217634 2.068077 -0.474270
v -0.200000 2.275923 -0.480000
v -0.200000 2.232000 -0.501962
v -0.200000 2.172000 -0.510000
v -0.200000 2.112000 -0.501962
v -0.200000 2.068077 -0.480000
v 0.217634 2.275923 -0.474270
v 0.230542 2.232000 -0.492038
v 0.235267 2.172000 -0.498541
v 0.230542 2.112000 -0.492038
v 0.217634 2.068077 -0.474270
v 0.228532 2.275923 -0.459271
v 0.249418 2.232000 -0.466057
v 0.257063 2.172000 -0.468541
v 0.249418 2.112000 -0.466057
v 0.228532 2.068077 -0.459271
v 0.228532 2.275923 -0.440729
v 0.249418 2.232000 -0.433943
v 0.257063 2.172000 -0.431459
v 0.249418 2.112000 -0.433943
v 0.228532 2.068077 -0.440729
v 0.217634 2.275923 -0.425729
v 0.230542 2.232000 -0.407962
v 0.235267 2.172000 -0.401459
v 0.230542 2.112000 -0.407962
v 0.217634 2.068077 -0.425729
v 0.200000 2.275923 -0.420000
v 0.200000 2.232000 -0.398038
v 0.200000 2.172000 -0.390000
v 0.200000 2.112000 -0.398038
v 0.200000 2.068077 -0.420000
v 0.182366 2.275923 -0.425729
v 0.169458 2.232000 -0.407962
v 0.164733 2.172000 -0.401459
v 0.169458 2.112000 -0.407962
v 0.182366 2.068077 -0.425729
v 0.200000 2.052000 -0.450000
v 0.171468 2.275923 -0.440729
v 0.150582 2.232000 -0.433943
v 0.142937 2.172000 -0.431459
v 0.150582 2.112000 -0.433943
v 0.171468 2.068077 -0.440729
v 0.200000 2.292000 -0.450000
v 0.171468 2.275923 -0.459271
v 0.150582 2.232000 -0.466057
v 0.142937 2.172000 -0.468541
v 0.150582 2.112000 -0.466057
v 0.171468 2.068077 -0.459271
v 0.182366 2.275923 -0.474270
v 0.169458 2.232000 -0.492038
v 0.164733 2.172000 -0.498541
v 0.169458 2.112000 -0.492038
v 0.182366 2.068077 -0.474270
v 0.200000 2.275923 -0.480000
v 0.200000 2.232000 -0.501962
v 0.200000 2.172000 -0.510000
v 0.200000 2.112000 -0.501962
v 0.200000 2.068077 -0.480000
v 0.467634 2.275923 -0.474270
v 0.480542 2.232000 -0.492038
v 0.485267 2.172000 -0.498541
v 0.480542 2.112000 -0.492038
v 0.467634 2.068077 -0.474270
v 0.478532 2.275923 -0.459271
v 0.499418 2.232000 -0.466057
v 0.507063 2.172000 -0.468541
v 0.499418 2.112000 -0.466057
v 0.478532 2.068077 -0.459271
v 0.478532 2.275923 -0.440729
v 0.499418 2.232000 -0.433943
v 0.507063 2.172000 -0.431459
v 0.499418 2.112000 -0.433943
v 0.478532 2.068077 -0.440729
v 0.467634 2.275923 -0.425729
v 0.480542 2.232000 -0.407962
v 0.485267 2.172000 -0.401459
v 0.480542 2.112000 -0.407962
v 0.467634 2.068077 -0.425729
v 0.450000 2.275923 -0.420000
v 0.450000 2.232000 -0.398038
v 0.450000 2.172000 -0.390000
v 0.450000 2.112000 -0.398038
v 0.450000 2.068077 -0.420000
v 0.432366 2.275923 -0.425729
v 0.419458 2.232000 -0.407962
v 0.414733 2.172000 -0.401459
v 0.419458 2.112000 -0.407962
v 0.432366 2.068077 -0.425729
v 0.450000 2.052000 -0.450000
v 0.421468 2.275923 -0.440729
v 0.400582 2.232000 -0.433943
v 0.392937 2.172000 -0.431459
v 0.400582 2.112000 -0.433943
v 0.421468 2.068077 -0.440729
v 0.450000 2.292000 -0.450000
v 0.421468 2.275923 -0.459271
v 0.400582 2.232000 -0.466057
v 0.392937 2.172000 -0.468541
v 0.400582 2.112000 -0.466057
v 0.421468 2.068077 -0.459271
v 0.432366 2.275923 -0.474270
v 0.419458 2.232000 -0.492038
v 0.414733 2.172000 -0.498541
v 0.419458 2.112000 -0.492038
v 0.432366 2.068077 -0.474270
v 0.450000 2.275923 -0.480000
v 0.450000 2.232000 -0.501962
v 0.450000 2.172000 -0.510000
v 0.450000 2.112000 -0.501962
v 0.450000 2.068077 -0.480000
v -1.135305 1.046602 -0.870225
v -1.124548 1.010000 -0.885031
v -1.120611 0.960000 -0.890451
v -1.124548 0.910000 -0.885031
v -1.135305 0.873397 -0.870225
v -1.126224 1.046602 -0.857725
v -1.108818 1.010000 -0.863381
v -1.102447 0.960000 -0.865451
v -1.108818 0.910000 -0.863381
v -1.126224 0.873397 -0.857725
v -1.126224 1.046602 -0.842275
v -1.108818 1.010000 -0.836619
v -1.102447 0.960000 -0.834549
v -1.108818 0.910000 -0.836619
v -1.126224 0.873397 -0.842275
v -1.135305 1.046602 -0.829775
v -1.124548 1.010000 -0.814969
v -1.120611 0.960000 -0.809549
v -1.124548 0.910000 -0.814969
v -1.135305 0.873397 -0.829775
v -1.150000 1.046602 -0.825000
v -1.150000 1.010000 -0.806699
v -1.150000 0.960000 -0.800000
v -1.150000 0.910000 -0.806699
v -1.150000 0.873397 -0.825000
v -1.164695 1.046602 -0.829775
v -1.175452 1.010000 -0.814969
v -1.179389 0.960000 -0.809549
v -1.175452 0.910000 -0.814969
v -1.164695 0.873397 -0.829775
v -1.150000 1.060000 -0.850000
v -1.173776 1.046602 -0.842275
v -1.191182 1.010000 -0.836619
v -1.197553 0.960000 -0.834549
v -1.191182 0.910000 -0.836619
v -1.173776 0.873397 -0.842275
v -1.150000 0.860000 -0.850000
v -1.173776 1.046602 -0.857725
v -1.191182 1.010000 -0.863381
v -1.197553 0.960000 -0.865451
v -1.191182 0.910000 -0.863381
v -1.173776 0.873397 -0.857725
v -1.164695 1.046602 -0.870225
v -1.175452 1.010000 -0.885031
v -1.179389 0.960000 -0.890451
v -1.175452 0.910000 -0.885031
v -1.164695 0.873397 -0.870225
v -1.150000 1.046602 -0.875000
v -1.150000 1.010000 -0.893301
v -1.150000 0.960000 -0.900000
v -1.150000 0.910000 -0.893301
v -1.150000 0.873397 -0.875000
v -0.935305 1.046602 -0.870225
v -0.924548 1.010000 -0.885031
v -0.920611 0.960000 -0.890451
v -0.924548 0.910000 -0.885031
v -0.935305 0.873397 -0.870225
v -0.926224 1.046602 -0.857725
v -0.908818 1.010000 -0.863381
v -0.902447 0.960000 -0.865451
v -0.908818 0.910000 -0.863381
v -0.926224 0.873397 -0.857725
v -0.926224 1.046602 -0.842275
v -0.908818 1.010000 -0.836619
v -0.902447 0.960000 -0.834549
v -0.908818 0.910000 -0.836619
v -0.926224 0.873397 -0.842275
v -0.935305 1.046602 -0.829775
v -0.924548 1.010000 -0.814969
v -0.920611 0.960000 -0.809549
v -0.924548 0.910000 -0.814969
v -0.935305 0.873397 -0.829775
v -0.950000 1.046602 -0.825000
v -0.950000 1.010000 -0.806699
v -0.950000 0.960000 -0.800000
v -0.950000 0.910000 -0.806699
v -0.950000 0.873397 -0.825000
v -0.964695 1.046602 -0.829775
v -0.975452 1.010000 -0.814969
v -0.979389 0.960000 -0.809549
v -0.975452 0.910000 -0.814969
v -0.964695 0.873397 -0.829775
v -0.950000 1.060000 -0.850000
v -0.973776 1.046602 -0.842275
v -0.991182 1.010000 -0.836619
v -0.997553 0.960000 -0.834549
v -0.991182 0.910000 -0.836619
v -0.973776 0.873397 -0.842275
v -0.950000 0.860000 -0.850000
v -0.973776 1.046602 -0.857725
v -0.991182 1.010000 -0.863381
v -0.997553 0.960000 -0.865451
v -0.991182 0.910000 -0.863381
v -0.973776 0.873397 -0.857725
v -0.964695 1.046602 -0.870225
v -0.975452 1.010000 -0.885031
v -0.979389 0.960000 -0.890451
v -0.975452 0.910000 -0.885031
v -0.964695 0.873397 -0.870225
v -0.950000 1.046602 -0.875000
v -0.950000 1.010000 -0.893301
v -0.950000 0.960000 -0.900000
v -0.950000 0.910000 -0.893301
v -0.950000 0.873397 -0.875000
v -0.735305 1.046602 -0.870225
v -0.724548 1.010000 -0.885031
v -0.720611 0.960000 -0.890451
v -0.724548 0.910000 -0.885031
v -0.735305 0.873397 -0.870225
v -0.726224 1.046602 -0.857725
v -0.708818 1.010000 -0.863381
v -0.702447 0.960000 -0.865451
v -0.708818 0.910000 -0.863381
v -0.726224 0.873397 -0.857725
v -0.726224 1.046602 -0.842275
v -0.708818 1.010000 -0.836619
v -0.702447 0.960000 -0.834549
v -0.708818 0.910000 -0.836619
v -0.726224 0.873397 -0.842275
v -0.735305 1.046602 -0.829775
v -0.724548 1.010000 -0.814969
v -0.720611 0.960000 -0.809549
v -0.724548 0.910000 -0.814969
v -0.735305 0.873397 -0.829775
v -0.750000 1.046602 -0.825000
v -0.750000 1.010000 -0.806699
v -0.750000 0.960000 -0.800000
v -0.750000 0.910000 -0.806699
v -0.750000 0.873397 -0.825000
v -0.764695 1.046602 -0.829775
v -0.775452 1.010000 -0.814969
v -0.779389 0.960000 -0.809549
v -0.775452 0.910000 -0.814969
v -0.764695 0.873397 -0.829775
v -0.750000 1.060000 -0.850000
v -0.773776 1.046602 -0.842275
v -0.791182 1.010000 -0.836619
v -0.797553 0.960000 -0.834549
v -0.791182 0.910000 -0.836619
v -0.773776 0.873397 -0.842275
v -0.750000 0.860000 -0.850000
v -0.773776 1.046602 -0.857725
v -0.791182 1.010000 -0.863381
v -0.797553 0.960000 -0.865451
v -0.791182 0.910000 -0.863381
v -0.773776 0.873397 -0.857725
v -0.764695 1.046602 -0.870225
v -0.775452 1.010000 -0.885031
v -0.779389 0.960000 -0.890451
v -0.775452 0.910000 -0.885031
v -0.764695 0.873397 -0.870225
v -0.750000 1.046602 -0.875000
v -0.750000 1.010000 -0.893301
v -0.750000 0.960000 -0.900000
v -0.750000 0.910000 -0.893301
v -0.750000 0.873397 -0.875000
v -0.690000 2.175000 0.390000
v -0.690000 2.725000 0.390000
v -0.690000 2.175000 0.110000
v -0.690000 2.725000 0.110000
v -0.410000 2.175000 0.390000
v -0.410000 2.725000 0.390000
v -0.410000 2.175000 0.110000
v -0.410000 2.725000 0.110000
v -0.550000 2.675000 0.232000
v -0.550000 3.125000 0.232000
v -0.534412 2.675000 0.241000
v -0.534412 3.125000 0.241000
v -0.534412 2.675000 0.259000
v -0.534412 3.125000 0.259000
v -0.550000 2.675000 0.268000
v -0.550000 3.125000 0.268000
v -0.565588 2.675000 0.259000
v -0.565588 3.125000 0.259000
v -0.565588 2.675000 0.241000
v -0.565588 3.125000 0.241000
v -0.520000 2.920000 0.260000
v -0.520000 3.080000 0.260000
v -0.520000 2.920000 0.240000
v -0.520000 3.080000 0.240000
v -0.240000 2.920000 0.260000
v -0.240000 3.080000 0.260000
v -0.240000 2.920000 0.240000
v -0.240000 3.080000 0.240000
v -0.343817 3.028936 0.212992
v -0.339291 3.016706 0.207862
v -0.337634 3.000000 0.205984
v -0.339291 2.983294 0.207862
v -0.343817 2.971064 0.212992
v -0.339996 3.028936 0.217323
v -0.332673 3.016706 0.215364
v -0.329992 3.000000 0.214646
v -0.332673 2.983294 0.215364
v -0.339996 2.971064 0.217323
v -0.339996 3.028936 0.222677
v -0.332673 3.016706 0.224636
v -0.329992 3.000000 0.225354
v -0.332673 2.983294 0.224636
v -0.339996 2.971064 0.222677
v -0.343817 3.028936 0.227008
v -0.339291 3.016706 0.232138
v -0.337634 3.000000 0.234016
v -0.339291 2.983294 0.232138
v -0.343817 2.971064 0.227008
v -0.350000 3.028936 0.228663
v -0.350000 3.016706 0.235004
v -0.350000 3.000000 0.237325
v -0.350000 2.983294 0.235004
v -0.350000 2.971064 0.228663
v -0.356183 3.028936 0.227008
v -0.360709 3.016706 0.232138
v -0.362366 3.000000 0.234016
v -0.360709 2.983294 0.232138
v -0.356183 2.971064 0.227008
v -0.350000 2.966588 0.220000
v -0.360004 3.028936 0.222677
v -0.367327 3.016706 0.224636
v -0.370008 3.000000 0.225354
v -0.367327 2.983294 0.224636
v -0.360004 2.971064 0.222677
v -0.350000 3.033412 0.220000
v -0.360004 3.028936 0.217323
v -0.367327 3.016706 0.215364
v -0.370008 3.000000 0.214646
v -0.367327 2.983294 0.215364
v -0.360004 2.971064 0.217323
v -0.356183 3.028936 0.212992
v -0.360709 3.016706 0.207862
v -0.362366 3.000000 0.205984
v -0.360709 2.983294 0.207862
v -0.356183 2.971064 0.212992
v -0.350000 3.028936 0.211337
v -0.350000 3.016706 0.204996
v -0.350000 3.000000 0.202675
v -0.350000 2.983294 0.204996
v -0.350000 2.971064 0.211337
v -0.350000 2.949375 0.204250
v -0.338863 2.949375 0.208863
v -0.334250 2.949375 0.220000
v -0.338863 2.949375 0.231137
v -0.350000 2.949375 0.235750
v -0.361137 2.949375 0.231137
v -0.365750 2.949375 0.220000
v -0.361137 2.949375 0.208863
v -0.350000 2.974125 0.220000
v -0.090000 0.140000 -0.670000
v -0.090000 0.960000 -0.670000
v -0.090000 0.140000 -0.730000
v -0.090000 0.960000 -0.730000
v 0.390000 0.140000 -0.670000
v 0.390000 0.960000 -0.670000
v 0.390000 0.140000 -0.730000
v 0.390000 0.960000 -0.730000
v 0.150000 1.160000 -0.730000
v 0.150000 1.160000 -0.670000
v 0.270000 1.127846 -0.730000
v 0.270000 1.127846 -0.670000
v 0.357846 1.040000 -0.730000
v 0.357846 1.040000 -0.670000
v 0.390000 0.920000 -0.730000
v 0.390000 0.920000 -0.670000
v 0.357846 0.800000 -0.730000
v 0.357846 0.800000 -0.670000
v 0.270000 0.712154 -0.730000
v 0.270000 0.712154 -0.670000
v 0.150000 0.680000 -0.730000
v 0.150000 0.680000 -0.670000
v 0.030000 0.712154 -0.730000
v 0.030000 0.712154 -0.670000
v -0.057846 0.800000 -0.730000
v -0.057846 0.800000 -0.670000
v -0.090000 0.920000 -0.730000
v -0.090000 0.920000 -0.670000
v -0.057846 1.040000 -0.730000
v -0.057846 1.040000 -0.670000
v 0.030000 1.127846 -0.730000
v 0.030000 1.127846 -0.670000
v 0.067500 0.524749 -0.777500
v 0.074749 0.500000 -0.784749
v 0.067500 0.475251 -0.777500
v 0.074749 0.524749 -0.760000
v 0.085000 0.500000 -0.760000
v 0.074749 0.475251 -0.760000
v 0.067500 0.524749 -0.742500
v 0.074749 0.500000 -0.735251
v 0.067500 0.475251 -0.742500
v 0.050000 0.524749 -0.735251
v 0.050000 0.500000 -0.725000
v 0.050000 0.475251 -0.735251
v 0.032500 0.524749 -0.742500
v 0.025251 0.500000 -0.735251
v 0.032500 0.475251 -0.742500
v 0.050000 0.465000 -0.760000
v 0.025251 0.524749 -0.760000
v 0.015000 0.500000 -0.760000
v 0.025251 0.475251 -0.760000
v 0.032500 0.524749 -0.777500
v 0.025251 0.500000 -0.784749
v 0.032500 0.475251 -0.777500
v 0.050000 0.535000 -0.760000
v 0.050000 0.524749 -0.784749
v 0.050000 0.500000 -0.795000
v 0.050000 0.475251 -0.784749
v 0.267500 0.524749 -0.777500
v 0.274749 0.500000 -0.784749
v 0.267500 0.475251 -0.777500
v 0.274749 0.524749 -0.760000
v 0.285000 0.500000 -0.760000
v 0.274749 0.475251 -0.760000
v 0.267500 0.524749 -0.742500
v 0.274749 0.500000 -0.735251
v 0.267500 0.475251 -0.742500
v 0.250000 0.524749 -0.735251
v 0.250000 0.500000 -0.725000
v 0.250000 0.475251 -0.735251
v 0.232500 0.524749 -0.742500
v 0.225251 0.500000 -0.735251
v 0.232500 0.475251 -0.742500
v 0.250000 0.465000 -0.760000
v 0.225251 0.524749 -0.760000
v 0.215000 0.500000 -0.760000
v 0.225251 0.475251 -0.760000
v 0.232500 0.524749 -0.777500
v 0.225251 0.500000 -0.784749
v 0.232500 0.475251 -0.777500
v 0.250000 0.535000 -0.760000
v 0.250000 0.524749 -0.784749
v 0.250000 0.500000 -0.795000
v 0.250000 0.475251 -0.784749
v 0.190000 1.156569 -0.780000
v 0.206569 1.100000 -0.796569
v 0.190000 1.043432 -0.780000
v 0.206569 1.156569 -0.740000
v 0.230000 1.100000 -0.740000
v 0.206569 1.043432 -0.740000
v 0.190000 1.156569 -0.700000
v 0.206569 1.100000 -0.683431
v 0.190000 1.043432 -0.700000
v 0.150000 1.156569 -0.683431
v 0.150000 1.100000 -0.660000
v 0.150000 1.043432 -0.683431
v 0.110000 1.156569 -0.700000
v 0.093431 1.100000 -0.683431
v 0.110000 1.043432 -0.700000
v 0.150000 1.020000 -0.740000
v 0.093431 1.156569 -0.740000
v 0.070000 1.100000 -0.740000
v 0.093431 1.043432 -0.740000
v 0.110000 1.156569 -0.780000
v 0.093431 1.100000 -0.796569
v 0.110000 1.043432 -0.780000
v 0.150000 1.180000 -0.740000
v 0.150000 1.156569 -0.796569
v 0.150000 1.100000 -0.820000
v 0.150000 1.043432 -0.796569
v 0.120000 1.070000 -0.770000
v 0.120000 1.130000 -0.770000
v 0.120000 1.070000 -0.790000
v 0.120000 1.130000 -0.790000
v 0.180000 1.070000 -0.770000
v 0.180000 1.130000 -0.770000
v 0.180000 1.070000 -0.790000
v 0.180000 1.130000 -0.790000
v -0.690000 0.567000 -0.675000
v -0.690000 0.833000 -0.675000
v -0.690000 0.567000 -0.725000
v -0.690000 0.833000 -0.725000
v -0.410000 0.567000 -0.675000
v -0.410000 0.833000 -0.675000
v -0.410000 0.567000 -0.725000
v -0.410000 0.833000 -0.725000
v -0.550000 0.946400 -0.725000
v -0.550000 0.946400 -0.675000
v -0.480000 0.927644 -0.725000
v -0.480000 0.927644 -0.675000
v -0.428756 0.876400 -0.725000
v -0.428756 0.876400 -0.675000
v -0.410000 0.806400 -0.725000
v -0.410000 0.806400 -0.675000
v -0.428756 0.736400 -0.725000
v -0.428756 0.736400 -0.675000
v -0.480000 0.685156 -0.725000
v -0.480000 0.685156 -0.675000
v -0.550000 0.666400 -0.725000
v -0.550000 0.666400 -0.675000
v -0.620000 0.685156 -0.725000
v -0.620000 0.685156 -0.675000
v -0.671244 0.736400 -0.725000
v -0.671244 0.736400 -0.675000
v -0.690000 0.806400 -0.725000
v -0.690000 0.806400 -0.675000
v -0.671244 0.876400 -0.725000
v -0.671244 0.876400 -0.675000
v -0.620000 0.927644 -0.725000
v -0.620000 0.927644 -0.675000
v -0.711000 0.538500 -0.677500
v -0.711000 0.861500 -0.677500
v -0.711000 0.538500 -0.702500
v -0.711000 0.861500 -0.702500
v -0.389000 0.538500 -0.677500
v -0.389000 0.861500 -0.677500
v -0.389000 0.538500 -0.702500
v -0.389000 0.861500 -0.702500
v -0.566800 0.557500 -0.686250
v -0.566800 0.842500 -0.686250
v -0.566800 0.557500 -0.713750
v -0.566800 0.842500 -0.713750
v -0.533200 0.557500 -0.686250
v -0.533200 0.842500 -0.686250
v -0.533200 0.557500 -0.713750
v -0.533200 0.842500 -0.713750
v -0.711000 0.451000 -0.710000
v -0.711000 0.531000 -0.710000
v -0.711000 0.451000 -0.810000
v -0.711000 0.531000 -0.810000
v -0.389000 0.451000 -0.710000
v -0.389000 0.531000 -0.710000
v -0.389000 0.451000 -0.810000
v -0.389000 0.531000 -0.810000
v -0.610000 0.553749 -0.824749
v -0.610000 0.529000 -0.835000
v -0.610000 0.504251 -0.824749
v -0.588567 0.553749 -0.812374
v -0.579689 0.529000 -0.817500
v -0.588567 0.504251 -0.812374
v -0.588567 0.553749 -0.787626
v -0.579689 0.529000 -0.782500
v -0.588567 0.504251 -0.787626
v -0.610000 0.553749 -0.775251
v -0.610000 0.529000 -0.765000
v -0.610000 0.504251 -0.775251
v -0.610000 0.494000 -0.800000
v -0.610000 0.564000 -0.800000
v -0.631433 0.553749 -0.787626
v -0.640311 0.529000 -0.782500
v -0.631433 0.504251 -0.787626
v -0.631433 0.553749 -0.812374
v -0.640311 0.529000 -0.817500
v -0.631433 0.504251 -0.812374
v -0.550000 0.553749 -0.824749
v -0.550000 0.529000 -0.835000
v -0.550000 0.504251 -0.824749
v -0.528567 0.553749 -0.812374
v -0.519689 0.529000 -0.817500
v -0.528567 0.504251 -0.812374
v -0.528567 0.553749 -0.787626
v -0.519689 0.529000 -0.782500
v -0.528567 0.504251 -0.787626
v -0.550000 0.553749 -0.775251
v -0.550000 0.529000 -0.765000
v -0.550000 0.504251 -0.775251
v -0.550000 0.494000 -0.800000
v -0.550000 0.564000 -0.800000
v -0.571433 0.553749 -0.787626
v -0.580311 0.529000 -0.782500
v -0.571433 0.504251 -0.787626
v -0.571433 0.553749 -0.812374
v -0.580311 0.529000 -0.817500
v -0.571433 0.504251 -0.812374
v -0.490000 0.553749 -0.824749
v -0.490000 0.529000 -0.835000
v -0.490000 0.504251 -0.824749
v -0.468567 0.553749 -0.812374
v -0.459689 0.529000 -0.817500
v -0.468567 0.504251 -0.812374
v -0.468567 0.553749 -0.787626
v -0.459689 0.529000 -0.782500
v -0.468567 0.504251 -0.787626
v -0.490000 0.553749 -0.775251
v -0.490000 0.529000 -0.765000
v -0.490000 0.504251 -0.775251
v -0.490000 0.494000 -0.800000
v -0.490000 0.564000 -0.800000
v -0.511433 0.553749 -0.787626
v -0.520311 0.529000 -0.782500
v -0.511433 0.504251 -0.787626
v -0.511433 0.553749 -0.812374
v -0.520311 0.529000 -0.817500
v -0.511433 0.504251 -0.812374
v 0.560000 0.567000 -0.675000
v 0.560000 0.833000 -0.675000
v 0.560000 0.567000 -0.725000
v 0.560000 0.833000 -0.725000
v 0.840000 0.567000 -0.675000
v 0.840000 0.833000 -0.675000
v 0.840000 0.567000 -0.725000
v 0.840000 0.833000 -0.725000
v 0.700000 0.946400 -0.725000
v 0.700000 0.946400 -0.675000
v 0.770000 0.927644 -0.725000
v 0.770000 0.927644 -0.675000
v 0.821244 0.876400 -0.725000
v 0.821244 0.876400 -0.675000
v 0.840000 0.806400 -0.725000
v 0.840000 0.806400 -0.675000
v 0.821244 0.736400 -0.725000
v 0.821244 0.736400 -0.675000
v 0.770000 0.685156 -0.725000
v 0.770000 0.685156 -0.675000
v 0.700000 0.666400 -0.725000
v 0.700000 0.666400 -0.675000
v 0.630000 0.685156 -0.725000
v 0.630000 0.685156 -0.675000
v 0.578756 0.736400 -0.725000
v 0.578756 0.736400 -0.675000
v 0.560000 0.806400 -0.725000
v 0.560000 0.806400 -0.675000
v 0.578756 0.876400 -0.725000
v 0.578756 0.876400 -0.675000
v 0.630000 0.927644 -0.725000
v 0.630000 0.927644 -0.675000
v 0.539000 0.538500 -0.677500
v 0.539000 0.861500 -0.677500
v 0.539000 0.538500 -0.702500
v 0.539000 0.861500 -0.702500
v 0.861000 0.538500 -0.677500
v 0.861000 0.861500 -0.677500
v 0.861000 0.538500 -0.702500
v 0.861000 0.861500 -0.702500
v 0.683200 0.557500 -0.686250
v 0.683200 0.842500 -0.686250
v 0.683200 0.557500 -0.713750
v 0.683200 0.842500 -0.713750
v 0.716800 0.557500 -0.686250
v 0.716800 0.842500 -0.686250
v 0.716800 0.557500 -0.713750
v 0.716800 0.842500 -0.713750
v 0.539000 0.451000 -0.710000
v 0.539000 0.531000 -0.710000
v 0.539000 0.451000 -0.810000
v 0.539000 0.531000 -0.810000
v 0.861000 0.451000 -0.710000
v 0.861000 0.531000 -0.710000
v 0.861000 0.451000 -0.810000
v 0.861000 0.531000 -0.810000
v 0.640000 0.553749 -0.824749
v 0.640000 0.529000 -0.835000
v 0.640000 0.504251 -0.824749
v 0.661433 0.553749 -0.812374
v 0.670311 0.529000 -0.817500
v 0.661433 0.504251 -0.812374
v 0.661433 0.553749 -0.787626
v 0.670311 0.529000 -0.782500
v 0.661433 0.504251 -0.787626
v 0.640000 0.553749 -0.775251
v 0.640000 0.529000 -0.765000
v 0.640000 0.504251 -0.775251
v 0.640000 0.494000 -0.800000
v 0.640000 0.564000 -0.800000
v 0.618567 0.553749 -0.787626
v 0.609689 0.529000 -0.782500
v 0.618567 0.504251 -0.787626
v 0.618567 0.553749 -0.812374
v 0.609689 0.529000 -0.817500
v 0.618567 0.504251 -0.812374
v 0.700000 0.553749 -0.824749
v 0.700000 0.529000 -0.835000
v 0.700000 0.504251 -0.824749
v 0.721433 0.553749 -0.812374
v 0.730311 0.529000 -0.817500
v 0.721433 0.504251 -0.812374
v 0.721433 0.553749 -0.787626
v 0.730311 0.529000 -0.782500
v 0.721433 0.504251 -0.787626
v 0.700000 0.553749 -0.775251
v 0.700000 0.529000 -0.765000
v 0.700000 0.504251 -0.775251
v 0.700000 0.494000 -0.800000
v 0.700000 0.564000 -0.800000
v 0.678567 0.553749 -0.787626
v 0.669689 0.529000 -0.782500
v 0.678567 0.504251 -0.787626
v 0.678567 0.553749 -0.812374
v 0.669689 0.529000 -0.817500
v 0.678567 0.504251 -0.812374
v 0.760000 0.553749 -0.824749
v 0.760000 0.529000 -0.835000
v 0.760000 0.504251 -0.824749
v 0.781433 0.553749 -0.812374
v 0.790311 0.529000 -0.817500
v 0.781433 0.504251 -0.812374
v 0.781433 0.553749 -0.787626
v 0.790311 0.529000 -0.782500
v 0.781433 0.504251 -0.787626
v 0.760000 0.553749 -0.775251
v 0.760000 0.529000 -0.765000
v 0.760000 0.504251 -0.775251
v 0.760000 0.494000 -0.800000
v 0.760000 0.564000 -0.800000
v 0.738567 0.553749 -0.787626
v 0.729689 0.529000 -0.782500
v 0.738567 0.504251 -0.787626
v 0.738567 0.553749 -0.812374
v 0.729689 0.529000 -0.817500
v 0.738567 0.504251 -0.812374
v -0.630000 1.424000 -0.525000
v -0.630000 1.676000 -0.525000
v -0.630000 1.424000 -0.575000
v -0.630000 1.676000 -0.575000
v -0.370000 1.424000 -0.525000
v -0.370000 1.676000 -0.525000
v -0.370000 1.424000 -0.575000
v -0.370000 1.676000 -0.575000
v -0.500000 1.780800 -0.575000
v -0.500000 1.780800 -0.525000
v -0.435000 1.763383 -0.575000
v -0.435000 1.763383 -0.525000
v -0.387417 1.715800 -0.575000
v -0.387417 1.715800 -0.525000
v -0.370000 1.650800 -0.575000
v -0.370000 1.650800 -0.525000
v -0.387417 1.585800 -0.575000
v -0.387417 1.585800 -0.525000
v -0.435000 1.538217 -0.575000
v -0.435000 1.538217 -0.525000
v -0.500000 1.520800 -0.575000
v -0.500000 1.520800 -0.525000
v -0.565000 1.538217 -0.575000
v -0.565000 1.538217 -0.525000
v -0.612583 1.585800 -0.575000
v -0.612583 1.585800 -0.525000
v -0.630000 1.650800 -0.575000
v -0.630000 1.650800 -0.525000
v -0.612583 1.715800 -0.575000
v -0.612583 1.715800 -0.525000
v -0.565000 1.763383 -0.575000
v -0.565000 1.763383 -0.525000
v -0.649500 1.397000 -0.527500
v -0.649500 1.703000 -0.527500
v -0.649500 1.397000 -0.552500
v -0.649500 1.703000 -0.552500
v -0.350500 1.397000 -0.527500
v -0.350500 1.703000 -0.527500
v -0.350500 1.397000 -0.552500
v -0.350500 1.703000 -0.552500
v -0.515600 1.415000 -0.536250
v -0.515600 1.685000 -0.536250
v -0.515600 1.415000 -0.563750
v -0.515600 1.685000 -0.563750
v -0.484400 1.415000 -0.536250
v -0.484400 1.685000 -0.536250
v -0.484400 1.415000 -0.563750
v -0.484400 1.685000 -0.563750
v -0.649500 1.312000 -0.560000
v -0.649500 1.392000 -0.560000
v -0.649500 1.312000 -0.660000
v -0.649500 1.392000 -0.660000
v -0.350500 1.312000 -0.560000
v -0.350500 1.392000 -0.560000
v -0.350500 1.312000 -0.660000
v -0.350500 1.392000 -0.660000
v -0.560000 1.412749 -0.674749
v -0.560000 1.388000 -0.685000
v -0.560000 1.363251 -0.674749
v -0.538567 1.412749 -0.662374
v -0.529689 1.388000 -0.667500
v -0.538567 1.363251 -0.662374
v -0.538567 1.412749 -0.637626
v -0.529689 1.388000 -0.632500
v -0.538567 1.363251 -0.637626
v -0.560000 1.412749 -0.625251
v -0.560000 1.388000 -0.615000
v -0.560000 1.363251 -0.625251
v -0.560000 1.353000 -0.650000
v -0.560000 1.423000 -0.650000
v -0.581433 1.412749 -0.637626
v -0.590311 1.388000 -0.632500
v -0.581433 1.363251 -0.637626
v -0.581433 1.412749 -0.662374
v -0.590311 1.388000 -0.667500
v -0.581433 1.363251 -0.662374
v -0.500000 1.412749 -0.674749
v -0.500000 1.388000 -0.685000
v -0.500000 1.363251 -0.674749
v -0.478567 1.412749 -0.662374
v -0.469689 1.388000 -0.667500
v -0.478567 1.363251 -0.662374
v -0.478567 1.412749 -0.637626
v -0.469689 1.388000 -0.632500
v -0.478567 1.363251 -0.637626
v -0.500000 1.412749 -0.625251
v -0.500000 1.388000 -0.615000
v -0.500000 1.363251 -0.625251
v -0.500000 1.353000 -0.650000
v -0.500000 1.423000 -0.650000
v -0.521433 1.412749 -0.637626
v -0.530311 1.388000 -0.632500
v -0.521433 1.363251 -0.637626
v -0.521433 1.412749 -0.662374
v -0.530311 1.388000 -0.667500
v -0.521433 1.363251 -0.662374
v -0.440000 1.412749 -0.674749
v -0.440000 1.388000 -0.685000
v -0.440000 1.363251 -0.674749
v -0.418567 1.412749 -0.662374
v -0.409689 1.388000 -0.667500
v -0.418567 1.363251 -0.662374
v -0.418567 1.412749 -0.637626
v -0.409689 1.388000 -0.632500
v -0.418567 1.363251 -0.637626
v -0.440000 1.412749 -0.625251
v -0.440000 1.388000 -0.615000
v -0.440000 1.363251 -0.625251
v -0.440000 1.353000 -0.650000
v -0.440000 1.423000 -0.650000
v -0.461433 1.412749 -0.637626
v -0.470311 1.388000 -0.632500
v -0.461433 1.363251 -0.637626
v -0.461433 1.412749 -0.662374
v -0.470311 1.388000 -0.667500
v -0.461433 1.363251 -0.662374
v 0.270000 1.424000 -0.525000
v 0.270000 1.676000 -0.525000
v 0.270000 1.424000 -0.575000
v 0.270000 1.676000 -0.575000
v 0.530000 1.424000 -0.525000
v 0.530000 1.676000 -0.525000
v 0.530000 1.424000 -0.575000
v 0.530000 1.676000 -0.575000
v 0.400000 1.780800 -0.575000
v 0.400000 1.780800 -0.525000
v 0.465000 1.763383 -0.575000
v 0.465000 1.763383 -0.525000
v 0.512583 1.715800 -0.575000
v 0.512583 1.715800 -0.525000
v 0.530000 1.650800 -0.575000
v 0.530000 1.650800 -0.525000
v 0.512583 1.585800 -0.575000
v 0.512583 1.585800 -0.525000
v 0.465000 1.538217 -0.575000
v 0.465000 1.538217 -0.525000
v 0.400000 1.520800 -0.575000
v 0.400000 1.520800 -0.525000
v 0.335000 1.538217 -0.575000
v 0.335000 1.538217 -0.525000
v 0.287417 1.585800 -0.575000
v 0.287417 1.585800 -0.525000
v 0.270000 1.650800 -0.575000
v 0.270000 1.650800 -0.525000
v 0.287417 1.715800 -0.575000
v 0.287417 1.715800 -0.525000
v 0.335000 1.763383 -0.575000
v 0.335000 1.763383 -0.525000
v 0.250500 1.397000 -0.527500
v 0.250500 1.703000 -0.527500
v 0.250500 1.397000 -0.552500
v 0.250500 1.703000 -0.552500
v 0.549500 1.397000 -0.527500
v 0.549500 1.703000 -0.527500
v 0.549500 1.397000 -0.552500
v 0.549500 1.703000 -0.552500
v 0.384400 1.415000 -0.536250
v 0.384400 1.685000 -0.536250
v 0.384400 1.415000 -0.563750
v 0.384400 1.685000 -0.563750
v 0.415600 1.415000 -0.536250
v 0.415600 1.685000 -0.536250
v 0.415600 1.415000 -0.563750
v 0.415600 1.685000 -0.563750
v 0.250500 1.312000 -0.560000
v 0.250500 1.392000 -0.560000
v 0.250500 1.312000 -0.660000
v 0.250500 1.392000 -0.660000
v 0.549500 1.312000 -0.560000
v 0.549500 1.392000 -0.560000
v 0.549500 1.312000 -0.660000
v 0.549500 1.392000 -0.660000
v 0.340000 1.412749 -0.674749
v 0.340000 1.388000 -0.685000
v 0.340000 1.363251 -0.674749
v 0.361433 1.412749 -0.662374
v 0.370311 1.388000 -0.667500
v 0.361433 1.363251 -0.662374
v 0.361433 1.412749 -0.637626
v 0.370311 1.388000 -0.632500
v 0.361433 1.363251 -0.637626
v 0.340000 1.412749 -0.625251
v 0.340000 1.388000 -0.615000
v 0.340000 1.363251 -0.625251
v 0.340000 1.353000 -0.650000
v 0.340000 1.423000 -0.650000
v 0.318567 1.412749 -0.637626
v 0.309689 1.388000 -0.632500
v 0.318567 1.363251 -0.637626
v 0.318567 1.412749 -0.662374
v 0.309689 1.388000 -0.667500
v 0.318567 1.363251 -0.662374
v 0.400000 1.412749 -0.674749
v 0.400000 1.388000 -0.685000
v 0.400000 1.363251 -0.674749
v 0.421433 1.412749 -0.662374
v 0.430311 1.388000 -0.667500
v 0.421433 1.363251 -0.662374
v 0.421433 1.412749 -0.637626
v 0.430311 1.388000 -0.632500
v 0.421433 1.363251 -0.637626
v 0.400000 1.412749 -0.625251
v 0.400000 1.388000 -0.615000
v 0.400000 1.363251 -0.625251
v 0.400000 1.353000 -0.650000
v 0.400000 1.423000 -0.650000
v 0.378567 1.412749 -0.637626
v 0.369689 1.388000 -0.632500
v 0.378567 1.363251 -0.637626
v 0.378567 1.412749 -0.662374
v 0.369689 1.388000 -0.667500
v 0.378567 1.363251 -0.662374
v 0.460000 1.412749 -0.674749
v 0.460000 1.388000 -0.685000
v 0.460000 1.363251 -0.674749
v 0.481433 1.412749 -0.662374
v 0.490311 1.388000 -0.667500
v 0.481433 1.363251 -0.662374
v 0.481433 1.412749 -0.637626
v 0.490311 1.388000 -0.632500
v 0.481433 1.363251 -0.637626
v 0.460000 1.412749 -0.625251
v 0.460000 1.388000 -0.615000
v 0.460000 1.363251 -0.625251
v 0.460000 1.353000 -0.650000
v 0.460000 1.423000 -0.650000
v 0.438567 1.412749 -0.637626
v 0.429689 1.388000 -0.632500
v 0.438567 1.363251 -0.637626
v 0.438567 1.412749 -0.662374
v 0.429689 1.388000 -0.667500
v 0.438567 1.363251 -0.662374
v -1.060000 0.588000 -0.825000
v -1.060000 0.812000 -0.825000
v -1.060000 0.588000 -0.875000
v -1.060000 0.812000 -0.875000
v -0.840000 0.588000 -0.825000
v -0.840000 0.812000 -0.825000
v -0.840000 0.588000 -0.875000
v -0.840000 0.812000 -0.875000
v -0.950000 0.899600 -0.875000
v -0.950000 0.899600 -0.825000
v -0.895000 0.884863 -0.875000
v -0.895000 0.884863 -0.825000
v -0.854737 0.844600 -0.875000
v -0.854737 0.844600 -0.825000
v -0.840000 0.789600 -0.875000
v -0.840000 0.789600 -0.825000
v -0.854737 0.734600 -0.875000
v -0.854737 0.734600 -0.825000
v -0.895000 0.694337 -0.875000
v -0.895000 0.694337 -0.825000
v -0.950000 0.679600 -0.875000
v -0.950000 0.679600 -0.825000
v -1.005000 0.694337 -0.875000
v -1.005000 0.694337 -0.825000
v -1.045263 0.734600 -0.875000
v -1.045263 0.734600 -0.825000
v -1.060000 0.789600 -0.875000
v -1.060000 0.789600 -0.825000
v -1.045263 0.844600 -0.875000
v -1.045263 0.844600 -0.825000
v -1.005000 0.884863 -0.875000
v -1.005000 0.884863 -0.825000
v -1.076500 0.564000 -0.827500
v -1.076500 0.836000 -0.827500
v -1.076500 0.564000 -0.852500
v -1.076500 0.836000 -0.852500
v -0.823500 0.564000 -0.827500
v -0.823500 0.836000 -0.827500
v -0.823500 0.564000 -0.852500
v -0.823500 0.836000 -0.852500
v -0.963200 0.580000 -0.836250
v -0.963200 0.820000 -0.836250
v -0.963200 0.580000 -0.863750
v -0.963200 0.820000 -0.863750
v -0.936800 0.580000 -0.836250
v -0.936800 0.820000 -0.836250
v -0.936800 0.580000 -0.863750
v -0.936800 0.820000 -0.863750
v -1.076500 0.484000 -0.860000
v -1.076500 0.564000 -0.860000
v -1.076500 0.484000 -0.960000
v -1.076500 0.564000 -0.960000
v -0.823500 0.484000 -0.860000
v -0.823500 0.564000 -0.860000
v -0.823500 0.484000 -0.960000
v -0.823500 0.564000 -0.960000
v -1.010000 0.580749 -0.974749
v -1.010000 0.556000 -0.985000
v -1.010000 0.531251 -0.974749
v -0.988567 0.580749 -0.962374
v -0.979689 0.556000 -0.967500
v -0.988567 0.531251 -0.962374
v -0.988567 0.580749 -0.937626
v -0.979689 0.556000 -0.932500
v -0.988567 0.531251 -0.937626
v -1.010000 0.580749 -0.925251
v -1.010000 0.556000 -0.915000
v -1.010000 0.531251 -0.925251
v -1.010000 0.521000 -0.950000
v -1.010000 0.591000 -0.950000
v -1.031433 0.580749 -0.937626
v -1.040311 0.556000 -0.932500
v -1.031433 0.531251 -0.937626
v -1.031433 0.580749 -0.962374
v -1.040311 0.556000 -0.967500
v -1.031433 0.531251 -0.962374
v -0.950000 0.580749 -0.974749
v -0.950000 0.556000 -0.985000
v -0.950000 0.531251 -0.974749
v -0.928567 0.580749 -0.962374
v -0.919689 0.556000 -0.967500
v -0.928567 0.531251 -0.962374
v -0.928567 0.580749 -0.937626
v -0.919689 0.556000 -0.932500
v -0.928567 0.531251 -0.937626
v -0.950000 0.580749 -0.925251
v -0.950000 0.556000 -0.915000
v -0.950000 0.531251 -0.925251
v -0.950000 0.521000 -0.950000
v -0.950000 0.591000 -0.950000
v -0.971433 0.580749 -0.937626
v -0.980311 0.556000 -0.932500
v -0.971433 0.531251 -0.937626
v -0.971433 0.580749 -0.962374
v -0.980311 0.556000 -0.967500
v -0.971433 0.531251 -0.962374
v -0.890000 0.580749 -0.974749
v -0.890000 0.556000 -0.985000
v -0.890000 0.531251 -0.974749
v -0.868567 0.580749 -0.962374
v -0.859689 0.556000 -0.967500
v -0.868567 0.531251 -0.962374
v -0.868567 0.580749 -0.937626
v -0.859689 0.556000 -0.932500
v -0.868567 0.531251 -0.937626
v -0.890000 0.580749 -0.925251
v -0.890000 0.556000 -0.915000
v -0.890000 0.531251 -0.925251
v -0.890000 0.521000 -0.950000
v -0.890000 0.591000 -0.950000
v -0.911433 0.580749 -0.937626
v -0.920311 0.556000 -0.932500
v -0.911433 0.531251 -0.937626
v -0.911433 0.580749 -0.962374
v -0.920311 0.556000 -0.967500
v -0.911433 0.531251 -0.962374
v 0.470000 0.470000 -0.705000
v 0.470000 0.630000 -0.705000
v 0.470000 0.470000 -0.735000
v 0.470000 0.630000 -0.735000
v 0.630000 0.470000 -0.705000
v 0.630000 0.630000 -0.705000
v 0.630000 0.470000 -0.735000
v 0.630000 0.630000 -0.735000
v 0.556870 0.582151 -0.767787
v 0.561899 0.568563 -0.773487
v 0.563739 0.550000 -0.775574
v 0.561899 0.531438 -0.773487
v 0.556870 0.517849 -0.767787
v 0.561116 0.582151 -0.762974
v 0.569253 0.568563 -0.765152
v 0.572231 0.550000 -0.765949
v 0.569253 0.531438 -0.765152
v 0.561116 0.517849 -0.762974
v 0.561116 0.582151 -0.757026
v 0.569253 0.568563 -0.754848
v 0.572231 0.550000 -0.754051
v 0.569253 0.531438 -0.754848
v 0.561116 0.517849 -0.757026
v 0.556870 0.582151 -0.752213
v 0.561899 0.568563 -0.746513
v 0.563739 0.550000 -0.744426
v 0.561899 0.531438 -0.746513
v 0.556870 0.517849 -0.752213
v 0.550000 0.582151 -0.750375
v 0.550000 0.568563 -0.743329
v 0.550000 0.550000 -0.740750
v 0.550000 0.531438 -0.743329
v 0.550000 0.517849 -0.750375
v 0.543130 0.582151 -0.752213
v 0.538101 0.568563 -0.746513
v 0.536261 0.550000 -0.744426
v 0.538101 0.531438 -0.746513
v 0.543130 0.517849 -0.752213
v 0.550000 0.587125 -0.760000
v 0.538885 0.582151 -0.757026
v 0.530747 0.568563 -0.754848
v 0.527769 0.550000 -0.754051
v 0.530747 0.531438 -0.754848
v 0.538885 0.517849 -0.757026
v 0.550000 0.512875 -0.760000
v 0.538885 0.582151 -0.762974
v 0.530747 0.568563 -0.765152
v 0.527769 0.550000 -0.765949
v 0.530747 0.531438 -0.765152
v 0.538885 0.517849 -0.762974
v 0.543130 0.582151 -0.767787
v 0.538101 0.568563 -0.773487
v 0.536260 0.550000 -0.775574
v 0.538101 0.531438 -0.773487
v 0.543130 0.517849 -0.767787
v 0.550000 0.582151 -0.769625
v 0.550000 0.568563 -0.776671
v 0.550000 0.550000 -0.779250
v 0.550000 0.531438 -0.776671
v 0.550000 0.517849 -0.769625
v 0.550000 0.493750 -0.777500
v 0.562374 0.493750 -0.772374
v 0.567500 0.493750 -0.760000
v 0.562374 0.493750 -0.747626
v 0.550000 0.493750 -0.742500
v 0.537626 0.493750 -0.747626
v 0.532500 0.493750 -0.760000
v 0.537626 0.493750 -0.772374
v 0.550000 0.521250 -0.760000
v 0.810000 0.790000 -0.680000
v 0.810000 0.910000 -0.680000
v 0.810000 0.790000 -0.760000
v 0.810000 0.910000 -0.760000
v 0.890000 0.790000 -0.680000
v 0.890000 0.910000 -0.680000
v 0.890000 0.790000 -0.760000
v 0.890000 0.910000 -0.760000
v 0.850000 0.885355 -0.755355
v 0.850000 0.850000 -0.770000
v 0.850000 0.814645 -0.755355
v 0.880619 0.885355 -0.737678
v 0.893301 0.850000 -0.745000
v 0.880619 0.814645 -0.737678
v 0.880619 0.885355 -0.702322
v 0.893301 0.850000 -0.695000
v 0.880619 0.814645 -0.702322
v 0.850000 0.885355 -0.684645
v 0.850000 0.850000 -0.670000
v 0.850000 0.814645 -0.684645
v 0.850000 0.800000 -0.720000
v 0.850000 0.900000 -0.720000
v 0.819381 0.885355 -0.702322
v 0.806699 0.850000 -0.695000
v 0.819381 0.814645 -0.702322
v 0.819381 0.885355 -0.737678
v 0.806699 0.850000 -0.745000
v 0.819381 0.814645 -0.737678
v -0.700000 0.037600 -1.202420
v -0.700000 0.002400 -1.202420
v -0.644000 0.050484 -1.126210
v -0.603005 0.037600 -1.182000
v -0.588000 0.020000 -1.202420
v -0.603005 0.002400 -1.182000
v -0.644000 -0.010484 -1.126210
v -0.603005 0.050484 -1.094000
v -0.532000 0.037600 -1.126210
v -0.506010 0.020000 -1.138000
v -0.532000 0.002400 -1.126210
v -0.603005 -0.010484 -1.094000
v -0.588000 0.050484 -1.050000
v -0.506010 0.037600 -1.050000
v -0.476000 0.020000 -1.050000
v -0.506010 0.002400 -1.050000
v -0.588000 -0.010484 -1.050000
v -0.603005 0.050484 -1.006000
v -0.532000 0.037600 -0.973790
v -0.506010 0.020000 -0.962000
v -0.532000 0.002400 -0.973790
v -0.603005 -0.010484 -1.006000
v -0.644000 0.050484 -0.973790
v -0.603005 0.037600 -0.918000
v -0.588000 0.020000 -0.897579
v -0.603005 0.002400 -0.918000
v -0.644000 -0.010484 -0.973790
v -0.700000 0.050484 -0.962000
v -0.700000 0.037600 -0.897579
v -0.700000 0.020000 -0.874000
v -0.700000 0.002400 -0.897579
v -0.700000 -0.010484 -0.962000
v -0.700000 0.055200 -1.050000
v -0.756000 0.050484 -0.973790
v -0.796995 0.037600 -0.918000
v -0.812000 0.020000 -0.897579
v -0.796995 0.002400 -0.918000
v -0.756000 -0.010484 -0.973790
v -0.700000 -0.015200 -1.050000
v -0.796995 0.050484 -1.006000
v -0.868000 0.037600 -0.973790
v -0.893990 0.020000 -0.962000
v -0.868000 0.002400 -0.973790
v -0.796995 -0.010484 -1.006000
v -0.812000 0.050484 -1.050000
v -0.893990 0.037600 -1.050000
v -0.924000 0.020000 -1.050000
v -0.893990 0.002400 -1.050000
v -0.812000 -0.010484 -1.050000
v -0.796995 0.050484 -1.094000
v -0.868000 0.037600 -1.126210
v -0.893990 0.020000 -1.138000
v -0.868000 0.002400 -1.126210
v -0.796995 -0.010484 -1.094000
v -0.756000 0.050484 -1.126210
v -0.796995 0.037600 -1.182000
v -0.812000 0.020000 -1.202420
v -0.796995 0.002400 -1.182000
v -0.756000 -0.010484 -1.126210
v -0.700000 0.050484 -1.138000
v -0.700000 0.020000 -1.226000
v -0.700000 -0.010484 -1.138000
v 0.449000 0.046674 -1.216684
v 0.484870 0.035400 -1.265500
v 0.498000 0.020000 -1.283368
v 0.484870 0.004600 -1.265500
v 0.449000 -0.006674 -1.216684
v 0.484870 0.046674 -1.188500
v 0.547000 0.035400 -1.216684
v 0.569741 0.020000 -1.227000
v 0.547000 0.004600 -1.216684
v 0.484870 -0.006674 -1.188500
v 0.498000 0.046674 -1.150000
v 0.569741 0.035400 -1.150000
v 0.596000 0.020000 -1.150000
v 0.569741 0.004600 -1.150000
v 0.498000 -0.006674 -1.150000
v 0.484870 0.046674 -1.111500
v 0.547000 0.035400 -1.083316
v 0.569741 0.020000 -1.073000
v 0.547000 0.004600 -1.083316
v 0.484870 -0.006674 -1.111500
v 0.449000 0.046674 -1.083316
v 0.484870 0.035400 -1.034500
v 0.498000 0.020000 -1.016632
v 0.484870 0.004600 -1.034500
v 0.449000 -0.006674 -1.083316
v 0.400000 0.046674 -1.073000
v 0.400000 0.035400 -1.016632
v 0.400000 0.020000 -0.996000
v 0.400000 0.004600 -1.016632
v 0.400000 -0.006674 -1.073000
v 0.351000 0.046674 -1.083316
v 0.315130 0.035400 -1.034500
v 0.302000 0.020000 -1.016632
v 0.315130 0.004600 -1.034500
v 0.351000 -0.006674 -1.083316
v 0.315130 0.046674 -1.111500
v 0.253000 0.035400 -1.083316
v 0.230259 0.020000 -1.073000
v 0.253000 0.004600 -1.083316
v 0.315130 -0.006674 -1.111500
v 0.400000 -0.010800 -1.150000
v 0.302000 0.046674 -1.150000
v 0.230259 0.035400 -1.150000
v 0.204000 0.020000 -1.150000
v 0.230259 0.004600 -1.150000
v 0.302000 -0.006674 -1.150000
v 0.315130 0.046674 -1.188500
v 0.253000 0.035400 -1.216684
v 0.230259 0.020000 -1.227000
v 0.253000 0.004600 -1.216684
v 0.315130 -0.006674 -1.188500
v 0.351000 0.046674 -1.216684
v 0.315130 0.035400 -1.265500
v 0.302000 0.020000 -1.283368
v 0.315130 0.004600 -1.265500
v 0.351000 -0.006674 -1.216684
v 0.400000 0.050800 -1.150000
v 0.400000 0.046674 -1.227000
v 0.400000 0.035400 -1.283368
v 0.400000 0.020000 -1.304000
v 0.400000 0.004600 -1.283368
v 0.400000 -0.006674 -1.227000
v 1.000000 0.033200 -0.714315
v 1.000000 0.020000 -0.732000
v 1.000000 0.006800 -0.714315
v 1.042000 0.042863 -0.657158
v 1.072746 0.033200 -0.699000
v 1.084000 0.020000 -0.714315
v 1.072746 0.006800 -0.699000
v 1.042000 -0.002863 -0.657158
v 1.072746 0.042863 -0.633000
v 1.126000 0.033200 -0.657158
v 1.145492 0.020000 -0.666000
v 1.126000 0.006800 -0.657158
v 1.072746 -0.002863 -0.633000
v 1.084000 0.042863 -0.600000
v 1.145492 0.033200 -0.600000
v 1.168000 0.020000 -0.600000
v 1.145492 0.006800 -0.600000
v 1.084000 -0.002863 -0.600000
v 1.072746 0.042863 -0.567000
v 1.126000 0.033200 -0.542842
v 1.145492 0.020000 -0.534000
v 1.126000 0.006800 -0.542842
v 1.072746 -0.002863 -0.567000
v 1.042000 0.042863 -0.542842
v 1.072746 0.033200 -0.501000
v 1.084000 0.020000 -0.485685
v 1.072746 0.006800 -0.501000
v 1.042000 -0.002863 -0.542842
v 1.000000 0.042863 -0.534000
v 1.000000 0.033200 -0.485685
v 1.000000 0.020000 -0.468000
v 1.000000 0.006800 -0.485685
v 1.000000 -0.002863 -0.534000
v 1.000000 0.046400 -0.600000
v 0.958000 0.042863 -0.542842
v 0.927254 0.033200 -0.501000
v 0.916000 0.020000 -0.485685
v 0.927254 0.006800 -0.501000
v 0.958000 -0.002863 -0.542842
v 0.927254 0.042863 -0.567000
v 0.874000 0.033200 -0.542842
v 0.854508 0.020000 -0.534000
v 0.874000 0.006800 -0.542842
v 0.927254 -0.002863 -0.567000
v 1.000000 -0.006400 -0.600000
v 0.916000 0.042863 -0.600000
v 0.854508 0.033200 -0.600000
v 0.832000 0.020000 -0.600000
v 0.854508 0.006800 -0.600000
v 0.916000 -0.002863 -0.600000
v 0.927254 0.042863 -0.633000
v 0.874000 0.033200 -0.657158
v 0.854508 0.020000 -0.666000
v 0.874000 0.006800 -0.657158
v 0.927254 -0.002863 -0.633000
v 0.958000 0.042863 -0.657158
v 0.927254 0.033200 -0.699000
v 0.916000 0.020000 -0.714315
v 0.927254 0.006800 -0.699000
v 0.958000 -0.002863 -0.657158
v 1.000000 0.042863 -0.666000
v 1.000000 -0.002863 -0.666000
v -1.200000 0.020000 -1.010000
v -1.200000 0.000947 -0.955000
v -1.165000 0.039053 -0.947631
v -1.139378 0.031000 -0.982500
v -1.130000 0.020000 -0.995263
v -1.139378 0.009000 -0.982500
v -1.165000 0.000947 -0.947631
v -1.139378 0.039053 -0.927500
v -1.095000 0.031000 -0.947631
v -1.078756 0.020000 -0.955000
v -1.095000 0.009000 -0.947631
v -1.139378 0.000947 -0.927500
v -1.130000 0.039053 -0.900000
v -1.078757 0.031000 -0.900000
v -1.060000 0.020000 -0.900000
v -1.078757 0.009000 -0.900000
v -1.130000 0.000947 -0.900000
v -1.139378 0.039053 -0.872500
v -1.095000 0.031000 -0.852369
v -1.078756 0.020000 -0.845000
v -1.095000 0.009000 -0.852369
v -1.139378 0.000947 -0.872500
v -1.165000 0.039053 -0.852369
v -1.139378 0.031000 -0.817500
v -1.130000 0.020000 -0.804737
v -1.139378 0.009000 -0.817500
v -1.165000 0.000947 -0.852369
v -1.200000 0.039053 -0.845000
v -1.200000 0.031000 -0.804737
v -1.200000 0.020000 -0.790000
v -1.200000 0.009000 -0.804737
v -1.200000 0.000947 -0.845000
v -1.235000 0.039053 -0.852369
v -1.260622 0.031000 -0.817500
v -1.270000 0.020000 -0.804737
v -1.260622 0.009000 -0.817500
v -1.235000 0.000947 -0.852369
v -1.200000 -0.002000 -0.900000
v -1.200000 0.042000 -0.900000
v -1.260622 0.039053 -0.872500
v -1.305000 0.031000 -0.852369
v -1.321244 0.020000 -0.845000
v -1.305000 0.009000 -0.852369
v -1.260622 0.000947 -0.872500
v -1.270000 0.039053 -0.900000
v -1.321244 0.031000 -0.900000
v -1.340000 0.020000 -0.900000
v -1.321244 0.009000 -0.900000
v -1.270000 0.000947 -0.900000
v -1.260622 0.039053 -0.927500
v -1.305000 0.031000 -0.947631
v -1.321244 0.020000 -0.955000
v -1.305000 0.009000 -0.947631
v -1.260622 0.000947 -0.927500
v -1.235000 0.039053 -0.947631
v -1.260622 0.031000 -0.982500
v -1.270000 0.020000 -0.995263
v -1.260622 0.009000 -0.982500
v -1.235000 0.000947 -0.947631
v -1.200000 0.039053 -0.955000
v -1.200000 0.031000 -0.995263
v -1.200000 0.009000 -0.995263
vn -0.0000 -0.0000 1.0000
vn 1.0000 -0.0000 -0.0000
vn -0.0000 1.0000 -0.0000
vn -1.0000 -0.0000 -0.0000
vn -0.0000 -0.0000 -1.0000
vn -0.5774 -0.5773 0.5773
vn -0.5773 0.5774 0.5774
vn -0.5774 -0.5773 -0.5773
vn -0.5773 0.5774 -0.5774
vn 0.5774 -0.5773 0.5774
vn 0.5773 0.5774 0.5774
vn 0.5774 -0.5773 -0.5774
vn 0.5773 0.5774 -0.5774
vn -0.7071 -0.7071 -0.0000
vn -0.7071 -0.0000 0.7071
vn -0.7071 0.7071 -0.0000
vn -0.7071 -0.0000 -0.7071
vn -0.0000 -0.7071 -0.7071
vn -0.0000 0.7071 -0.7071
vn 0.7071 -0.0000 -0.7071
vn 0.7071 -0.7071 -0.0000
vn 0.7071 0.7071 -0.0000
vn 0.7071 -0.0000 0.7071
vn -0.0000 -0.7071 0.7071
vn -0.0000 0.7071 0.7071
vn -0.0000 -1.0000 -0.0000
vn -0.5774 -0.5773 0.5774
vn -0.5774 -0.5773 -0.5774
vn -0.5774 -0.5774 0.5774
vn -0.5774 0.5773 0.5773
vn -0.5774 -0.5774 -0.5774
vn -0.5774 0.5773 -0.5773
vn 0.5774 -0.5774 0.5774
vn 0.5774 0.5773 0.5773
vn 0.5774 -0.5774 -0.5774
vn 0.5774 0.5773 -0.5773
vn -0.5774 0.5774 0.5774
vn -0.5774 0.5774 -0.5774
vn 0.5774 0.5774 -0.5774
vn 0.5774 0.5774 0.5774
vn -0.8192 -0.0000 0.5736
vn -0.5736 -0.0000 -0.8192
vn 0.8192 -0.0000 -0.5736
vn 0.5736 -0.0000 0.8192
vn -0.8192 -0.0000 -0.5736
vn 0.5736 -0.0000 -0.8192
vn 0.8192 -0.0000 0.5736
vn -0.5736 -0.0000 0.8192
vn -0.0000 -0.2771 -0.9608
vn 0.8321 -0.2771 -0.4804
vn 0.8321 -0.2771 0.4804
vn -0.0000 -0.2771 0.9608
vn -0.8321 -0.2771 0.4804
vn -0.8321 -0.2771 -0.4804
vn -0.0000 0.2853 -0.9584
vn 0.5634 0.2853 -0.7754
vn 0.5878 -0.0000 -0.8090
vn -0.0000 0.6683 -0.7439
vn 0.4372 0.6683 -0.6018
vn -0.0000 -0.6683 -0.7439
vn 0.4372 -0.6683 -0.6018
vn -0.0000 -0.2853 -0.9584
vn 0.5634 -0.2853 -0.7754
vn 0.7075 -0.6683 -0.2299
vn 0.9511 -0.0000 -0.3090
vn 0.9115 -0.2853 -0.2962
vn 0.7075 0.6683 -0.2299
vn 0.9115 0.2853 -0.2962
vn 0.7075 -0.6683 0.2299
vn 0.9511 -0.0000 0.3090
vn 0.9115 -0.2853 0.2962
vn 0.7075 0.6683 0.2299
vn 0.9115 0.2853 0.2962
vn 0.5878 -0.0000 0.8090
vn 0.5634 -0.2853 0.7754
vn 0.4372 0.6683 0.6018
vn 0.5634 0.2853 0.7754
vn 0.4372 -0.6683 0.6018
vn -0.0000 0.6683 0.7439
vn -0.0000 0.2853 0.9584
vn -0.0000 -0.2853 0.9584
vn -0.0000 -0.6683 0.7439
vn -0.5634 -0.2853 0.7754
vn -0.4372 -0.6683 0.6018
vn -0.5634 0.2853 0.7754
vn -0.5878 -0.0000 0.8090
vn -0.4372 0.6683 0.6018
vn -0.9115 -0.2853 0.2962
vn -0.7075 -0.6683 0.2299
vn -0.9115 0.2853 0.2962
vn -0.9511 -0.0000 0.3090
vn -0.7075 0.6683 0.2299
vn -0.9115 -0.2853 -0.2962
vn -0.7075 -0.6683 -0.2299
vn -0.9115 0.2853 -0.2962
vn -0.9511 -0.0000 -0.3090
vn -0.7075 0.6683 -0.2299
vn -0.5634 -0.2853 -0.7754
vn -0.4372 -0.6683 -0.6018
vn -0.5634 0.2853 -0.7754
vn -0.5878 -0.0000 -0.8090
vn -0.4372 0.6683 -0.6018
vn 0.5000 -0.0000 -0.8660
vn 0.5000 -0.0000 0.8660
vn -0.5000 -0.0000 0.8660
vn -0.5000 -0.0000 -0.8660
vn -0.0000 -0.6834 -0.7300
vn 0.3733 -0.6981 -0.6109
vn -0.0000 -0.2956 -0.9553
vn 0.5304 -0.0000 -0.8478
vn 0.5032 -0.3105 -0.8064
vn -0.0000 0.2956 -0.9553
vn -0.0000 0.6834 -0.7300
vn 0.3733 0.6982 -0.6109
vn 0.5032 0.3105 -0.8064
vn 0.8813 -0.3372 -0.3311
vn 0.6444 -0.7232 -0.2485
vn 0.8813 0.3372 -0.3311
vn 0.9366 -0.0000 -0.3504
vn 0.6444 0.7232 -0.2485
vn 0.8813 -0.3372 0.3311
vn 0.6444 -0.7232 0.2485
vn 0.8813 0.3372 0.3311
vn 0.9366 -0.0000 0.3504
vn 0.6444 0.7232 0.2485
vn 0.5032 -0.3105 0.8064
vn 0.3733 -0.6981 0.6109
vn 0.5032 0.3105 0.8064
vn 0.5304 -0.0000 0.8478
vn 0.3733 0.6982 0.6109
vn -0.0000 -0.2956 0.9553
vn -0.0000 -0.6834 0.7300
vn -0.0000 0.2956 0.9553
vn -0.0000 0.6834 0.7300
vn -0.5032 0.3105 0.8064
vn -0.5304 -0.0000 0.8478
vn -0.3733 0.6982 0.6109
vn -0.3733 -0.6981 0.6109
vn -0.5032 -0.3105 0.8064
vn -0.6444 0.7232 0.2485
vn -0.6444 -0.7232 0.2485
vn -0.9366 -0.0000 0.3504
vn -0.8813 -0.3372 0.3311
vn -0.8813 0.3372 0.3311
vn -0.6444 -0.7232 -0.2485
vn -0.9366 -0.0000 -0.3504
vn -0.8813 -0.3372 -0.3311
vn -0.6444 0.7232 -0.2485
vn -0.8813 0.3372 -0.3311
vn -0.3733 -0.6981 -0.6109
vn -0.5304 -0.0000 -0.8478
vn -0.5032 -0.3105 -0.8064
vn -0.3733 0.6982 -0.6109
vn -0.5032 0.3105 -0.8064
vn -0.0000 -0.4090 -0.9125
vn 0.6453 -0.4090 -0.6453
vn 0.9125 -0.4090 -0.0000
vn 0.6453 -0.4090 0.6453
vn -0.0000 -0.4090 0.9125
vn -0.6453 -0.4090 0.6453
vn -0.9125 -0.4090 -0.0000
vn -0.6453 -0.4090 -0.6453
vn -0.0000 0.7572 -0.6532
vn -0.0000 0.7572 0.6532
vn 0.3786 0.6557 0.6532
vn 0.3786 0.6557 -0.6532
vn 0.6557 0.3786 0.6532
vn 0.6557 0.3786 -0.6532
vn 0.7572 -0.0000 0.6532
vn 0.7572 -0.0000 -0.6532
vn 0.6557 -0.3786 0.6532
vn 0.6557 -0.3786 -0.6532
vn 0.3786 -0.6557 0.6532
vn 0.3786 -0.6557 -0.6532
vn -0.0000 -0.7572 0.6532
vn -0.0000 -0.7572 -0.6532
vn -0.3786 -0.6557 0.6532
vn -0.3786 -0.6557 -0.6532
vn -0.6557 -0.3786 0.6532
vn -0.6557 -0.3786 -0.6532
vn -0.7572 -0.0000 0.6532
vn -0.7572 -0.0000 -0.6532
vn -0.6557 0.3786 0.6532
vn -0.6557 0.3786 -0.6532
vn -0.3786 0.6557 0.6532
vn -0.3786 0.6557 -0.6532
vn -0.0000 0.6630 -0.7486
vn 0.5294 0.6630 -0.5294
vn -0.0000 -0.6630 -0.7486
vn 0.5294 -0.6630 -0.5294
vn 0.7486 -0.6630 -0.0000
vn 0.7486 0.6630 -0.0000
vn 0.5294 -0.6630 0.5294
vn 0.5294 0.6630 0.5294
vn -0.0000 0.6630 0.7486
vn -0.0000 -0.6630 0.7486
vn -0.5294 -0.6630 0.5294
vn -0.5294 0.6630 0.5294
vn -0.7486 -0.6630 -0.0000
vn -0.7486 0.6630 -0.0000
vn -0.5294 -0.6630 -0.5294
vn -0.5294 0.6630 -0.5294
vn -0.0000 -0.6503 -0.7597
vn 0.8660 -0.0000 -0.5000
vn 0.6579 -0.6503 -0.3798
vn -0.0000 0.6503 -0.7597
vn 0.6579 0.6503 -0.3798
vn 0.8660 -0.0000 0.5000
vn 0.6579 -0.6503 0.3798
vn 0.6579 0.6503 0.3798
vn -0.0000 -0.6503 0.7597
vn -0.0000 0.6503 0.7597
vn -0.8660 -0.0000 0.5000
vn -0.6579 -0.6503 0.3798
vn -0.6579 0.6503 0.3798
vn -0.6579 0.6503 -0.3798
vn -0.8660 -0.0000 -0.5000
vn -0.6579 -0.6503 -0.3798
vn 0.3733 0.6981 -0.6109
vn 0.3733 0.6981 0.6109
vn -0.3733 0.6981 0.6109
vn -0.3733 0.6981 -0.6109
vn -0.0000 -0.9909 -0.1345
vn -0.0000 -0.9025 -0.4308
vn 0.1699 -0.9085 -0.3818
vn 0.0517 -0.9916 -0.1186
vn -0.0000 0.9025 -0.4308
vn 0.1699 0.9085 -0.3818
vn 0.4410 -0.0000 -0.8975
vn -0.0000 0.9909 -0.1345
vn 0.0517 0.9916 -0.1186
vn 0.3104 -0.9217 -0.2325
vn 0.0935 -0.9931 -0.0713
vn 0.3104 0.9217 -0.2325
vn 0.8294 -0.0000 -0.5586
vn 0.0935 0.9931 -0.0713
vn 0.3700 0.9290 -0.0000
vn 0.1106 0.9939 -0.0000
vn 0.1106 -0.9939 -0.0000
vn 0.3700 -0.9290 -0.0000
vn 0.0935 0.9931 0.0713
vn 0.0935 -0.9931 0.0713
vn 0.8294 -0.0000 0.5586
vn 0.3104 -0.9217 0.2325
vn 0.3104 0.9217 0.2325
vn 0.0517 -0.9916 0.1186
vn 0.4410 -0.0000 0.8975
vn 0.1699 -0.9085 0.3818
vn 0.0517 0.9916 0.1186
vn 0.1699 0.9085 0.3818
vn -0.0000 -0.9909 0.1345
vn -0.0000 -0.9025 0.4308
vn -0.0000 0.9909 0.1345
vn -0.0000 0.9025 0.4308
vn -0.0517 -0.9916 0.1186
vn -0.4410 -0.0000 0.8975
vn -0.1699 -0.9085 0.3818
vn -0.0517 0.9916 0.1186
vn -0.1699 0.9085 0.3818
vn -0.8294 -0.0000 0.5586
vn -0.3104 -0.9217 0.2325
vn -0.0935 0.9931 0.0713
vn -0.3104 0.9217 0.2325
vn -0.0935 -0.9931 0.0713
vn -0.1106 0.9939 -0.0000
vn -0.3700 0.9290 -0.0000
vn -0.3700 -0.9290 -0.0000
vn -0.1106 -0.9939 -0.0000
vn -0.3104 -0.9217 -0.2325
vn -0.0935 -0.9931 -0.0713
vn -0.3104 0.9217 -0.2325
vn -0.8294 -0.0000 -0.5586
vn -0.0935 0.9931 -0.0713
vn -0.1699 -0.9085 -0.3818
vn -0.0517 -0.9916 -0.1186
vn -0.1699 0.9085 -0.3818
vn -0.4410 -0.0000 -0.8975
vn -0.0517 0.9916 -0.1186
vt 0.381818 0.753947
vt 0.618182 0.753947
vt 0.618182 0.996053
vt 0.381818 0.996053
vt 0.381818 0.505556
vt 0.618182 0.505556
vt 0.618182 0.744444
vt 0.381818 0.744444
vt 0.628947 0.505556
vt 0.871053 0.505556
vt 0.871053 0.744444
vt 0.628947 0.744444
vt 0.381818 0.005556
vt 0.618182 0.005556
vt 0.618182 0.244444
vt 0.381818 0.244444
vt 0.381818 0.253947
vt 0.618182 0.253947
vt 0.618182 0.496053
vt 0.381818 0.496053
vt 0.128947 0.744444
vt 0.128947 0.750000
vt 0.125000 0.744444
vt 0.618182 0.000000
vt 0.625000 0.005556
vt 0.128947 0.505556
vt 0.125000 0.505556
vt 0.128947 0.500000
vt 0.625000 0.244444
vt 0.618182 0.250000
vt 0.371053 0.744444
vt 0.375000 0.744444
vt 0.371053 0.750000
vt 0.625000 0.753947
vt 0.618182 0.750000
vt 0.371053 0.505556
vt 0.371053 0.500000
vt 0.375000 0.505556
vt 0.625000 0.496053
vt 0.618182 0.500000
vt 0.381818 0.000000
vt 0.625000 0.253947
vt 0.625000 0.996053
vt 0.382895 0.754839
vt 0.617105 0.754839
vt 0.617105 0.995161
vt 0.382895 0.995161
vt 0.382895 0.506522
vt 0.617105 0.506522
vt 0.617105 0.743478
vt 0.382895 0.743478
vt 0.629839 0.506522
vt 0.870161 0.506522
vt 0.870161 0.743478
vt 0.629839 0.743478
vt 0.382895 0.006522
vt 0.617105 0.006522
vt 0.617105 0.243478
vt 0.382895 0.243478
vt 0.382895 0.254839
vt 0.617105 0.254839
vt 0.617105 0.495161
vt 0.382895 0.495161
vt 0.129839 0.743478
vt 0.129839 0.750000
vt 0.125000 0.743478
vt 0.617105 0.000000
vt 0.625000 0.006522
vt 0.129839 0.506522
vt 0.125000 0.506522
vt 0.129839 0.500000
vt 0.625000 0.243478
vt 0.617105 0.250000
vt 0.370161 0.743478
vt 0.375000 0.743478
vt 0.370161 0.750000
vt 0.625000 0.754839
vt 0.617105 0.750000
vt 0.370161 0.506522
vt 0.370161 0.500000
vt 0.375000 0.506522
vt 0.625000 0.495161
vt 0.617105 0.500000
vt 0.382895 0.000000
vt 0.625000 0.254839
vt 0.625000 0.995161
vt 0.381579 0.761364
vt 0.618421 0.761364
vt 0.618421 0.988636
vt 0.381579 0.988636
vt 0.381579 0.511364
vt 0.618421 0.511364
vt 0.618421 0.738636
vt 0.381579 0.738636
vt 0.636364 0.511364
vt 0.863636 0.511364
vt 0.863636 0.738636
vt 0.636364 0.738636
vt 0.381579 0.011364
vt 0.618421 0.011364
vt 0.618421 0.238636
vt 0.381579 0.238636
vt 0.381579 0.261364
vt 0.618421 0.261364
vt 0.618421 0.488636
vt 0.381579 0.488636
vt 0.136364 0.738636
vt 0.136364 0.750000
vt 0.125000 0.738636
vt 0.618421 0.000000
vt 0.625000 0.011364
vt 0.136364 0.511364
vt 0.125000 0.511364
vt 0.136364 0.500000
vt 0.625000 0.238636
vt 0.618421 0.250000
vt 0.363636 0.738636
vt 0.375000 0.738636
vt 0.363636 0.750000
vt 0.625000 0.761364
vt 0.618421 0.750000
vt 0.363636 0.511364
vt 0.363636 0.500000
vt 0.375000 0.511364
vt 0.625000 0.488636
vt 0.618421 0.500000
vt 0.381579 0.000000
vt 0.625000 0.261364
vt 0.625000 0.988636
vt 0.375000 0.000000
vt 0.625000 0.000000
vt 0.625000 0.250000
vt 0.375000 0.250000
vt 0.625000 0.500000
vt 0.375000 0.500000
vt 0.625000 0.750000
vt 0.375000 0.750000
vt 0.625000 1.000000
vt 0.375000 1.000000
vt 0.125000 0.500000
vt 0.125000 0.750000
vt 0.875000 0.500000
vt 0.875000 0.750000
vt 0.250000 0.490000
vt 0.250000 0.250000
vt 0.457846 0.370000
vt 0.457846 0.130000
vt 0.250000 0.010000
vt 0.042154 0.130000
vt 0.750000 0.490000
vt 0.957846 0.370000
vt 0.957846 0.130000
vt 0.750000 0.010000
vt 0.542154 0.130000
vt 0.542154 0.370000
vt 0.042154 0.370000
vt 0.700000 0.500000
vt 0.700000 0.666667
vt 0.600000 0.666667
vt 0.600000 0.500000
vt 0.700000 0.833333
vt 0.650000 1.000000
vt 0.600000 0.833333
vt 0.650000 0.000000
vt 0.700000 0.166667
vt 0.600000 0.166667
vt 0.700000 0.333333
vt 0.600000 0.333333
vt 0.550000 0.000000
vt 0.500000 0.166667
vt 0.500000 0.500000
vt 0.500000 0.333333
vt 0.500000 0.833333
vt 0.500000 0.666667
vt 0.550000 1.000000
vt 0.450000 0.000000
vt 0.400000 0.166667
vt 0.400000 0.500000
vt 0.400000 0.333333
vt 0.400000 0.833333
vt 0.400000 0.666667
vt 0.450000 1.000000
vt 0.300000 0.500000
vt 0.300000 0.333333
vt 0.300000 0.833333
vt 0.300000 0.666667
vt 0.300000 0.166667
vt 0.350000 1.000000
vt 0.350000 0.000000
vt 0.200000 0.833333
vt 0.200000 0.666667
vt 0.200000 0.333333
vt 0.200000 0.166667
vt 0.200000 0.500000
vt 0.250000 1.000000
vt 0.250000 0.000000
vt 0.100000 0.333333
vt 0.100000 0.166667
vt 0.100000 0.666667
vt 0.100000 0.500000
vt 0.150000 1.000000
vt 0.100000 0.833333
vt 0.150000 0.000000
vt 0.000000 0.333333
vt 0.000000 0.166667
vt 0.000000 0.666667
vt 0.000000 0.500000
vt 0.050000 1.000000
vt 0.000000 0.833333
vt 0.050000 0.000000
vt 1.000000 0.166667
vt 1.000000 0.333333
vt 0.900000 0.333333
vt 0.900000 0.166667
vt 1.000000 0.500000
vt 1.000000 0.666667
vt 0.900000 0.666667
vt 0.900000 0.500000
vt 1.000000 0.833333
vt 0.950000 1.000000
vt 0.900000 0.833333
vt 0.950000 0.000000
vt 0.800000 0.333333
vt 0.800000 0.166667
vt 0.800000 0.666667
vt 0.800000 0.500000
vt 0.850000 1.000000
vt 0.800000 0.833333
vt 0.850000 0.000000
vt 0.750000 1.000000
vt 0.750000 0.000000
vt 0.600000 0.666667
vt 0.700000 0.833333
vt 0.650000 1.000000
vt 0.600000 0.833333
vt 0.650000 0.000000
vt 0.700000 0.166667
vt 0.600000 0.166667
vt 0.700000 0.333333
vt 0.500000 0.166667
vt 0.500000 0.833333
vt 0.400000 0.166667
vt 0.400000 0.500000
vt 0.400000 0.333333
vt 0.400000 0.833333
vt 0.400000 0.666667
vt 0.300000 0.333333
vt 0.300000 0.833333
vt 0.300000 0.666667
vt 0.300000 0.166667
vt 0.350000 1.000000
vt 0.350000 0.000000
vt 0.200000 0.833333
vt 0.200000 0.166667
vt 0.100000 0.166667
vt 0.100000 0.833333
vt 0.000000 0.166667
vt 0.050000 1.000000
vt 0.000000 0.833333
vt 0.050000 0.000000
vt 1.000000 0.166667
vt 0.900000 0.333333
vt 0.900000 0.166667
vt 0.900000 0.666667
vt 1.000000 0.833333
vt 0.900000 0.833333
vt 0.800000 0.166667
vt 0.800000 0.833333
vt 0.400000 0.333333
vt 0.400000 0.666667
vt 0.300000 0.666667
vt 0.200000 0.666667
vt 0.100000 0.666667
vt 0.900000 0.833333
vt 0.900000 0.166667
vt 0.900000 0.500000
vt 1.000000 0.500000
vt 1.000000 1.000000
vt 0.833333 1.000000
vt 0.833333 0.500000
vt 0.666667 1.000000
vt 0.666667 0.500000
vt 0.500000 1.000000
vt 0.500000 0.500000
vt 0.333333 1.000000
vt 0.333333 0.500000
vt 0.042154 0.370000
vt 0.042154 0.130000
vt 0.250000 0.010000
vt 0.166667 1.000000
vt 0.166667 0.500000
vt -0.000000 1.000000
vt -0.000000 0.500000
vt 0.750000 0.010000
vt 0.400000 0.166667
vt 0.400000 0.666667
vt 0.400000 0.833333
vt 0.000000 0.833333
vt 0.000000 0.166667
vt 0.000000 0.500000
vt 1.000000 0.166667
vt 1.000000 0.833333
vt 0.850000 0.000000
vt 0.850000 1.000000
vt 0.419706 0.419706
vt 0.490000 0.250000
vt 0.419706 0.080294
vt 0.080294 0.080294
vt 0.010000 0.250000
vt 0.919706 0.419706
vt 0.990000 0.250000
vt 0.919706 0.080294
vt 0.580294 0.080294
vt 0.510000 0.250000
vt 0.580294 0.419706
vt 0.080294 0.419706
vt 0.916667 1.000000
vt 0.916667 0.500000
vt 0.833333 1.000000
vt 0.833333 0.500000
vt 0.750000 1.000000
vt 0.750000 0.500000
vt 0.666667 1.000000
vt 0.666667 0.500000
vt 0.583333 1.000000
vt 0.583333 0.500000
vt 0.500000 1.000000
vt 0.500000 0.500000
vt 0.416667 1.000000
vt 0.416667 0.500000
vt 0.333333 1.000000
vt 0.333333 0.500000
vt 0.250000 1.000000
vt 0.250000 0.500000
vt 0.166667 1.000000
vt 0.166667 0.500000
vt 0.370000 0.457846
vt 0.130000 0.457846
vt 0.130000 0.042154
vt 0.370000 0.042154
vt 0.083333 1.000000
vt 0.083333 0.500000
vt 0.000000 1.000000
vt 0.000000 0.500000
vt 0.870000 0.457846
vt 0.870000 0.042154
vt 0.630000 0.042154
vt 0.630000 0.457846
vt 0.750000 0.500000
vt 0.750000 0.750000
vt 0.750000 0.250000
vt 0.687500 1.000000
vt 0.687500 0.000000
vt 0.500000 0.250000
vt 0.562500 1.000000
vt 0.500000 0.750000
vt 0.562500 0.000000
vt 0.437500 1.000000
vt 0.437500 0.000000
vt 0.250000 0.750000
vt 0.250000 0.500000
vt 0.312500 1.000000
vt 0.312500 0.000000
vt 0.187500 0.000000
vt 0.125000 0.250000
vt 0.187500 1.000000
vt 0.062500 0.000000
vt 0.000000 0.250000
vt 0.000000 0.750000
vt 0.062500 1.000000
vt 0.937500 0.000000
vt 1.000000 0.250000
vt 0.875000 0.250000
vt 1.000000 0.750000
vt 0.937500 1.000000
vt 0.812500 0.000000
vt 0.812500 1.000000
vt 0.370000 0.457846
vt 0.250000 0.490000
vt 0.130000 0.457846
vt 0.042154 0.370000
vt 0.010000 0.250000
vt 0.042154 0.130000
vt 0.130000 0.042154
vt 0.250000 0.010000
vt 0.370000 0.042154
vt 0.457846 0.130000
vt 0.490000 0.250000
vt 0.457846 0.370000
vt 0.750000 0.490000
vt 0.870000 0.457846
vt 0.957846 0.370000
vt 0.957846 0.130000
vt 0.870000 0.042154
vt 0.750000 0.010000
vt 0.630000 0.042154
vt 0.542154 0.130000
vt 0.542154 0.370000
vt 0.630000 0.457846
vt 0.666667 0.250000
vt 0.666667 0.500000
vt 0.666667 0.750000
vt 0.583333 1.000000
vt 0.583333 0.000000
vt 0.333333 0.500000
vt 0.333333 0.250000
vt 0.416667 1.000000
vt 0.333333 0.750000
vt 0.416667 0.000000
vt 0.166667 0.500000
vt 0.166667 0.250000
vt 0.166667 0.750000
vt 0.083333 1.000000
vt 0.083333 0.000000
vt 1.000000 0.750000
vt 0.833333 0.750000
vt 1.000000 0.250000
vt 0.833333 0.250000
vt 0.916667 0.000000
vt 0.750000 0.000000
vt 0.750000 1.000000
vt 0.010000 0.250000
vt 0.130000 0.042154
vt 0.370000 0.042154
vt 0.870000 0.042154
vt 0.630000 0.042154
vt 0.400000 0.166667
vt 0.400000 0.833333
vt 0.583333 1.000000
vt 0.583333 0.000000
vt 0.416667 1.000000
vt 0.416667 0.000000
vt 0.083333 1.000000
vt 0.083333 0.000000
vt 0.750000 0.166667
vt 0.750000 0.333333
vt 0.666667 0.333333
vt 0.666667 0.166667
vt 0.750000 0.666667
vt 0.666667 0.666667
vt 0.750000 0.833333
vt 0.708333 1.000000
vt 0.666667 0.833333
vt 0.708333 0.000000
vt 0.583333 0.333333
vt 0.583333 0.166667
vt 0.583333 0.666667
vt 0.583333 0.500000
vt 0.583333 0.833333
vt 0.500000 0.666667
vt 0.541667 1.000000
vt 0.541667 0.000000
vt 0.458333 1.000000
vt 0.416667 0.833333
vt 0.458333 0.000000
vt 0.416667 0.166667
vt 0.416667 0.500000
vt 0.416667 0.333333
vt 0.416667 0.666667
vt 0.333333 0.166667
vt 0.333333 0.500000
vt 0.333333 0.333333
vt 0.333333 0.833333
vt 0.333333 0.666667
vt 0.291667 0.000000
vt 0.250000 0.166667
vt 0.250000 0.333333
vt 0.250000 0.833333
vt 0.250000 0.666667
vt 0.291667 1.000000
vt 0.208333 0.000000
vt 0.166667 0.166667
vt 0.166667 0.333333
vt 0.166667 0.833333
vt 0.166667 0.666667
vt 0.208333 1.000000
vt 0.083333 0.500000
vt 0.083333 0.333333
vt 0.083333 0.833333
vt 0.083333 0.666667
vt 0.083333 0.166667
vt 0.125000 1.000000
vt 0.125000 0.000000
vt 0.000000 0.666667
vt 0.041667 1.000000
vt 0.041667 0.000000
vt 1.000000 0.166667
vt 1.000000 0.333333
vt 0.916667 0.333333
vt 0.916667 0.166667
vt 1.000000 0.666667
vt 0.916667 0.666667
vt 0.916667 0.500000
vt 1.000000 0.833333
vt 0.958333 1.000000
vt 0.916667 0.833333
vt 0.958333 0.000000
vt 0.833333 0.333333
vt 0.833333 0.166667
vt 0.833333 0.666667
vt 0.875000 1.000000
vt 0.833333 0.833333
vt 0.875000 0.000000
vt 0.791667 1.000000
vt 0.791667 0.000000
vt 0.666667 0.166667
vt 0.666667 0.833333
vt 0.250000 0.333333
vt 0.250000 0.666667
vt 0.083333 0.333333
vt 0.083333 0.666667
vt 0.041667 1.000000
vt 0.041667 0.000000
vt 1.000000 0.666667
vt 0.916667 0.666667
vt 0.958333 1.000000
vt 0.958333 0.000000
vt 0.833333 0.333333
vt 0.833333 0.666667
vt 0.750000 0.166667
vt 0.750000 0.833333
vt 0.583333 0.666667
vt 0.583333 0.833333
vt 0.583333 0.166667
vt 0.458333 0.000000
vt 0.416667 0.166667
vt 0.416667 0.833333
vt 0.458333 1.000000
vt 0.291667 0.000000
vt 0.291667 1.000000
vt 0.208333 1.000000
vt 0.208333 0.000000
vt 0.083333 0.833333
vt 0.083333 0.166667
vt 0.083333 0.500000
vt 0.125000 1.000000
vt 0.125000 0.000000
vt 0.833333 0.166667
vt 0.833333 0.500000
vt 0.875000 1.000000
vt 0.833333 0.833333
vt 0.875000 0.000000
vt 0.750000 0.166667
vt 0.750000 0.666667
vt 0.333333 0.166667
vt 0.333333 0.833333
vt 0.250000 0.833333
vt 0.250000 0.166667
vt 0.166667 0.833333
vt 0.166667 0.166667
vt 0.083333 0.166667
vt 0.083333 0.833333
s 0
usemtl LimeBrick
f 15/1/1 17/2/1 4/3/1 2/4/1
f 21/5/2 23/6/2 18/7/2 14/8/2
f 22/9/3 10/10/3 5/11/3 16/12/3
f 3/13/4 6/14/4 12/15/4 8/16/4
f 9/17/5 11/18/5 24/19/5 20/20/5
f 1/21/6 2/22/6 3/23/6
f 4/24/7 5/25/7 6/14/7
f 7/26/8 8/27/8 9/28/8
f 10/29/9 11/30/9 12/15/9
f 13/31/10 14/32/10 15/33/10
f 16/34/11 17/2/11 18/35/11
f 19/36/12 20/37/12 21/38/12
f 22/39/13 23/40/13 24/19/13
f 7/26/14 1/21/14 3/23/14 8/27/14
f 2/41/15 4/24/15 6/14/15 3/13/15
f 5/25/16 10/29/16 12/15/16 6/14/16
f 11/18/17 9/17/17 8/16/17 12/15/17
f 19/36/18 7/26/18 9/28/18 20/37/18
f 10/42/19 22/39/19 24/19/19 11/18/19
f 23/6/20 21/5/20 20/20/20 24/19/20
f 13/31/21 19/36/21 21/5/21 14/8/21
f 22/9/22 16/12/22 18/7/22 23/6/22
f 17/2/23 15/1/23 14/8/23 18/7/23
f 1/21/24 13/31/24 15/33/24 2/22/24
f 16/34/25 5/43/25 4/3/25 17/2/25
f 7/26/26 19/36/26 13/31/26 1/21/26
f 39/44/1 41/45/1 28/46/1 26/47/1
f 45/48/2 47/49/2 42/50/2 38/51/2
f 46/52/3 34/53/3 29/54/3 40/55/3
f 27/56/4 30/57/4 36/58/4 32/59/4
f 33/60/5 35/61/5 48/62/5 44/63/5
f 25/64/27 26/65/27 27/66/27
f 28/67/7 29/68/7 30/57/7
f 31/69/28 32/70/28 33/71/28
f 34/72/9 35/73/9 36/58/9
f 37/74/10 38/75/10 39/76/10
f 40/77/11 41/45/11 42/78/11
f 43/79/12 44/80/12 45/81/12
f 46/82/13 47/83/13 48/62/13
f 31/69/14 25/64/14 27/66/14 32/70/14
f 26/84/15 28/67/15 30/57/15 27/56/15
f 29/68/16 34/72/16 36/58/16 30/57/16
f 35/61/17 33/60/17 32/59/17 36/58/17
f 43/79/18 31/69/18 33/71/18 44/80/18
f 34/85/19 46/82/19 48/62/19 35/61/19
f 47/49/20 45/48/20 44/63/20 48/62/20
f 37/74/21 43/79/21 45/48/21 38/51/21
f 46/52/22 40/55/22 42/50/22 47/49/22
f 41/45/23 39/44/23 38/51/23 42/50/23
f 25/64/24 37/74/24 39/76/24 26/65/24
f 40/77/25 29/86/25 28/46/25 41/45/25
f 31/69/26 43/79/26 37/74/26 25/64/26
f 63/87/1 65/88/1 52/89/1 50/90/1
f 69/91/2 71/92/2 66/93/2 62/94/2
f 70/95/3 58/96/3 53/97/3 64/98/3
f 51/99/4 54/100/4 60/101/4 56/102/4
f 57/103/5 59/104/5 72/105/5 68/106/5
f 49/107/29 50/108/29 51/109/29
f 52/110/30 53/111/30 54/100/30
f 55/112/31 56/113/31 57/114/31
f 58/115/32 59/116/32 60/101/32
f 61/117/33 62/118/33 63/119/33
f 64/120/34 65/88/34 66/121/34
f 67/122/35 68/123/35 69/124/35
f 70/125/36 71/126/36 72/105/36
f 55/112/14 49/107/14 51/109/14 56/113/14
f 50/127/15 52/110/15 54/100/15 51/99/15
f 53/111/16 58/115/16 60/101/16 54/100/16
f 59/104/17 57/103/17 56/102/17 60/101/17
f 67/122/18 55/112/18 57/114/18 68/123/18
f 58/128/19 70/125/19 72/105/19 59/104/19
f 71/92/20 69/91/20 68/106/20 72/105/20
f 61/117/21 67/122/21 69/91/21 62/94/21
f 70/95/22 64/98/22 66/93/22 71/92/22
f 65/88/23 63/87/23 62/94/23 66/93/23
f 49/107/24 61/117/24 63/119/24 50/108/24
f 64/120/25 53/129/25 52/89/25 65/88/25
f 55/112/26 67/122/26 61/117/26 49/107/26
f 113/130/4 114/131/4 116/132/4 115/133/4
f 115/133/5 116/132/5 120/134/5 119/135/5
f 119/135/2 120/134/2 118/136/2 117/137/2
f 117/137/1 118/136/1 114/138/1 113/139/1
f 115/140/26 119/135/26 117/137/26 113/141/26
f 120/134/3 116/142/3 114/143/3 118/136/3
f 121/130/4 122/131/4 124/132/4 123/133/4
f 123/133/5 124/132/5 128/134/5 127/135/5
f 127/135/2 128/134/2 126/136/2 125/137/2
f 125/137/1 126/136/1 122/138/1 121/139/1
f 123/140/26 127/135/26 125/137/26 121/141/26
f 128/134/3 124/142/3 122/143/3 126/136/3
f 129/130/4 130/131/4 132/132/4 131/133/4
f 131/133/5 132/132/5 136/134/5 135/135/5
f 135/135/2 136/134/2 134/136/2 133/137/2
f 133/137/1 134/136/1 130/138/1 129/139/1
f 131/140/26 135/135/26 133/137/26 129/141/26
f 136/134/3 132/142/3 130/143/3 134/136/3
f 836/130/4 837/131/4 839/132/4 838/133/4
f 838/133/5 839/132/5 843/134/5 842/135/5
f 842/135/2 843/134/2 841/136/2 840/137/2
f 840/137/1 841/136/1 837/138/1 836/139/1
f 838/140/26 842/135/26 840/137/26 836/141/26
f 843/134/3 839/142/3 837/143/3 841/136/3
s 1
usemtl SlimeNeon
f 73/130/29 74/131/37 76/132/38 75/133/31
f 75/133/31 76/132/38 80/134/39 79/135/35
f 79/135/35 80/134/39 78/136/40 77/137/33
f 77/137/33 78/136/40 74/138/37 73/139/29
f 75/140/31 79/135/35 77/137/33 73/141/29
f 80/134/39 76/142/38 74/143/37 78/136/40
f 137/130/29 138/131/37 140/132/38 139/133/31
f 139/133/31 140/132/38 144/134/39 143/135/35
f 143/135/35 144/134/39 142/136/40 141/137/33
f 141/137/33 142/136/40 138/138/37 137/139/29
f 139/140/31 143/135/35 141/137/33 137/141/29
f 144/134/39 140/142/38 138/143/37 142/136/40
f 145/130/29 146/131/37 148/132/38 147/133/31
f 147/133/31 148/132/38 152/134/39 151/135/35
f 151/135/35 152/134/39 150/136/40 149/137/33
f 149/137/33 150/136/40 146/138/37 145/139/29
f 147/140/31 151/135/35 149/137/33 145/141/29
f 152/134/39 148/142/38 146/143/37 150/136/40
f 153/144/49 159/145/3 154/146/50
f 154/146/50 159/145/3 155/147/51
f 155/147/51 159/145/3 156/148/52
f 156/148/52 159/145/3 157/149/53
f 153/150/49 154/151/50 155/152/51 156/153/52 157/154/53 158/155/54
f 157/149/53 159/145/3 158/156/54
f 158/156/54 159/145/3 153/144/49
f 209/157/5 208/158/55 161/159/56 162/160/57
f 207/161/58 196/162/3 160/163/59
f 195/164/26 211/165/60 164/166/61
f 210/167/62 209/157/5 162/160/57 163/168/63
f 208/158/55 207/161/58 160/163/59 161/159/56
f 211/165/60 210/167/62 163/168/63 164/166/61
f 195/169/26 164/166/61 169/170/64
f 163/168/63 162/160/57 167/171/65 168/172/66
f 161/159/56 160/163/59 165/173/67 166/174/68
f 164/166/61 163/168/63 168/172/66 169/170/64
f 162/160/57 161/159/56 166/174/68 167/171/65
f 160/163/59 196/175/3 165/173/67
f 195/176/26 169/170/64 174/177/69
f 168/172/66 167/171/65 172/178/70 173/179/71
f 166/174/68 165/173/67 170/180/72 171/181/73
f 169/170/64 168/172/66 173/179/71 174/177/69
f 167/171/65 166/174/68 171/181/73 172/178/70
f 165/173/67 196/182/3 170/180/72
f 173/179/71 172/178/70 177/183/74 178/184/75
f 171/181/73 170/180/72 175/185/76 176/186/77
f 174/177/69 173/179/71 178/184/75 179/187/78
f 172/178/70 171/181/73 176/186/77 177/183/74
f 170/180/72 196/188/3 175/185/76
f 195/189/26 174/177/69 179/187/78
f 176/186/77 175/185/76 180/190/79 181/191/80
f 179/187/78 178/184/75 183/192/81 184/193/82
f 177/183/74 176/186/77 181/191/80 182/194/1
f 175/185/76 196/195/3 180/190/79
f 195/196/26 179/187/78 184/193/82
f 178/184/75 177/183/74 182/194/1 183/192/81
f 184/193/82 183/192/81 188/197/83 189/198/84
f 182/194/1 181/191/80 186/199/85 187/200/86
f 180/190/79 196/201/3 185/202/87
f 195/203/26 184/193/82 189/198/84
f 183/192/81 182/194/1 187/200/86 188/197/83
f 181/191/80 180/190/79 185/202/87 186/199/85
f 189/198/84 188/197/83 193/204/88 194/205/89
f 187/200/86 186/199/85 191/206/90 192/207/91
f 185/202/87 196/208/3 190/209/92
f 195/210/26 189/198/84 194/205/89
f 188/197/83 187/200/86 192/207/91 193/204/88
f 186/199/85 185/202/87 190/209/92 191/206/90
f 194/211/89 193/212/88 200/213/93 201/214/94
f 192/215/91 191/216/90 198/217/95 199/218/96
f 190/219/92 196/220/3 197/221/97
f 195/222/26 194/211/89 201/214/94
f 193/212/88 192/215/91 199/218/96 200/213/93
f 191/216/90 190/219/92 197/221/97 198/217/95
f 201/214/94 200/213/93 205/223/98 206/224/99
f 199/218/96 198/217/95 203/225/100 204/226/101
f 197/221/97 196/227/3 202/228/102
f 195/229/26 201/214/94 206/224/99
f 200/213/93 199/218/96 204/226/101 205/223/98
f 198/217/95 197/221/97 202/228/102 203/225/100
f 204/226/101 203/225/100 208/158/55 209/157/5
f 202/228/102 196/230/3 207/161/58
f 195/231/26 206/224/99 211/165/60
f 205/223/98 204/226/101 209/157/5 210/167/62
f 203/225/100 202/228/102 207/161/58 208/158/55
f 206/224/99 205/223/98 210/167/62 211/165/60
f 263/165/60 262/167/62 215/168/63 216/166/61
f 261/157/5 260/158/55 213/159/56 214/160/57
f 259/161/58 248/162/3 212/163/59
f 247/164/26 263/165/60 216/166/61
f 262/167/62 261/157/5 214/160/57 215/168/63
f 260/158/55 259/161/58 212/163/59 213/159/56
f 216/166/61 215/168/63 220/172/66 221/170/64
f 214/160/57 213/159/56 218/174/68 219/171/65
f 212/163/59 248/175/3 217/173/67
f 247/169/26 216/166/61 221/170/64
f 215/168/63 214/160/57 219/171/65 220/172/66
f 213/159/56 212/163/59 217/173/67 218/174/68
f 219/171/65 218/174/68 223/181/73 224/178/70
f 217/173/67 248/182/3 222/180/72
f 247/176/26 221/170/64 226/177/69
f 220/172/66 219/171/65 224/178/70 225/179/71
f 218/174/68 217/173/67 222/180/72 223/181/73
f 221/170/64 220/172/66 225/179/71 226/177/69
f 222/180/72 248/188/3 227/185/76
f 247/189/26 226/177/69 231/187/78
f 225/179/71 224/178/70 229/183/74 230/184/75
f 223/181/73 222/180/72 227/185/76 228/186/77
f 226/177/69 225/179/71 230/184/75 231/187/78
f 224/178/70 223/181/73 228/186/77 229/183/74
f 247/196/26 231/187/78 236/193/82
f 230/184/75 229/183/74 234/194/1 235/192/81
f 228/186/77 227/185/76 232/190/79 233/191/80
f 231/187/78 230/184/75 235/192/81 236/193/82
f 229/183/74 228/186/77 233/191/80 234/194/1
f 227/185/76 248/195/3 232/190/79
f 247/203/26 236/193/82 241/198/84
f 235/192/81 234/194/1 239/200/86 240/197/83
f 233/191/80 232/190/79 237/202/87 238/199/85
f 236/193/82 235/192/81 240/197/83 241/198/84
f 234/194/1 233/191/80 238/199/85 239/200/86
f 232/190/79 248/201/3 237/202/87
f 247/210/26 241/198/84 246/205/89
f 240/197/83 239/200/86 244/207/91 245/204/88
f 238/199/85 237/202/87 242/209/92 243/206/90
f 241/198/84 240/197/83 245/204/88 246/205/89
f 239/200/86 238/199/85 243/206/90 244/207/91
f 237/202/87 248/208/3 242/209/92
f 245/212/88 244/215/91 251/218/96 252/213/93
f 243/216/90 242/219/92 249/221/97 250/217/95
f 246/211/89 245/212/88 252/213/93 253/214/94
f 244/215/91 243/216/90 250/217/95 251/218/96
f 242/219/92 248/220/3 249/221/97
f 247/222/26 246/211/89 253/214/94
f 250/217/95 249/221/97 254/228/102 255/225/100
f 253/214/94 252/213/93 257/223/98 258/224/99
f 251/218/96 250/217/95 255/225/100 256/226/101
f 249/221/97 248/227/3 254/228/102
f 247/229/26 253/214/94 258/224/99
f 252/213/93 251/218/96 256/226/101 257/223/98
f 258/224/99 257/223/98 262/167/62 263/165/60
f 256/226/101 255/225/100 260/158/55 261/157/5
f 254/228/102 248/230/3 259/161/58
f 247/231/26 258/224/99 263/165/60
f 257/223/98 256/226/101 261/157/5 262/167/62
f 255/225/100 254/228/102 259/161/58 260/158/55
f 315/165/60 314/167/62 267/168/63 268/166/61
f 313/157/5 312/158/55 265/159/56 266/160/57
f 311/161/58 300/162/3 264/163/59
f 299/164/26 315/165/60 268/166/61
f 314/167/62 313/157/5 266/160/57 267/168/63
f 312/158/55 311/161/58 264/163/59 265/159/56
f 266/160/57 265/159/56 270/174/68 271/171/65
f 264/163/59 300/175/3 269/173/67
f 299/169/26 268/166/61 273/170/64
f 267/168/63 266/160/57 271/171/65 272/172/66
f 265/159/56 264/163/59 269/173/67 270/174/68
f 268/166/61 267/168/63 272/172/66 273/170/64
f 269/173/67 300/182/3 274/180/72
f 299/176/26 273/170/64 278/177/69
f 272/172/66 271/171/65 276/178/70 277/179/71
f 270/174/68 269/173/67 274/180/72 275/181/73
f 273/170/64 272/172/66 277/179/71 278/177/69
f 271/171/65 270/174/68 275/181/73 276/178/70
f 299/189/26 278/177/69 283/187/78
f 277/179/71 276/178/70 281/183/74 282/184/75
f 275/181/73 274/180/72 279/185/76 280/186/77
f 278/177/69 277/179/71 282/184/75 283/187/78
f 276/178/70 275/181/73 280/186/77 281/183/74
f 274/180/72 300/188/3 279/185/76
f 299/196/26 283/187/78 288/193/82
f 282/184/75 281/183/74 286/194/1 287/192/81
f 280/186/77 279/185/76 284/190/79 285/191/80
f 283/187/78 282/184/75 287/192/81 288/193/82
f 281/183/74 280/186/77 285/191/80 286/194/1
f 279/185/76 300/195/3 284/190/79
f 299/203/26 288/193/82 293/198/84
f 287/192/81 286/194/1 291/200/86 292/197/83
f 285/191/80 284/190/79 289/202/87 290/199/85
f 288/193/82 287/192/81 292/197/83 293/198/84
f 286/194/1 285/191/80 290/199/85 291/200/86
f 284/190/79 300/201/3 289/202/87
f 292/197/83 291/200/86 296/207/91 297/204/88
f 290/199/85 289/202/87 294/209/92 295/206/90
f 293/198/84 292/197/83 297/204/88 298/205/89
f 291/200/86 290/199/85 295/206/90 296/207/91
f 289/202/87 300/208/3 294/209/92
f 299/210/26 293/198/84 298/205/89
f 295/216/90 294/219/92 301/221/97 302/217/95
f 298/211/89 297/212/88 304/213/93 305/214/94
f 296/215/91 295/216/90 302/217/95 303/218/96
f 294/219/92 300/220/3 301/221/97
f 299/222/26 298/211/89 305/214/94
f 297/212/88 296/215/91 303/218/96 304/213/93
f 305/214/94 304/213/93 309/223/98 310/224/99
f 303/218/96 302/217/95 307/225/100 308/226/101
f 301/221/97 300/227/3 306/228/102
f 299/229/26 305/214/94 310/224/99
f 304/213/93 303/218/96 308/226/101 309/223/98
f 302/217/95 301/221/97 306/228/102 307/225/100
f 310/224/99 309/223/98 314/167/62 315/165/60
f 308/226/101 307/225/100 312/158/55 313/157/5
f 306/228/102 300/230/3 311/161/58
f 299/231/26 310/224/99 315/165/60
f 309/223/98 308/226/101 313/157/5 314/167/62
f 307/225/100 306/228/102 311/161/58 312/158/55
f 364/158/55 363/161/58 316/163/59 317/159/56
f 367/165/60 366/167/62 319/168/63 320/166/61
f 365/157/5 364/158/55 317/159/56 318/160/57
f 363/161/58 352/162/3 316/163/59
f 351/164/26 367/165/60 320/166/61
f 366/167/62 365/157/5 318/160/57 319/168/63
f 320/166/61 319/168/63 324/172/66 325/170/64
f 318/160/57 317/159/56 322/174/68 323/171/65
f 316/163/59 352/175/3 321/173/67
f 351/169/26 320/166/61 325/170/64
f 319/168/63 318/160/57 323/171/65 324/172/66
f 317/159/56 316/163/59 321/173/67 322/174/68
f 325/170/64 324/172/66 329/179/71 330/177/69
f 323/171/65 322/174/68 327/181/73 328/178/70
f 321/173/67 352/182/3 326/180/72
f 351/176/26 325/170/64 330/177/69
f 324/172/66 323/171/65 328/178/70 329/179/71
f 322/174/68 321/173/67 326/180/72 327/181/73
f 328/178/70 327/181/73 332/186/77 333/183/74
f 326/180/72 352/188/3 331/185/76
f 351/189/26 330/177/69 335/187/78
f 329/179/71 328/178/70 333/183/74 334/184/75
f 327/181/73 326/180/72 331/185/76 332/186/77
f 330/177/69 329/179/71 334/184/75 335/187/78
f 331/185/76 352/195/3 336/190/79
f 351/196/26 335/187/78 340/193/82
f 334/184/75 333/183/74 338/194/1 339/192/81
f 332/186/77 331/185/76 336/190/79 337/191/80
f 335/187/78 334/184/75 339/192/81 340/193/82
f 333/183/74 332/186/77 337/191/80 338/194/1
f 351/203/26 340/193/82 345/198/84
f 339/192/81 338/194/1 343/200/86 344/197/83
f 337/191/80 336/190/79 341/202/87 342/199/85
f 340/193/82 339/192/81 344/197/83 345/198/84
f 338/194/1 337/191/80 342/199/85 343/200/86
f 336/190/79 352/201/3 341/202/87
f 351/210/26 345/198/84 350/205/89
f 344/197/83 343/200/86 348/207/91 349/204/88
f 342/199/85 341/202/87 346/209/92 347/206/90
f 345/198/84 344/197/83 349/204/88 350/205/89
f 343/200/86 342/199/85 347/206/90 348/207/91
f 341/202/87 352/208/3 346/209/92
f 351/222/26 350/211/89 357/214/94
f 349/212/88 348/215/91 355/218/96 356/213/93
f 347/216/90 346/219/92 353/221/97 354/217/95
f 350/211/89 349/212/88 356/213/93 357/214/94
f 348/215/91 347/216/90 354/217/95 355/218/96
f 346/219/92 352/220/3 353/221/97
f 356/213/93 355/218/96 360/226/101 361/223/98
f 354/217/95 353/221/97 358/228/102 359/225/100
f 357/214/94 356/213/93 361/223/98 362/224/99
f 355/218/96 354/217/95 359/225/100 360/226/101
f 353/221/97 352/227/3 358/228/102
f 351/229/26 357/214/94 362/224/99
f 359/225/100 358/228/102 363/161/58 364/158/55
f 362/224/99 361/223/98 366/167/62 367/165/60
f 360/226/101 359/225/100 364/158/55 365/157/5
f 358/228/102 352/230/3 363/161/58
f 351/231/26 362/224/99 367/165/60
f 361/223/98 360/226/101 365/157/5 366/167/62
f 416/158/55 415/161/58 368/163/59 369/159/56
f 419/165/60 418/167/62 371/168/63 372/166/61
f 417/157/5 416/158/55 369/159/56 370/160/57
f 415/161/58 404/162/3 368/163/59
f 403/164/26 419/165/60 372/166/61
f 418/167/62 417/157/5 370/160/57 371/168/63
f 372/166/61 371/168/63 376/172/66 377/170/64
f 370/160/57 369/159/56 374/174/68 375/171/65
f 368/163/59 404/175/3 373/173/67
f 403/169/26 372/166/61 377/170/64
f 371/168/63 370/160/57 375/171/65 376/172/66
f 369/159/56 368/163/59 373/173/67 374/174/68
f 377/170/64 376/172/66 381/179/71 382/177/69
f 375/171/65 374/174/68 379/181/73 380/178/70
f 373/173/67 404/182/3 378/180/72
f 403/176/26 377/170/64 382/177/69
f 376/172/66 375/171/65 380/178/70 381/179/71
f 374/174/68 373/173/67 378/180/72 379/181/73
f 380/178/70 379/181/73 384/186/77 385/183/74
f 378/180/72 404/188/3 383/185/76
f 403/189/26 382/177/69 387/187/78
f 381/179/71 380/178/70 385/183/74 386/184/75
f 379/181/73 378/180/72 383/185/76 384/186/77
f 382/177/69 381/179/71 386/184/75 387/187/78
f 383/185/76 404/195/3 388/190/79
f 403/196/26 387/187/78 392/193/82
f 386/184/75 385/183/74 390/194/1 391/192/81
f 384/186/77 383/185/76 388/190/79 389/191/80
f 387/187/78 386/184/75 391/192/81 392/193/82
f 385/183/74 384/186/77 389/191/80 390/194/1
f 403/203/26 392/193/82 397/198/84
f 391/192/81 390/194/1 395/200/86 396/197/83
f 389/191/80 388/190/79 393/202/87 394/199/85
f 392/193/82 391/192/81 396/197/83 397/198/84
f 390/194/1 389/191/80 394/199/85 395/200/86
f 388/190/79 404/201/3 393/202/87
f 403/210/26 397/198/84 402/205/89
f 396/197/83 395/200/86 400/207/91 401/204/88
f 394/199/85 393/202/87 398/209/92 399/206/90
f 397/198/84 396/197/83 401/204/88 402/205/89
f 395/200/86 394/199/85 399/206/90 400/207/91
f 393/202/87 404/208/3 398/209/92
f 403/222/26 402/211/89 409/214/94
f 401/212/88 400/215/91 407/218/96 408/213/93
f 399/216/90 398/219/92 405/221/97 406/217/95
f 402/211/89 401/212/88 408/213/93 409/214/94
f 400/215/91 399/216/90 406/217/95 407/218/96
f 398/219/92 404/220/3 405/221/97
f 408/213/93 407/218/96 412/226/101 413/223/98
f 406/217/95 405/221/97 410/228/102 411/225/100
f 409/214/94 408/213/93 413/223/98 414/224/99
f 407/218/96 406/217/95 411/225/100 412/226/101
f 405/221/97 404/227/3 410/228/102
f 403/229/26 409/214/94 414/224/99
f 411/225/100 410/228/102 415/161/58 416/158/55
f 414/224/99 413/223/98 418/167/62 419/165/60
f 412/226/101 411/225/100 416/158/55 417/157/5
f 410/228/102 404/230/3 415/161/58
f 403/231/26 414/224/99 419/165/60
f 413/223/98 412/226/101 417/157/5 418/167/62
f 471/165/60 470/167/62 423/168/63 424/166/61
f 469/157/5 468/158/55 421/159/56 422/160/57
f 467/161/58 456/162/3 420/163/59
f 455/164/26 471/165/60 424/166/61
f 470/167/62 469/157/5 422/160/57 423/168/63
f 468/158/55 467/161/58 420/163/59 421/159/56
f 420/163/59 456/175/3 425/173/67
f 455/169/26 424/166/61 429/170/64
f 423/168/63 422/160/57 427/171/65 428/172/66
f 421/159/56 420/163/59 425/173/67 426/174/68
f 424/166/61 423/168/63 428/172/66 429/170/64
f 422/160/57 421/159/56 426/174/68 427/171/65
f 455/176/26 429/170/64 434/177/69
f 428/172/66 427/171/65 432/178/70 433/179/71
f 426/174/68 425/173/67 430/180/72 431/181/73
f 429/170/64 428/172/66 433/179/71 434/177/69
f 427/171/65 426/174/68 431/181/73 432/178/70
f 425/173/67 456/182/3 430/180/72
f 455/189/26 434/177/69 439/187/78
f 433/179/71 432/178/70 437/183/74 438/184/75
f 431/181/73 430/180/72 435/185/76 436/186/77
f 434/177/69 433/179/71 438/184/75 439/187/78
f 432/178/70 431/181/73 436/186/77 437/183/74
f 430/180/72 456/188/3 435/185/76
f 455/196/26 439/187/78 444/193/82
f 438/184/75 437/183/74 442/194/1 443/192/81
f 436/186/77 435/185/76 440/190/79 441/191/80
f 439/187/78 438/184/75 443/192/81 444/193/82
f 437/183/74 436/186/77 441/191/80 442/194/1
f 435/185/76 456/195/3 440/190/79
f 443/192/81 442/194/1 447/200/86 448/197/83
f 441/191/80 440/190/79 445/202/87 446/199/85
f 444/193/82 443/192/81 448/197/83 449/198/84
f 442/194/1 441/191/80 446/199/85 447/200/86
f 440/190/79 456/201/3 445/202/87
f 455/203/26 444/193/82 449/198/84
f 446/199/85 445/202/87 450/209/92 451/206/90
f 449/198/84 448/197/83 453/204/88 454/205/89
f 447/200/86 446/199/85 451/206/90 452/207/91
f 445/202/87 456/208/3 450/209/92
f 455/210/26 449/198/84 454/205/89
f 448/197/83 447/200/86 452/207/91 453/204/88
f 454/211/89 453/212/88 460/213/93 461/214/94
f 452/215/91 451/216/90 458/217/95 459/218/96
f 450/219/92 456/220/3 457/221/97
f 455/222/26 454/211/89 461/214/94
f 453/212/88 452/215/91 459/218/96 460/213/93
f 451/216/90 450/219/92 457/221/97 458/217/95
f 461/214/94 460/213/93 465/223/98 466/224/99
f 459/218/96 458/217/95 463/225/100 464/226/101
f 457/221/97 456/227/3 462/228/102
f 455/229/26 461/214/94 466/224/99
f 460/213/93 459/218/96 464/226/101 465/223/98
f 458/217/95 457/221/97 462/228/102 463/225/100
f 466/224/99 465/223/98 470/167/62 471/165/60
f 464/226/101 463/225/100 468/158/55 469/157/5
f 462/228/102 456/230/3 467/161/58
f 455/231/26 466/224/99 471/165/60
f 465/223/98 464/226/101 469/157/5 470/167/62
f 463/225/100 462/228/102 467/161/58 468/158/55
f 521/157/5 520/158/55 473/232/56 474/160/57
f 519/233/58 508/234/3 472/235/59
f 502/236/26 523/237/60 476/238/61
f 522/239/62 521/157/5 474/160/57 475/168/63
f 520/158/55 519/233/58 472/235/59 473/232/56
f 523/237/60 522/239/62 475/168/63 476/238/61
f 502/169/26 476/238/61 481/240/64
f 475/168/63 474/160/57 479/171/65 480/172/66
f 473/232/56 472/235/59 477/241/67 478/174/68
f 476/238/61 475/168/63 480/172/66 481/240/64
f 474/160/57 473/232/56 478/174/68 479/171/65
f 472/235/59 508/175/3 477/241/67
f 502/176/26 481/240/64 486/242/69
f 480/172/66 479/171/65 484/243/70 485/244/71
f 478/174/68 477/241/67 482/245/72 483/246/73
f 481/240/64 480/172/66 485/244/71 486/242/69
f 479/171/65 478/174/68 483/246/73 484/243/70
f 477/241/67 508/182/3 482/245/72
f 485/244/71 484/243/70 489/183/74 490/247/75
f 483/246/73 482/245/72 487/248/76 488/249/77
f 486/242/69 485/244/71 490/247/75 491/250/78
f 484/243/70 483/246/73 488/249/77 489/183/74
f 482/245/72 508/251/3 487/248/76
f 502/252/26 486/242/69 491/250/78
f 488/249/77 487/248/76 492/253/79 493/191/80
f 491/250/78 490/247/75 495/192/81 496/254/82
f 489/183/74 488/249/77 493/191/80 494/194/1
f 487/248/76 508/195/3 492/253/79
f 502/196/26 491/250/78 496/254/82
f 490/247/75 489/183/74 494/194/1 495/192/81
f 496/254/82 495/192/81 500/197/83 501/255/84
f 494/194/1 493/191/80 498/199/85 499/200/86
f 492/253/79 508/201/3 497/256/87
f 502/203/26 496/254/82 501/255/84
f 495/192/81 494/194/1 499/200/86 500/197/83
f 493/191/80 492/253/79 497/256/87 498/199/85
f 501/255/84 500/197/83 506/204/88 507/257/89
f 499/200/86 498/199/85 504/206/90 505/207/91
f 497/256/87 508/258/3 503/259/92
f 502/260/26 501/255/84 507/257/89
f 500/197/83 499/200/86 505/207/91 506/204/88
f 498/199/85 497/256/87 503/259/92 504/206/90
f 507/261/89 506/212/88 512/262/93 513/263/94
f 505/215/91 504/216/90 510/264/95 511/218/96
f 503/265/92 508/220/3 509/266/97
f 502/222/26 507/261/89 513/263/94
f 506/212/88 505/215/91 511/218/96 512/262/93
f 504/216/90 503/265/92 509/266/97 510/264/95
f 513/263/94 512/262/93 517/223/98 518/267/99
f 511/218/96 510/264/95 515/225/100 516/226/101
f 509/266/97 508/227/3 514/268/102
f 502/229/26 513/263/94 518/267/99
f 512/262/93 511/218/96 516/226/101 517/223/98
f 510/264/95 509/266/97 514/268/102 515/225/100
f 516/226/101 515/225/100 520/158/55 521/157/5
f 514/268/102 508/230/3 519/233/58
f 502/231/26 518/267/99 523/237/60
f 517/223/98 516/226/101 521/157/5 522/239/62
f 515/225/100 514/268/102 519/233/58 520/158/55
f 518/267/99 517/223/98 522/239/62 523/237/60
f 575/237/60 574/239/62 527/168/63 528/238/61
f 573/157/5 572/158/55 525/232/56 526/160/57
f 571/233/58 560/234/3 524/235/59
f 554/236/26 575/237/60 528/238/61
f 574/239/62 573/157/5 526/160/57 527/168/63
f 572/158/55 571/233/58 524/235/59 525/232/56
f 554/169/26 528/238/61 533/240/64
f 527/168/63 526/160/57 531/171/65 532/172/66
f 525/232/56 524/235/59 529/241/67 530/174/68
f 528/238/61 527/168/63 532/172/66 533/240/64
f 526/160/57 525/232/56 530/174/68 531/171/65
f 524/235/59 560/175/3 529/241/67
f 554/176/26 533/240/64 538/242/69
f 532/172/66 531/171/65 536/243/70 537/244/71
f 530/174/68 529/241/67 534/245/72 535/246/73
f 533/240/64 532/172/66 537/244/71 538/242/69
f 531/171/65 530/174/68 535/246/73 536/243/70
f 529/241/67 560/182/3 534/245/72
f 554/252/26 538/242/69 543/250/78
f 537/244/71 536/243/70 541/183/74 542/247/75
f 535/246/73 534/245/72 539/248/76 540/249/77
f 538/242/69 537/244/71 542/247/75 543/250/78
f 536/243/70 535/246/73 540/249/77 541/183/74
f 534/245/72 560/251/3 539/248/76
f 542/247/75 541/183/74 546/194/1 547/192/81
f 540/249/77 539/248/76 544/253/79 545/191/80
f 543/250/78 542/247/75 547/192/81 548/254/82
f 541/183/74 540/249/77 545/191/80 546/194/1
f 539/248/76 560/195/3 544/253/79
f 554/196/26 543/250/78 548/254/82
f 545/191/80 544/253/79 549/256/87 550/199/85
f 548/254/82 547/192/81 552/197/83 553/255/84
f 546/194/1 545/191/80 550/199/85 551/200/86
f 544/253/79 560/201/3 549/256/87
f 554/203/26 548/254/82 553/255/84
f 547/192/81 546/194/1 551/200/86 552/197/83
f 553/255/84 552/197/83 558/204/88 559/257/89
f 551/200/86 550/199/85 556/206/90 557/207/91
f 549/256/87 560/258/3 555/259/92
f 554/260/26 553/255/84 559/257/89
f 552/197/83 551/200/86 557/207/91 558/204/88
f 550/199/85 549/256/87 555/259/92 556/206/90
f 559/261/89 558/212/88 564/262/93 565/263/94
f 557/215/91 556/216/90 562/264/95 563/218/96
f 555/265/92 560/220/3 561/266/97
f 554/222/26 559/261/89 565/263/94
f 558/212/88 557/215/91 563/218/96 564/262/93
f 556/216/90 555/265/92 561/266/97 562/264/95
f 565/263/94 564/262/93 569/223/98 570/267/99
f 563/218/96 562/264/95 567/225/100 568/226/101
f 561/266/97 560/227/3 566/268/102
f 554/229/26 565/263/94 570/267/99
f 564/262/93 563/218/96 568/226/101 569/223/98
f 562/264/95 561/266/97 566/268/102 567/225/100
f 570/267/99 569/223/98 574/239/62 575/237/60
f 568/226/101 567/225/100 572/158/55 573/157/5
f 566/268/102 560/230/3 571/233/58
f 554/231/26 570/267/99 575/237/60
f 569/223/98 568/226/101 573/157/5 574/239/62
f 567/225/100 566/268/102 571/233/58 572/158/55
f 627/237/60 626/239/62 579/168/63 580/238/61
f 625/157/5 624/158/55 577/232/56 578/160/57
f 623/233/58 612/234/3 576/235/59
f 606/236/26 627/237/60 580/238/61
f 626/239/62 625/157/5 578/160/57 579/168/63
f 624/158/55 623/233/58 576/235/59 577/232/56
f 606/169/26 580/238/61 585/240/64
f 579/168/63 578/160/57 583/171/65 584/172/66
f 577/232/56 576/235/59 581/241/67 582/174/68
f 580/238/61 579/168/63 584/172/66 585/240/64
f 578/160/57 577/232/56 582/174/68 583/171/65
f 576/235/59 612/175/3 581/241/67
f 606/176/26 585/240/64 590/242/69
f 584/172/66 583/171/65 588/243/70 589/244/71
f 582/174/68 581/241/67 586/245/72 587/246/73
f 585/240/64 584/172/66 589/244/71 590/242/69
f 583/171/65 582/174/68 587/246/73 588/243/70
f 581/241/67 612/182/3 586/245/72
f 606/252/26 590/242/69 595/250/78
f 589/244/71 588/243/70 593/183/74 594/247/75
f 587/246/73 586/245/72 591/248/76 592/249/77
f 590/242/69 589/244/71 594/247/75 595/250/78
f 588/243/70 587/246/73 592/249/77 593/183/74
f 586/245/72 612/251/3 591/248/76
f 594/247/75 593/183/74 598/194/1 599/192/81
f 592/249/77 591/248/76 596/253/79 597/191/80
f 595/250/78 594/247/75 599/192/81 600/254/82
f 593/183/74 592/249/77 597/191/80 598/194/1
f 591/248/76 612/195/3 596/253/79
f 606/196/26 595/250/78 600/254/82
f 597/191/80 596/253/79 601/256/87 602/199/85
f 600/254/82 599/192/81 604/197/83 605/255/84
f 598/194/1 597/191/80 602/199/85 603/200/86
f 596/253/79 612/201/3 601/256/87
f 606/203/26 600/254/82 605/255/84
f 599/192/81 598/194/1 603/200/86 604/197/83
f 605/255/84 604/197/83 610/204/88 611/257/89
f 603/200/86 602/199/85 608/206/90 609/207/91
f 601/256/87 612/258/3 607/259/92
f 606/260/26 605/255/84 611/257/89
f 604/197/83 603/200/86 609/207/91 610/204/88
f 602/199/85 601/256/87 607/259/92 608/206/90
f 611/261/89 610/212/88 616/262/93 617/263/94
f 609/215/91 608/216/90 614/264/95 615/218/96
f 607/265/92 612/220/3 613/266/97
f 606/222/26 611/261/89 617/263/94
f 610/212/88 609/215/91 615/218/96 616/262/93
f 608/216/90 607/265/92 613/266/97 614/264/95
f 617/263/94 616/262/93 621/223/98 622/267/99
f 615/218/96 614/264/95 619/225/100 620/226/101
f 613/266/97 612/227/3 618/268/102
f 606/229/26 617/263/94 622/267/99
f 616/262/93 615/218/96 620/226/101 621/223/98
f 614/264/95 613/266/97 618/268/102 619/225/100
f 622/267/99 621/223/98 626/239/62 627/237/60
f 620/226/101 619/225/100 624/158/55 625/157/5
f 618/268/102 612/230/3 623/233/58
f 606/231/26 622/267/99 627/237/60
f 621/223/98 620/226/101 625/157/5 626/239/62
f 619/225/100 618/268/102 623/233/58 624/158/55
f 679/237/60 678/239/62 631/168/63 632/238/61
f 677/157/5 676/158/55 629/232/56 630/160/57
f 675/233/58 664/234/3 628/235/59
f 658/236/26 679/237/60 632/238/61
f 678/239/62 677/157/5 630/160/57 631/168/63
f 676/158/55 675/233/58 628/235/59 629/232/56
f 630/160/57 629/232/56 634/174/68 635/171/65
f 628/235/59 664/175/3 633/241/67
f 658/169/26 632/238/61 637/240/64
f 631/168/63 630/160/57 635/171/65 636/172/66
f 629/232/56 628/235/59 633/241/67 634/174/68
f 632/238/61 631/168/63 636/172/66 637/240/64
f 633/241/67 664/182/3 638/245/72
f 658/176/26 637/240/64 642/242/69
f 636/172/66 635/171/65 640/243/70 641/244/71
f 634/174/68 633/241/67 638/245/72 639/246/73
f 637/240/64 636/172/66 641/244/71 642/242/69
f 635/171/65 634/174/68 639/246/73 640/243/70
f 658/252/26 642/242/69 647/250/78
f 641/244/71 640/243/70 645/183/74 646/247/75
f 639/246/73 638/245/72 643/248/76 644/249/77
f 642/242/69 641/244/71 646/247/75 647/250/78
f 640/243/70 639/246/73 644/249/77 645/183/74
f 638/245/72 664/251/3 643/248/76
f 658/196/26 647/250/78 652/254/82
f 646/247/75 645/183/74 650/194/1 651/192/81
f 644/249/77 643/248/76 648/253/79 649/191/80
f 647/250/78 646/247/75 651/192/81 652/254/82
f 645/183/74 644/249/77 649/191/80 650/194/1
f 643/248/76 664/195/3 648/253/79
f 658/203/26 652/254/82 657/255/84
f 651/192/81 650/194/1 655/200/86 656/197/83
f 649/191/80 648/253/79 653/256/87 654/199/85
f 652/254/82 651/192/81 656/197/83 657/255/84
f 650/194/1 649/191/80 654/199/85 655/200/86
f 648/253/79 664/201/3 653/256/87
f 656/197/83 655/200/86 661/207/91 662/204/88
f 654/199/85 653/256/87 659/259/92 660/206/90
f 657/255/84 656/197/83 662/204/88 663/257/89
f 655/200/86 654/199/85 660/206/90 661/207/91
f 653/256/87 664/258/3 659/259/92
f 658/260/26 657/255/84 663/257/89
f 660/216/90 659/265/92 665/266/97 666/264/95
f 663/261/89 662/212/88 668/262/93 669/263/94
f 661/215/91 660/216/90 666/264/95 667/218/96
f 659/265/92 664/220/3 665/266/97
f 658/222/26 663/261/89 669/263/94
f 662/212/88 661/215/91 667/218/96 668/262/93
f 669/263/94 668/262/93 673/223/98 674/267/99
f 667/218/96 666/264/95 671/225/100 672/226/101
f 665/266/97 664/227/3 670/268/102
f 658/229/26 669/263/94 674/267/99
f 668/262/93 667/218/96 672/226/101 673/223/98
f 666/264/95 665/266/97 670/268/102 671/225/100
f 674/267/99 673/223/98 678/239/62 679/237/60
f 672/226/101 671/225/100 676/158/55 677/157/5
f 670/268/102 664/230/3 675/233/58
f 658/231/26 674/267/99 679/237/60
f 673/223/98 672/226/101 677/157/5 678/239/62
f 671/225/100 670/268/102 675/233/58 676/158/55
f 716/236/26 731/237/60 684/238/61
f 730/167/62 729/157/5 682/160/57 683/168/63
f 728/158/55 727/233/58 680/235/59 681/159/56
f 731/237/60 730/167/62 683/168/63 684/238/61
f 729/157/5 728/158/55 681/159/56 682/160/57
f 727/233/58 710/234/3 680/235/59
f 681/159/56 680/235/59 685/241/67 686/174/68
f 684/238/61 683/168/63 688/172/66 689/240/64
f 682/160/57 681/159/56 686/174/68 687/171/65
f 680/235/59 710/175/3 685/241/67
f 716/169/26 684/238/61 689/240/64
f 683/168/63 682/160/57 687/171/65 688/172/66
f 689/240/64 688/172/66 693/269/71 694/242/69
f 687/171/65 686/174/68 691/270/73 692/243/70
f 685/241/67 710/182/3 690/245/72
f 716/176/26 689/240/64 694/242/69
f 688/172/66 687/171/65 692/243/70 693/269/71
f 686/174/68 685/241/67 690/245/72 691/270/73
f 694/242/69 693/269/71 698/184/75 699/250/78
f 692/243/70 691/270/73 696/271/77 697/183/74
f 690/245/72 710/251/3 695/248/76
f 716/252/26 694/242/69 699/250/78
f 693/269/71 692/243/70 697/183/74 698/184/75
f 691/270/73 690/245/72 695/248/76 696/271/77
f 699/250/78 698/184/75 703/192/81 704/254/82
f 697/183/74 696/271/77 701/272/80 702/194/1
f 695/248/76 710/195/3 700/253/79
f 716/196/26 699/250/78 704/254/82
f 698/184/75 697/183/74 702/194/1 703/192/81
f 696/271/77 695/248/76 700/253/79 701/272/80
f 704/254/82 703/192/81 708/197/83 709/255/84
f 702/194/1 701/272/80 706/273/85 707/200/86
f 700/253/79 710/201/3 705/256/87
f 716/203/26 704/254/82 709/255/84
f 703/192/81 702/194/1 707/200/86 708/197/83
f 701/272/80 700/253/79 705/256/87 706/273/85
f 707/200/86 706/273/85 712/206/90 713/207/91
f 705/256/87 710/258/3 711/259/92
f 716/260/26 709/255/84 715/257/89
f 708/197/83 707/200/86 713/207/91 714/204/88
f 706/273/85 705/256/87 711/259/92 712/206/90
f 709/255/84 708/197/83 714/204/88 715/257/89
f 711/265/92 710/220/3 717/274/97
f 716/222/26 715/261/89 721/275/94
f 714/212/88 713/215/91 719/276/96 720/213/93
f 712/216/90 711/265/92 717/274/97 718/217/95
f 715/261/89 714/212/88 720/213/93 721/275/94
f 713/215/91 712/216/90 718/217/95 719/276/96
f 716/229/26 721/275/94 726/267/99
f 720/213/93 719/276/96 724/226/101 725/223/98
f 718/217/95 717/274/97 722/268/102 723/225/100
f 721/275/94 720/213/93 725/223/98 726/267/99
f 719/276/96 718/217/95 723/225/100 724/226/101
f 717/274/97 710/227/3 722/268/102
f 716/231/26 726/267/99 731/237/60
f 725/223/98 724/226/101 729/157/5 730/167/62
f 723/225/100 722/268/102 727/233/58 728/158/55
f 726/267/99 725/223/98 730/167/62 731/237/60
f 724/226/101 723/225/100 728/158/55 729/157/5
f 722/268/102 710/230/3 727/233/58
f 783/237/60 782/167/62 735/168/63 736/238/61
f 781/157/5 780/158/55 733/159/56 734/160/57
f 779/233/58 762/234/3 732/235/59
f 768/236/26 783/237/60 736/238/61
f 782/167/62 781/157/5 734/160/57 735/168/63
f 780/158/55 779/233/58 732/235/59 733/159/56
f 768/169/26 736/238/61 741/240/64
f 735/168/63 734/160/57 739/171/65 740/172/66
f 733/159/56 732/235/59 737/241/67 738/174/68
f 736/238/61 735/168/63 740/172/66 741/240/64
f 734/160/57 733/159/56 738/174/68 739/171/65
f 732/235/59 762/175/3 737/241/67
f 768/176/26 741/240/64 746/242/69
f 740/172/66 739/171/65 744/243/70 745/269/71
f 738/174/68 737/241/67 742/245/72 743/270/73
f 741/240/64 740/172/66 745/269/71 746/242/69
f 739/171/65 738/174/68 743/270/73 744/243/70
f 737/241/67 762/182/3 742/245/72
f 768/252/26 746/242/69 751/250/78
f 745/269/71 744/243/70 749/183/74 750/184/75
f 743/270/73 742/245/72 747/248/76 748/271/77
f 746/242/69 745/269/71 750/184/75 751/250/78
f 744/243/70 743/270/73 748/271/77 749/183/74
f 742/245/72 762/251/3 747/248/76
f 750/184/75 749/183/74 754/194/1 755/192/81
f 748/271/77 747/248/76 752/253/79 753/272/80
f 751/250/78 750/184/75 755/192/81 756/254/82
f 749/183/74 748/271/77 753/272/80 754/194/1
f 747/248/76 762/195/3 752/253/79
f 768/196/26 751/250/78 756/254/82
f 753/272/80 752/253/79 757/256/87 758/273/85
f 756/254/82 755/192/81 760/197/83 761/255/84
f 754/194/1 753/272/80 758/273/85 759/200/86
f 752/253/79 762/201/3 757/256/87
f 768/203/26 756/254/82 761/255/84
f 755/192/81 754/194/1 759/200/86 760/197/83
f 761/255/84 760/197/83 766/204/88 767/257/89
f 759/200/86 758/273/85 764/206/90 765/207/91
f 757/256/87 762/258/3 763/259/92
f 768/260/26 761/255/84 767/257/89
f 760/197/83 759/200/86 765/207/91 766/204/88
f 758/273/85 757/256/87 763/259/92 764/206/90
f 767/261/89 766/212/88 772/213/93 773/275/94
f 765/215/91 764/216/90 770/217/95 771/276/96
f 763/265/92 762/220/3 769/274/97
f 768/222/26 767/261/89 773/275/94
f 766/212/88 765/215/91 771/276/96 772/213/93
f 764/216/90 763/265/92 769/274/97 770/217/95
f 773/275/94 772/213/93 777/223/98 778/267/99
f 771/276/96 770/217/95 775/225/100 776/226/101
f 769/274/97 762/227/3 774/268/102
f 768/229/26 773/275/94 778/267/99
f 772/213/93 771/276/96 776/226/101 777/223/98
f 770/217/95 769/274/97 774/268/102 775/225/100
f 778/267/99 777/223/98 782/167/62 783/237/60
f 776/226/101 775/225/100 780/158/55 781/157/5
f 774/268/102 762/230/3 779/233/58
f 768/231/26 778/267/99 783/237/60
f 777/223/98 776/226/101 781/157/5 782/167/62
f 775/225/100 774/268/102 779/233/58 780/158/55
f 831/233/58 814/234/3 784/235/59
f 820/236/26 835/237/60 788/238/61
f 834/167/62 833/157/5 786/160/57 787/168/63
f 832/158/55 831/233/58 784/235/59 785/159/56
f 835/237/60 834/167/62 787/168/63 788/238/61
f 833/157/5 832/158/55 785/159/56 786/160/57
f 820/169/26 788/238/61 793/240/64
f 787/168/63 786/160/57 791/171/65 792/172/66
f 785/159/56 784/235/59 789/241/67 790/174/68
f 788/238/61 787/168/63 792/172/66 793/240/64
f 786/160/57 785/159/56 790/174/68 791/171/65
f 784/235/59 814/175/3 789/241/67
f 792/172/66 791/171/65 796/243/70 797/269/71
f 790/174/68 789/241/67 794/245/72 795/270/73
f 793/240/64 792/172/66 797/269/71 798/242/69
f 791/171/65 790/174/68 795/270/73 796/243/70
f 789/241/67 814/182/3 794/245/72
f 820/176/26 793/240/64 798/242/69
f 795/270/73 794/245/72 799/248/76 800/271/77
f 798/242/69 797/269/71 802/184/75 803/250/78
f 796/243/70 795/270/73 800/271/77 801/183/74
f 794/245/72 814/251/3 799/248/76
f 820/252/26 798/242/69 803/250/78
f 797/269/71 796/243/70 801/183/74 802/184/75
f 803/250/78 802/184/75 807/192/81 808/254/82
f 801/183/74 800/271/77 805/272/80 806/194/1
f 799/248/76 814/195/3 804/253/79
f 820/196/26 803/250/78 808/254/82
f 802/184/75 801/183/74 806/194/1 807/192/81
f 800/271/77 799/248/76 804/253/79 805/272/80
f 808/254/82 807/192/81 812/197/83 813/255/84
f 806/194/1 805/272/80 810/273/85 811/200/86
f 804/253/79 814/201/3 809/256/87
f 820/203/26 808/254/82 813/255/84
f 807/192/81 806/194/1 811/200/86 812/197/83
f 805/272/80 804/253/79 809/256/87 810/273/85
f 813/255/84 812/197/83 818/204/88 819/257/89
f 811/200/86 810/273/85 816/206/90 817/207/91
f 809/256/87 814/258/3 815/259/92
f 820/260/26 813/255/84 819/257/89
f 812/197/83 811/200/86 817/207/91 818/204/88
f 810/273/85 809/256/87 815/259/92 816/206/90
f 819/261/89 818/212/88 824/213/93 825/275/94
f 817/215/91 816/216/90 822/217/95 823/276/96
f 815/265/92 814/220/3 821/274/97
f 820/222/26 819/261/89 825/275/94
f 818/212/88 817/215/91 823/276/96 824/213/93
f 816/216/90 815/265/92 821/274/97 822/217/95
f 823/276/96 822/217/95 827/225/100 828/226/101
f 821/274/97 814/227/3 826/268/102
f 820/229/26 825/275/94 830/267/99
f 824/213/93 823/276/96 828/226/101 829/223/98
f 822/217/95 821/274/97 826/268/102 827/225/100
f 825/275/94 824/213/93 829/223/98 830/267/99
f 826/268/102 814/230/3 831/233/58
f 820/231/26 830/267/99 835/237/60
f 829/223/98 828/226/101 833/157/5 834/167/62
f 827/225/100 826/268/102 831/233/58 832/158/55
f 830/267/99 829/223/98 834/167/62 835/237/60
f 828/226/101 827/225/100 832/158/55 833/157/5
s 0
usemtl WoodBrown
f 81/130/4 82/131/4 84/132/4 83/133/4
f 83/133/5 84/132/5 88/134/5 87/135/5
f 87/135/2 88/134/2 86/136/2 85/137/2
f 85/137/1 86/136/1 82/138/1 81/139/1
f 83/140/26 87/135/26 85/137/26 81/141/26
f 88/134/3 84/142/3 82/143/3 86/136/3
f 89/130/41 90/131/41 92/132/41 91/133/41
f 91/133/42 92/132/42 96/134/42 95/135/42
f 95/135/43 96/134/43 94/136/43 93/137/43
f 93/137/44 94/136/44 90/138/44 89/139/44
f 91/140/26 95/135/26 93/137/26 89/141/26
f 96/134/3 92/142/3 90/143/3 94/136/3
f 97/130/45 98/131/45 100/132/45 99/133/45
f 99/133/46 100/132/46 104/134/46 103/135/46
f 103/135/47 104/134/47 102/136/47 101/137/47
f 101/137/48 102/136/48 98/138/48 97/139/48
f 99/140/26 103/135/26 101/137/26 97/141/26
f 104/134/3 100/142/3 98/143/3 102/136/3
f 925/130/4 926/131/4 928/132/4 927/133/4
f 927/133/5 928/132/5 932/134/5 931/135/5
f 931/135/2 932/134/2 930/136/2 929/137/2
f 929/137/1 930/136/1 926/138/1 925/139/1
f 927/140/26 931/135/26 929/137/26 925/141/26
f 932/134/3 928/142/3 926/143/3 930/136/3
s 1
f 933/277/163 934/278/164 936/317/165 935/318/166
f 935/318/166 936/317/165 938/319/167 937/320/168
f 937/320/168 938/319/167 940/321/169 939/322/170
f 939/322/170 940/321/169 942/323/171 941/324/172
f 941/324/172 942/323/171 944/325/173 943/326/174
f 943/326/174 944/325/173 946/327/175 945/328/176
f 945/328/176 946/327/175 948/329/177 947/330/178
f 947/330/178 948/329/177 950/331/179 949/332/180
f 949/332/180 950/331/179 952/333/181 951/334/182
f 951/334/182 952/333/181 954/335/183 953/336/184
f 936/337/165 934/144/164 956/338/185 954/156/183 952/309/181 950/149/179 948/339/177 946/289/175 944/340/173 942/147/171 940/306/169 938/146/167
f 953/336/184 954/335/183 956/341/185 955/342/186
f 955/342/186 956/341/185 934/343/164 933/344/163
f 933/150/163 935/345/166 937/151/168 939/311/170 941/152/172 943/346/174 945/294/176 947/347/178 949/154/180 951/314/182 953/155/184 955/348/186
s 0
f 1075/130/4 1076/131/4 1078/132/4 1077/133/4
f 1077/133/5 1078/132/5 1082/134/5 1081/135/5
f 1081/135/2 1082/134/2 1080/136/2 1079/137/2
f 1079/137/1 1080/136/1 1076/138/1 1075/139/1
f 1077/140/26 1081/135/26 1079/137/26 1075/141/26
f 1082/134/3 1078/142/3 1076/143/3 1080/136/3
f 1083/130/4 1084/131/4 1086/132/4 1085/133/4
f 1085/133/5 1086/132/5 1090/134/5 1089/135/5
f 1089/135/2 1090/134/2 1088/136/2 1087/137/2
f 1087/137/1 1088/136/1 1084/138/1 1083/139/1
f 1085/140/26 1089/135/26 1087/137/26 1083/141/26
f 1090/134/3 1086/142/3 1084/143/3 1088/136/3
f 1091/130/4 1092/131/4 1094/132/4 1093/133/4
f 1093/133/5 1094/132/5 1098/134/5 1097/135/5
f 1097/135/2 1098/134/2 1096/136/2 1095/137/2
f 1095/137/1 1096/136/1 1092/138/1 1091/139/1
f 1093/140/26 1097/135/26 1095/137/26 1091/141/26
f 1098/134/3 1094/142/3 1092/143/3 1096/136/3
f 1191/130/4 1192/131/4 1194/132/4 1193/133/4
f 1193/133/5 1194/132/5 1198/134/5 1197/135/5
f 1197/135/2 1198/134/2 1196/136/2 1195/137/2
f 1195/137/1 1196/136/1 1192/138/1 1191/139/1
f 1193/140/26 1197/135/26 1195/137/26 1191/141/26
f 1198/134/3 1194/142/3 1192/143/3 1196/136/3
f 1199/130/4 1200/131/4 1202/132/4 1201/133/4
f 1201/133/5 1202/132/5 1206/134/5 1205/135/5
f 1205/135/2 1206/134/2 1204/136/2 1203/137/2
f 1203/137/1 1204/136/1 1200/138/1 1199/139/1
f 1201/140/26 1205/135/26 1203/137/26 1199/141/26
f 1206/134/3 1202/142/3 1200/143/3 1204/136/3
f 1207/130/4 1208/131/4 1210/132/4 1209/133/4
f 1209/133/5 1210/132/5 1214/134/5 1213/135/5
f 1213/135/2 1214/134/2 1212/136/2 1211/137/2
f 1211/137/1 1212/136/1 1208/138/1 1207/139/1
f 1209/140/26 1213/135/26 1211/137/26 1207/141/26
f 1214/134/3 1210/142/3 1208/143/3 1212/136/3
f 1307/130/4 1308/131/4 1310/132/4 1309/133/4
f 1309/133/5 1310/132/5 1314/134/5 1313/135/5
f 1313/135/2 1314/134/2 1312/136/2 1311/137/2
f 1311/137/1 1312/136/1 1308/138/1 1307/139/1
f 1309/140/26 1313/135/26 1311/137/26 1307/141/26
f 1314/134/3 1310/142/3 1308/143/3 1312/136/3
f 1315/130/4 1316/131/4 1318/132/4 1317/133/4
f 1317/133/5 1318/132/5 1322/134/5 1321/135/5
f 1321/135/2 1322/134/2 1320/136/2 1319/137/2
f 1319/137/1 1320/136/1 1316/138/1 1315/139/1
f 1317/140/26 1321/135/26 1319/137/26 1315/141/26
f 1322/134/3 1318/142/3 1316/143/3 1320/136/3
f 1323/130/4 1324/131/4 1326/132/4 1325/133/4
f 1325/133/5 1326/132/5 1330/134/5 1329/135/5
f 1329/135/2 1330/134/2 1328/136/2 1327/137/2
f 1327/137/1 1328/136/1 1324/138/1 1323/139/1
f 1325/140/26 1329/135/26 1327/137/26 1323/141/26
f 1330/134/3 1326/142/3 1324/143/3 1328/136/3
f 1423/130/4 1424/131/4 1426/132/4 1425/133/4
f 1425/133/5 1426/132/5 1430/134/5 1429/135/5
f 1429/135/2 1430/134/2 1428/136/2 1427/137/2
f 1427/137/1 1428/136/1 1424/138/1 1423/139/1
f 1425/140/26 1429/135/26 1427/137/26 1423/141/26
f 1430/134/3 1426/142/3 1424/143/3 1428/136/3
f 1431/130/4 1432/131/4 1434/132/4 1433/133/4
f 1433/133/5 1434/132/5 1438/134/5 1437/135/5
f 1437/135/2 1438/134/2 1436/136/2 1435/137/2
f 1435/137/1 1436/136/1 1432/138/1 1431/139/1
f 1433/140/26 1437/135/26 1435/137/26 1431/141/26
f 1438/134/3 1434/142/3 1432/143/3 1436/136/3
f 1439/130/4 1440/131/4 1442/132/4 1441/133/4
f 1441/133/5 1442/132/5 1446/134/5 1445/135/5
f 1445/135/2 1446/134/2 1444/136/2 1443/137/2
f 1443/137/1 1444/136/1 1440/138/1 1439/139/1
f 1441/140/26 1445/135/26 1443/137/26 1439/141/26
f 1446/134/3 1442/142/3 1440/143/3 1444/136/3
f 1539/130/4 1540/131/4 1542/132/4 1541/133/4
f 1541/133/5 1542/132/5 1546/134/5 1545/135/5
f 1545/135/2 1546/134/2 1544/136/2 1543/137/2
f 1543/137/1 1544/136/1 1540/138/1 1539/139/1
f 1541/140/26 1545/135/26 1543/137/26 1539/141/26
f 1546/134/3 1542/142/3 1540/143/3 1544/136/3
f 1547/130/4 1548/131/4 1550/132/4 1549/133/4
f 1549/133/5 1550/132/5 1554/134/5 1553/135/5
f 1553/135/2 1554/134/2 1552/136/2 1551/137/2
f 1551/137/1 1552/136/1 1548/138/1 1547/139/1
f 1549/140/26 1553/135/26 1551/137/26 1547/141/26
f 1554/134/3 1550/142/3 1548/143/3 1552/136/3
f 1555/130/4 1556/131/4 1558/132/4 1557/133/4
f 1557/133/5 1558/132/5 1562/134/5 1561/135/5
f 1561/135/2 1562/134/2 1560/136/2 1559/137/2
f 1559/137/1 1560/136/1 1556/138/1 1555/139/1
f 1557/140/26 1561/135/26 1559/137/26 1555/141/26
f 1562/134/3 1558/142/3 1556/143/3 1560/136/3
usemtl BrickDark
f 105/130/4 106/131/4 108/132/4 107/133/4
f 107/133/5 108/132/5 112/134/5 111/135/5
f 111/135/2 112/134/2 110/136/2 109/137/2
f 109/137/1 110/136/1 106/138/1 105/139/1
f 107/140/26 111/135/26 109/137/26 105/141/26
f 112/134/3 108/142/3 106/143/3 110/136/3
usemtl GoldTrim
f 844/277/103 845/278/103 847/279/103 846/280/103
f 846/280/2 847/279/2 849/281/2 848/282/2
f 848/282/104 849/281/104 851/283/104 850/284/104
f 850/284/105 851/283/105 853/285/105 852/286/105
f 847/146/3 845/144/3 855/287/3 853/288/3 851/289/3 849/147/3
f 852/286/4 853/285/4 855/290/4 854/291/4
f 854/291/106 855/290/106 845/292/106 844/293/106
f 844/150/26 846/151/26 848/152/26 850/294/26 852/154/26 854/155/26
s 1
f 981/349/5 980/350/187 957/136/188 958/134/20
f 982/351/189 981/349/5 958/134/20 959/132/190
f 980/350/187 979/352/3 957/136/188
f 972/353/26 982/351/189 959/132/190
f 959/132/190 958/134/20 961/171/2 962/354/191
f 957/136/188 979/355/3 960/356/192
f 972/357/26 959/132/190 962/354/191
f 958/134/20 957/136/188 960/356/192 961/171/2
f 962/354/191 961/171/2 964/135/23 965/133/193
f 960/356/192 979/358/3 963/137/194
f 972/359/26 962/354/191 965/133/193
f 961/171/2 960/356/192 963/137/194 964/135/23
f 964/135/23 963/137/194 966/360/195 967/361/1
f 965/133/193 964/135/23 967/361/1 968/145/196
f 963/137/194 979/362/3 966/360/195
f 972/363/26 965/133/193 968/145/196
f 972/364/26 968/145/196 971/365/197
f 967/361/1 966/360/195 969/141/198 970/140/15
f 968/145/196 967/361/1 970/140/15 971/365/197
f 966/360/195 979/366/3 969/141/198
f 972/367/26 971/365/197 975/368/199
f 970/140/15 969/141/198 973/369/200 974/207/4
f 971/365/197 970/140/15 974/207/4 975/368/199
f 969/141/198 979/370/3 973/369/200
f 972/371/26 975/372/199 978/373/201
f 974/277/4 973/374/200 976/143/202 977/142/17
f 975/372/199 974/277/4 977/142/17 978/373/201
f 973/374/200 979/375/3 976/143/202
f 972/376/26 978/373/201 982/351/189
f 977/142/17 976/143/202 980/350/187 981/349/5
f 978/373/201 977/142/17 981/349/5 982/351/189
f 976/143/202 979/377/3 980/350/187
f 1008/351/189 1007/349/5 984/134/20 985/132/190
f 1006/350/187 1005/352/3 983/136/188
f 998/353/26 1008/351/189 985/132/190
f 1007/349/5 1006/350/187 983/136/188 984/134/20
f 983/136/188 1005/355/3 986/356/192
f 998/357/26 985/132/190 988/354/191
f 984/134/20 983/136/188 986/356/192 987/171/2
f 985/132/190 984/134/20 987/171/2 988/354/191
f 988/354/191 987/171/2 990/135/23 991/133/193
f 986/356/192 1005/358/3 989/137/194
f 998/359/26 988/354/191 991/133/193
f 987/171/2 986/356/192 989/137/194 990/135/23
f 991/133/193 990/135/23 993/361/1 994/145/196
f 989/137/194 1005/362/3 992/360/195
f 998/363/26 991/133/193 994/145/196
f 990/135/23 989/137/194 992/360/195 993/361/1
f 994/145/196 993/361/1 996/140/15 997/365/197
f 992/360/195 1005/366/3 995/141/198
f 998/364/26 994/145/196 997/365/197
f 993/361/1 992/360/195 995/141/198 996/140/15
f 997/365/197 996/140/15 1000/207/4 1001/368/199
f 995/141/198 1005/370/3 999/369/200
f 998/367/26 997/365/197 1001/368/199
f 996/140/15 995/141/198 999/369/200 1000/207/4
f 1001/372/199 1000/277/4 1003/142/17 1004/373/201
f 999/374/200 1005/375/3 1002/143/202
f 998/371/26 1001/372/199 1004/373/201
f 1000/277/4 999/374/200 1002/143/202 1003/142/17
f 1003/142/17 1002/143/202 1006/350/187 1007/349/5
f 1004/373/201 1003/142/17 1007/349/5 1008/351/189
f 1002/143/202 1005/377/3 1006/350/187
f 998/376/26 1004/373/201 1008/351/189
s 0
f 1692/130/4 1693/131/4 1695/132/4 1694/133/4
f 1694/133/5 1695/132/5 1699/134/5 1698/135/5
f 1698/135/2 1699/134/2 1697/136/2 1696/137/2
f 1696/137/1 1697/136/1 1693/138/1 1692/139/1
f 1694/140/26 1698/135/26 1696/137/26 1692/141/26
f 1699/134/3 1695/142/3 1693/143/3 1697/136/3
usemtl PinkAccent
f 856/130/4 857/131/4 859/132/4 858/133/4
f 858/133/5 859/132/5 863/134/5 862/135/5
f 862/135/2 863/134/2 861/136/2 860/137/2
f 860/137/1 861/136/1 857/138/1 856/139/1
f 858/140/26 862/135/26 860/137/26 856/141/26
f 863/134/3 859/142/3 857/143/3 861/136/3
s 1
f 1101/400/203 1100/401/5 1103/171/204 1104/354/205
f 1099/402/206 1112/403/3 1102/356/207
f 1111/404/26 1101/400/203 1104/354/205
f 1100/401/5 1099/402/206 1102/356/207 1103/171/204
f 1104/354/205 1103/171/204 1106/405/208 1107/406/209
f 1102/356/207 1112/407/3 1105/408/210
f 1111/409/26 1104/354/205 1107/406/209
f 1103/171/204 1102/356/207 1105/408/210 1106/405/208
f 1107/406/209 1106/405/208 1109/410/1 1110/411/211
f 1105/408/210 1112/195/3 1108/412/212
f 1111/196/26 1107/406/209 1110/411/211
f 1106/405/208 1105/408/210 1108/412/212 1109/410/1
f 1110/411/211 1109/410/1 1114/207/213 1115/368/214
f 1108/412/212 1112/413/3 1113/369/215
f 1111/414/26 1110/411/211 1115/368/214
f 1109/410/1 1108/412/212 1113/369/215 1114/207/213
f 1114/215/213 1113/415/215 1116/416/216 1117/280/217
f 1115/417/214 1114/215/213 1117/280/217 1118/418/218
f 1113/415/215 1112/317/3 1116/416/216
f 1111/419/26 1115/417/214 1118/418/218
f 1111/420/26 1118/418/218 1101/400/203
f 1117/280/217 1116/416/216 1099/402/206 1100/401/5
f 1118/418/218 1117/280/217 1100/401/5 1101/400/203
f 1116/416/216 1112/421/3 1099/402/206
f 1141/400/203 1140/401/5 1143/171/204 1144/354/205
f 1139/402/206 1152/403/3 1142/356/207
f 1151/404/26 1141/400/203 1144/354/205
f 1140/401/5 1139/402/206 1142/356/207 1143/171/204
f 1144/354/205 1143/171/204 1146/405/208 1147/406/209
f 1142/356/207 1152/407/3 1145/408/210
f 1151/409/26 1144/354/205 1147/406/209
f 1143/171/204 1142/356/207 1145/408/210 1146/405/208
f 1147/406/209 1146/405/208 1149/410/1 1150/411/211
f 1145/408/210 1152/195/3 1148/412/212
f 1151/196/26 1147/406/209 1150/411/211
f 1146/405/208 1145/408/210 1148/412/212 1149/410/1
f 1150/411/211 1149/410/1 1154/207/213 1155/368/214
f 1148/412/212 1152/413/3 1153/369/215
f 1151/414/26 1150/411/211 1155/368/214
f 1149/410/1 1148/412/212 1153/369/215 1154/207/213
f 1155/417/214 1154/215/213 1157/280/217 1158/418/218
f 1153/415/215 1152/317/3 1156/416/216
f 1151/419/26 1155/417/214 1158/418/218
f 1154/215/213 1153/415/215 1156/416/216 1157/280/217
f 1158/418/218 1157/280/217 1140/401/5 1141/400/203
f 1156/416/216 1152/421/3 1139/402/206
f 1151/420/26 1158/418/218 1141/400/203
f 1157/280/217 1156/416/216 1139/402/206 1140/401/5
f 1217/400/203 1216/401/5 1219/171/204 1220/354/205
f 1215/402/206 1228/403/3 1218/356/207
f 1227/404/26 1217/400/203 1220/354/205
f 1216/401/5 1215/402/206 1218/356/207 1219/171/204
f 1220/354/205 1219/171/204 1222/405/208 1223/406/209
f 1218/356/207 1228/407/3 1221/408/210
f 1227/409/26 1220/354/205 1223/406/209
f 1219/171/204 1218/356/207 1221/408/210 1222/405/208
f 1223/406/209 1222/405/208 1225/410/1 1226/411/211
f 1221/408/210 1228/195/3 1224/412/212
f 1227/196/26 1223/406/209 1226/411/211
f 1222/405/208 1221/408/210 1224/412/212 1225/410/1
f 1226/411/211 1225/410/1 1230/207/213 1231/368/214
f 1224/412/212 1228/413/3 1229/369/215
f 1227/414/26 1226/411/211 1231/368/214
f 1225/410/1 1224/412/212 1229/369/215 1230/207/213
f 1230/215/213 1229/415/215 1232/416/216 1233/280/217
f 1231/417/214 1230/215/213 1233/280/217 1234/418/218
f 1229/415/215 1228/317/3 1232/416/216
f 1227/419/26 1231/417/214 1234/418/218
f 1227/420/26 1234/418/218 1217/400/203
f 1233/280/217 1232/416/216 1215/402/206 1216/401/5
f 1234/418/218 1233/280/217 1216/401/5 1217/400/203
f 1232/416/216 1228/421/3 1215/402/206
f 1257/400/203 1256/401/5 1259/171/204 1260/354/205
f 1255/402/206 1268/403/3 1258/356/207
f 1267/404/26 1257/400/203 1260/354/205
f 1256/401/5 1255/402/206 1258/356/207 1259/171/204
f 1258/356/207 1268/407/3 1261/408/210
f 1267/409/26 1260/354/205 1263/406/209
f 1259/171/204 1258/356/207 1261/408/210 1262/405/208
f 1260/354/205 1259/171/204 1262/405/208 1263/406/209
f 1263/406/209 1262/405/208 1265/410/1 1266/411/211
f 1261/408/210 1268/195/3 1264/412/212
f 1267/196/26 1263/406/209 1266/411/211
f 1262/405/208 1261/408/210 1264/412/212 1265/410/1
f 1266/411/211 1265/410/1 1270/207/213 1271/368/214
f 1264/412/212 1268/413/3 1269/369/215
f 1267/414/26 1266/411/211 1271/368/214
f 1265/410/1 1264/412/212 1269/369/215 1270/207/213
f 1271/417/214 1270/215/213 1273/280/217 1274/418/218
f 1269/415/215 1268/317/3 1272/416/216
f 1267/419/26 1271/417/214 1274/418/218
f 1270/215/213 1269/415/215 1272/416/216 1273/280/217
f 1274/418/218 1273/280/217 1256/401/5 1257/400/203
f 1272/416/216 1268/421/3 1255/402/206
f 1267/420/26 1274/418/218 1257/400/203
f 1273/280/217 1272/416/216 1255/402/206 1256/401/5
f 1343/404/26 1333/400/203 1336/354/205
f 1332/401/5 1331/402/206 1334/356/207 1335/171/204
f 1333/400/203 1332/401/5 1335/171/204 1336/354/205
f 1331/402/206 1344/403/3 1334/356/207
f 1343/409/26 1336/354/205 1339/406/209
f 1335/171/204 1334/356/207 1337/408/210 1338/405/208
f 1336/354/205 1335/171/204 1338/405/208 1339/406/209
f 1334/356/207 1344/407/3 1337/408/210
f 1343/196/26 1339/406/209 1342/411/211
f 1338/405/208 1337/408/210 1340/412/212 1341/410/1
f 1339/406/209 1338/405/208 1341/410/1 1342/411/211
f 1337/408/210 1344/195/3 1340/412/212
f 1343/414/26 1342/411/211 1347/368/214
f 1341/410/1 1340/412/212 1345/369/215 1346/207/213
f 1342/411/211 1341/410/1 1346/207/213 1347/368/214
f 1340/412/212 1344/413/3 1345/369/215
f 1343/419/26 1347/417/214 1350/418/218
f 1346/215/213 1345/415/215 1348/416/216 1349/280/217
f 1347/417/214 1346/215/213 1349/280/217 1350/418/218
f 1345/415/215 1344/317/3 1348/416/216
f 1348/416/216 1344/421/3 1331/402/206
f 1343/420/26 1350/418/218 1333/400/203
f 1349/280/217 1348/416/216 1331/402/206 1332/401/5
f 1350/418/218 1349/280/217 1332/401/5 1333/400/203
f 1373/400/203 1372/401/5 1375/171/204 1376/354/205
f 1371/402/206 1384/403/3 1374/356/207
f 1383/404/26 1373/400/203 1376/354/205
f 1372/401/5 1371/402/206 1374/356/207 1375/171/204
f 1376/354/205 1375/171/204 1378/405/208 1379/406/209
f 1374/356/207 1384/407/3 1377/408/210
f 1383/409/26 1376/354/205 1379/406/209
f 1375/171/204 1374/356/207 1377/408/210 1378/405/208
f 1379/406/209 1378/405/208 1381/410/1 1382/411/211
f 1377/408/210 1384/195/3 1380/412/212
f 1383/196/26 1379/406/209 1382/411/211
f 1378/405/208 1377/408/210 1380/412/212 1381/410/1
f 1382/411/211 1381/410/1 1386/207/213 1387/368/214
f 1380/412/212 1384/413/3 1385/369/215
f 1383/414/26 1382/411/211 1387/368/214
f 1381/410/1 1380/412/212 1385/369/215 1386/207/213
f 1387/417/214 1386/215/213 1389/280/217 1390/418/218
f 1385/415/215 1384/317/3 1388/416/216
f 1383/419/26 1387/417/214 1390/418/218
f 1386/215/213 1385/415/215 1388/416/216 1389/280/217
f 1389/280/217 1388/416/216 1371/402/206 1372/401/5
f 1390/418/218 1389/280/217 1372/401/5 1373/400/203
f 1388/416/216 1384/421/3 1371/402/206
f 1383/420/26 1390/418/218 1373/400/203
f 1449/400/203 1448/401/5 1451/171/204 1452/354/205
f 1447/402/206 1460/403/3 1450/356/207
f 1459/404/26 1449/400/203 1452/354/205
f 1448/401/5 1447/402/206 1450/356/207 1451/171/204
f 1450/356/207 1460/407/3 1453/408/210
f 1459/409/26 1452/354/205 1455/406/209
f 1451/171/204 1450/356/207 1453/408/210 1454/405/208
f 1452/354/205 1451/171/204 1454/405/208 1455/406/209
f 1455/406/209 1454/405/208 1457/410/1 1458/411/211
f 1453/408/210 1460/195/3 1456/412/212
f 1459/196/26 1455/406/209 1458/411/211
f 1454/405/208 1453/408/210 1456/412/212 1457/410/1
f 1458/411/211 1457/410/1 1462/207/213 1463/368/214
f 1456/412/212 1460/413/3 1461/369/215
f 1459/414/26 1458/411/211 1463/368/214
f 1457/410/1 1456/412/212 1461/369/215 1462/207/213
f 1463/417/214 1462/215/213 1465/280/217 1466/418/218
f 1461/415/215 1460/317/3 1464/416/216
f 1459/419/26 1463/417/214 1466/418/218
f 1462/215/213 1461/415/215 1464/416/216 1465/280/217
f 1466/418/218 1465/280/217 1448/401/5 1449/400/203
f 1464/416/216 1460/421/3 1447/402/206
f 1459/420/26 1466/418/218 1449/400/203
f 1465/280/217 1464/416/216 1447/402/206 1448/401/5
f 1489/400/203 1488/401/5 1491/171/204 1492/354/205
f 1487/402/206 1500/403/3 1490/356/207
f 1499/404/26 1489/400/203 1492/354/205
f 1488/401/5 1487/402/206 1490/356/207 1491/171/204
f 1492/354/205 1491/171/204 1494/405/208 1495/406/209
f 1490/356/207 1500/407/3 1493/408/210
f 1499/409/26 1492/354/205 1495/406/209
f 1491/171/204 1490/356/207 1493/408/210 1494/405/208
f 1495/406/209 1494/405/208 1497/410/1 1498/411/211
f 1493/408/210 1500/195/3 1496/412/212
f 1499/196/26 1495/406/209 1498/411/211
f 1494/405/208 1493/408/210 1496/412/212 1497/410/1
f 1498/411/211 1497/410/1 1502/207/213 1503/368/214
f 1496/412/212 1500/413/3 1501/369/215
f 1499/414/26 1498/411/211 1503/368/214
f 1497/410/1 1496/412/212 1501/369/215 1502/207/213
f 1502/215/213 1501/415/215 1504/416/216 1505/280/217
f 1503/417/214 1502/215/213 1505/280/217 1506/418/218
f 1501/415/215 1500/317/3 1504/416/216
f 1499/419/26 1503/417/214 1506/418/218
f 1499/420/26 1506/418/218 1489/400/203
f 1505/280/217 1504/416/216 1487/402/206 1488/401/5
f 1506/418/218 1505/280/217 1488/401/5 1489/400/203
f 1504/416/216 1500/421/3 1487/402/206
f 1575/404/26 1565/400/203 1568/354/205
f 1564/401/5 1563/402/206 1566/356/207 1567/171/204
f 1565/400/203 1564/401/5 1567/171/204 1568/354/205
f 1563/402/206 1576/403/3 1566/356/207
f 1567/171/204 1566/356/207 1569/408/210 1570/405/208
f 1568/354/205 1567/171/204 1570/405/208 1571/406/209
f 1566/356/207 1576/407/3 1569/408/210
f 1575/409/26 1568/354/205 1571/406/209
f 1575/196/26 1571/406/209 1574/411/211
f 1570/405/208 1569/408/210 1572/412/212 1573/410/1
f 1571/406/209 1570/405/208 1573/410/1 1574/411/211
f 1569/408/210 1576/195/3 1572/412/212
f 1575/414/26 1574/411/211 1579/368/214
f 1573/410/1 1572/412/212 1577/369/215 1578/207/213
f 1574/411/211 1573/410/1 1578/207/213 1579/368/214
f 1572/412/212 1576/413/3 1577/369/215
f 1575/419/26 1579/417/214 1582/418/218
f 1578/215/213 1577/415/215 1580/416/216 1581/280/217
f 1579/417/214 1578/215/213 1581/280/217 1582/418/218
f 1577/415/215 1576/317/3 1580/416/216
f 1575/420/26 1582/418/218 1565/400/203
f 1581/280/217 1580/416/216 1563/402/206 1564/401/5
f 1582/418/218 1581/280/217 1564/401/5 1565/400/203
f 1580/416/216 1576/421/3 1563/402/206
f 1615/404/26 1605/400/203 1608/354/205
f 1604/401/5 1603/402/206 1606/356/207 1607/171/204
f 1605/400/203 1604/401/5 1607/171/204 1608/354/205
f 1603/402/206 1616/403/3 1606/356/207
f 1608/354/205 1607/171/204 1610/405/208 1611/406/209
f 1606/356/207 1616/407/3 1609/408/210
f 1615/409/26 1608/354/205 1611/406/209
f 1607/171/204 1606/356/207 1609/408/210 1610/405/208
f 1610/405/208 1609/408/210 1612/412/212 1613/410/1
f 1611/406/209 1610/405/208 1613/410/1 1614/411/211
f 1609/408/210 1616/195/3 1612/412/212
f 1615/196/26 1611/406/209 1614/411/211
f 1615/414/26 1614/411/211 1619/368/214
f 1613/410/1 1612/412/212 1617/369/215 1618/207/213
f 1614/411/211 1613/410/1 1618/207/213 1619/368/214
f 1612/412/212 1616/413/3 1617/369/215
f 1615/419/26 1619/417/214 1622/418/218
f 1618/215/213 1617/415/215 1620/416/216 1621/280/217
f 1619/417/214 1618/215/213 1621/280/217 1622/418/218
f 1617/415/215 1616/317/3 1620/416/216
f 1615/420/26 1622/418/218 1605/400/203
f 1621/280/217 1620/416/216 1603/402/206 1604/401/5
f 1622/418/218 1621/280/217 1604/401/5 1605/400/203
f 1620/416/216 1616/421/3 1603/402/206
usemtl WindowGlow
f 894/236/26 915/237/107 868/238/108
f 914/167/109 913/157/5 866/160/110 867/168/111
f 912/158/112 911/233/113 864/235/114 865/159/115
f 915/237/107 914/167/109 867/168/111 868/238/108
f 913/157/5 912/158/112 865/159/115 866/160/110
f 911/233/113 900/234/3 864/235/114
f 868/238/108 867/168/111 872/172/116 873/240/117
f 866/160/110 865/159/115 870/174/118 871/171/119
f 864/235/114 900/175/3 869/241/120
f 894/169/26 868/238/108 873/240/117
f 867/168/111 866/160/110 871/171/119 872/172/116
f 865/159/115 864/235/114 869/241/120 870/174/118
f 873/240/117 872/172/116 877/244/121 878/295/122
f 871/171/119 870/174/118 875/296/123 876/178/124
f 869/241/120 900/182/3 874/297/125
f 894/176/26 873/240/117 878/295/122
f 872/172/116 871/171/119 876/178/124 877/244/121
f 870/174/118 869/241/120 874/297/125 875/296/123
f 878/295/122 877/244/121 882/247/126 883/250/127
f 876/178/124 875/296/123 880/249/128 881/183/129
f 874/297/125 900/188/3 879/248/130
f 894/189/26 878/295/122 883/250/127
f 877/244/121 876/178/124 881/183/129 882/247/126
f 875/296/123 874/297/125 879/248/130 880/249/128
f 883/250/127 882/247/126 887/192/131 888/254/132
f 881/183/129 880/249/128 885/191/133 886/194/1
f 879/248/130 900/195/3 884/253/134
f 894/196/26 883/250/127 888/254/132
f 882/247/126 881/183/129 886/194/1 887/192/131
f 880/249/128 879/248/130 884/253/134 885/191/133
f 886/194/1 885/191/133 890/199/135 891/200/136
f 884/253/134 900/201/3 889/256/137
f 894/203/26 888/254/132 893/255/138
f 887/192/131 886/194/1 891/200/136 892/197/139
f 885/191/133 884/253/134 889/256/137 890/199/135
f 888/254/132 887/192/131 892/197/139 893/255/138
f 889/256/137 900/258/3 895/298/140
f 894/260/26 893/255/138 899/299/141
f 892/197/139 891/200/136 897/300/142 898/204/143
f 890/199/135 889/256/137 895/298/140 896/206/144
f 893/255/138 892/197/139 898/204/143 899/299/141
f 891/200/136 890/199/135 896/206/144 897/300/142
f 894/222/26 899/301/141 905/275/145
f 898/212/143 897/277/142 903/276/146 904/262/147
f 896/216/144 895/302/140 901/274/148 902/264/149
f 899/301/141 898/212/143 904/262/147 905/275/145
f 897/277/142 896/216/144 902/264/149 903/276/146
f 895/302/140 900/220/3 901/274/148
f 894/303/26 905/275/145 910/267/150
f 904/262/147 903/276/146 908/226/151 909/223/152
f 902/264/149 901/274/148 906/268/153 907/225/154
f 905/275/145 904/262/147 909/223/152 910/267/150
f 903/276/146 902/264/149 907/225/154 908/226/151
f 901/274/148 900/304/3 906/268/153
f 894/231/26 910/267/150 915/237/107
f 909/223/152 908/226/151 913/157/5 914/167/109
f 907/225/154 906/268/153 911/233/113 912/158/112
f 910/267/150 909/223/152 914/167/109 915/237/107
f 908/226/151 907/225/154 912/158/112 913/157/5
f 906/268/153 900/230/3 911/233/113
f 916/144/155 924/145/3 917/305/156
f 917/305/156 924/145/3 918/306/157
f 918/306/157 924/145/3 919/307/158
f 919/307/158 924/145/3 920/289/159
f 920/289/159 924/145/3 921/308/160
f 921/308/160 924/145/3 922/309/161
f 916/150/155 917/310/156 918/311/157 919/312/158 920/294/159 921/313/160 922/314/161 923/315/162
f 922/309/161 924/145/3 923/316/162
f 923/316/162 924/145/3 916/144/155
s 0
f 1035/130/4 1036/131/4 1038/132/4 1037/133/4
f 1037/133/5 1038/132/5 1042/134/5 1041/135/5
f 1041/135/2 1042/134/2 1040/136/2 1039/137/2
f 1039/137/1 1040/136/1 1036/138/1 1035/139/1
f 1037/140/26 1041/135/26 1039/137/26 1035/141/26
f 1042/134/3 1038/142/3 1036/143/3 1040/136/3
f 1043/130/4 1044/131/4 1046/132/4 1045/133/4
f 1045/133/5 1046/132/5 1050/134/5 1049/135/5
f 1049/135/2 1050/134/2 1048/136/2 1047/137/2
f 1047/137/1 1048/136/1 1044/138/1 1043/139/1
f 1045/140/26 1049/135/26 1047/137/26 1043/141/26
f 1050/134/3 1046/142/3 1044/143/3 1048/136/3
s 1
f 1051/277/163 1052/278/164 1054/317/165 1053/318/166
f 1053/318/166 1054/317/165 1056/319/167 1055/320/168
f 1055/320/168 1056/319/167 1058/321/169 1057/322/170
f 1057/322/170 1058/321/169 1060/323/171 1059/324/172
f 1059/324/172 1060/323/171 1062/325/173 1061/326/174
f 1061/326/174 1062/325/173 1064/327/175 1063/328/176
f 1063/328/176 1064/327/175 1066/329/177 1065/330/178
f 1065/330/178 1066/329/177 1068/331/179 1067/332/180
f 1067/332/180 1068/331/179 1070/333/181 1069/334/182
f 1069/334/182 1070/333/181 1072/335/183 1071/336/184
f 1054/378/165 1052/379/164 1074/380/185 1072/381/183 1070/382/181 1068/383/179 1066/384/177 1064/385/175 1062/386/173 1060/387/171 1058/388/169 1056/389/167
f 1071/336/184 1072/335/183 1074/341/185 1073/342/186
f 1073/342/186 1074/341/185 1052/343/164 1051/344/163
f 1051/390/163 1053/391/166 1055/392/168 1057/311/170 1059/393/172 1061/394/174 1063/395/176 1065/396/178 1067/397/180 1069/314/182 1071/398/184 1073/399/186
s 0
f 1159/130/4 1160/131/4 1162/132/4 1161/133/4
f 1161/133/5 1162/132/5 1166/134/5 1165/135/5
f 1165/135/2 1166/134/2 1164/136/2 1163/137/2
f 1163/137/1 1164/136/1 1160/138/1 1159/139/1
f 1161/140/26 1165/135/26 1163/137/26 1159/141/26
f 1166/134/3 1162/142/3 1160/143/3 1164/136/3
s 1
f 1167/277/163 1168/278/164 1170/317/165 1169/318/166
f 1169/318/166 1170/317/165 1172/319/167 1171/320/168
f 1171/320/168 1172/319/167 1174/321/169 1173/322/170
f 1173/322/170 1174/321/169 1176/323/171 1175/324/172
f 1175/324/172 1176/323/171 1178/325/173 1177/326/174
f 1177/326/174 1178/325/173 1180/327/175 1179/328/176
f 1179/328/176 1180/327/175 1182/329/177 1181/330/178
f 1181/330/178 1182/329/177 1184/331/179 1183/332/180
f 1183/332/180 1184/331/179 1186/333/181 1185/334/182
f 1185/334/182 1186/333/181 1188/335/183 1187/336/184
f 1170/378/165 1168/379/164 1190/380/185 1188/381/183 1186/382/181 1184/383/179 1182/384/177 1180/385/175 1178/386/173 1176/387/171 1174/388/169 1172/389/167
f 1187/336/184 1188/335/183 1190/341/185 1189/342/186
f 1189/342/186 1190/341/185 1168/343/164 1167/344/163
f 1167/390/163 1169/391/166 1171/392/168 1173/311/170 1175/393/172 1177/394/174 1179/395/176 1181/396/178 1183/397/180 1185/314/182 1187/398/184 1189/399/186
s 0
f 1275/130/4 1276/131/4 1278/132/4 1277/133/4
f 1277/133/5 1278/132/5 1282/134/5 1281/135/5
f 1281/135/2 1282/134/2 1280/136/2 1279/137/2
f 1279/137/1 1280/136/1 1276/138/1 1275/139/1
f 1277/140/26 1281/135/26 1279/137/26 1275/141/26
f 1282/134/3 1278/142/3 1276/143/3 1280/136/3
s 1
f 1283/277/163 1284/278/164 1286/317/165 1285/318/166
f 1285/318/166 1286/317/165 1288/319/167 1287/320/168
f 1287/320/168 1288/319/167 1290/321/169 1289/322/170
f 1289/322/170 1290/321/169 1292/323/171 1291/324/172
f 1291/324/172 1292/323/171 1294/325/173 1293/326/174
f 1293/326/174 1294/325/173 1296/327/175 1295/328/176
f 1295/328/176 1296/327/175 1298/329/177 1297/330/178
f 1297/330/178 1298/329/177 1300/331/179 1299/332/180
f 1299/332/180 1300/331/179 1302/333/181 1301/334/182
f 1301/334/182 1302/333/181 1304/335/183 1303/336/184
f 1286/337/165 1284/144/164 1306/338/185 1304/156/183 1302/309/181 1300/149/179 1298/339/177 1296/289/175 1294/340/173 1292/147/171 1290/306/169 1288/146/167
f 1303/336/184 1304/335/183 1306/341/185 1305/342/186
f 1305/342/186 1306/341/185 1284/343/164 1283/344/163
f 1283/150/163 1285/345/166 1287/151/168 1289/311/170 1291/152/172 1293/346/174 1295/294/176 1297/347/178 1299/154/180 1301/314/182 1303/155/184 1305/348/186
s 0
f 1391/130/4 1392/131/4 1394/132/4 1393/133/4
f 1393/133/5 1394/132/5 1398/134/5 1397/135/5
f 1397/135/2 1398/134/2 1396/136/2 1395/137/2
f 1395/137/1 1396/136/1 1392/138/1 1391/139/1
f 1393/140/26 1397/135/26 1395/137/26 1391/141/26
f 1398/134/3 1394/142/3 1392/143/3 1396/136/3
s 1
f 1399/277/163 1400/278/164 1402/317/165 1401/318/166
f 1401/318/166 1402/317/165 1404/319/167 1403/320/168
f 1403/320/168 1404/319/167 1406/321/169 1405/322/170
f 1405/322/170 1406/321/169 1408/323/171 1407/324/172
f 1407/324/172 1408/323/171 1410/325/173 1409/326/174
f 1409/326/174 1410/325/173 1412/327/175 1411/328/176
f 1411/328/176 1412/327/175 1414/329/177 1413/330/178
f 1413/330/178 1414/329/177 1416/331/179 1415/332/180
f 1415/332/180 1416/331/179 1418/333/181 1417/334/182
f 1417/334/182 1418/333/181 1420/335/183 1419/336/184
f 1402/337/165 1400/144/164 1422/338/185 1420/156/183 1418/309/181 1416/149/179 1414/339/177 1412/289/175 1410/340/173 1408/147/171 1406/306/169 1404/146/167
f 1419/336/184 1420/335/183 1422/341/185 1421/342/186
f 1421/342/186 1422/341/185 1400/343/164 1399/344/163
f 1399/150/163 1401/345/166 1403/151/168 1405/311/170 1407/152/172 1409/346/174 1411/294/176 1413/347/178 1415/154/180 1417/314/182 1419/155/184 1421/348/186
s 0
f 1507/130/4 1508/131/4 1510/132/4 1509/133/4
f 1509/133/5 1510/132/5 1514/134/5 1513/135/5
f 1513/135/2 1514/134/2 1512/136/2 1511/137/2
f 1511/137/1 1512/136/1 1508/138/1 1507/139/1
f 1509/140/26 1513/135/26 1511/137/26 1507/141/26
f 1514/134/3 1510/142/3 1508/143/3 1512/136/3
s 1
f 1515/277/163 1516/278/164 1518/317/165 1517/318/166
f 1517/318/166 1518/317/165 1520/319/167 1519/320/168
f 1519/320/168 1520/319/167 1522/321/169 1521/322/170
f 1521/322/170 1522/321/169 1524/323/171 1523/324/172
f 1523/324/172 1524/323/171 1526/325/173 1525/326/174
f 1525/326/174 1526/325/173 1528/327/175 1527/328/176
f 1527/328/176 1528/327/175 1530/329/177 1529/330/178
f 1529/330/178 1530/329/177 1532/331/179 1531/332/180
f 1531/332/180 1532/331/179 1534/333/181 1533/334/182
f 1533/334/182 1534/333/181 1536/335/183 1535/336/184
f 1518/337/165 1516/144/164 1538/338/185 1536/287/183 1534/422/181 1532/288/179 1530/423/177 1528/148/175 1526/424/173 1524/147/171 1522/306/169 1520/146/167
f 1535/336/184 1536/335/183 1538/341/185 1537/342/186
f 1537/342/186 1538/341/185 1516/343/164 1515/344/163
f 1515/150/163 1517/345/166 1519/151/168 1521/311/170 1523/152/172 1525/425/174 1527/153/176 1529/426/178 1531/154/180 1533/314/182 1535/155/184 1537/348/186
f 1681/167/109 1680/157/5 1633/160/110 1634/168/111
f 1679/158/112 1678/233/113 1631/163/219 1632/159/115
f 1682/237/107 1681/167/109 1634/168/111 1635/166/108
f 1680/157/5 1679/158/112 1632/159/115 1633/160/110
f 1678/233/113 1661/234/3 1631/163/219
f 1667/236/26 1682/237/107 1635/166/108
f 1635/166/108 1634/168/111 1639/172/116 1640/170/117
f 1633/160/110 1632/159/115 1637/174/118 1638/171/119
f 1631/163/219 1661/175/3 1636/173/120
f 1667/169/26 1635/166/108 1640/170/117
f 1634/168/111 1633/160/110 1638/171/119 1639/172/116
f 1632/159/115 1631/163/219 1636/173/120 1637/174/118
f 1640/170/117 1639/172/116 1644/269/121 1645/427/122
f 1638/171/119 1637/174/118 1642/181/123 1643/243/124
f 1636/173/120 1661/182/3 1641/428/125
f 1667/176/26 1640/170/117 1645/427/122
f 1639/172/116 1638/171/119 1643/243/124 1644/269/121
f 1637/174/118 1636/173/120 1641/428/125 1642/181/123
f 1645/427/122 1644/269/121 1649/184/126 1650/250/127
f 1643/243/124 1642/181/123 1647/186/128 1648/183/129
f 1641/428/125 1661/188/3 1646/248/220
f 1667/189/26 1645/427/122 1650/250/127
f 1644/269/121 1643/243/124 1648/183/129 1649/184/126
f 1642/181/123 1641/428/125 1646/248/220 1647/186/128
f 1648/183/129 1647/186/128 1652/191/133 1653/194/1
f 1646/248/220 1661/195/3 1651/253/134
f 1667/196/26 1650/250/127 1655/254/132
f 1649/184/126 1648/183/129 1653/194/1 1654/192/131
f 1647/186/128 1646/248/220 1651/253/134 1652/191/133
f 1650/250/127 1649/184/126 1654/192/131 1655/254/132
f 1651/253/134 1661/201/3 1656/256/221
f 1667/203/26 1655/254/132 1660/255/138
f 1654/192/131 1653/194/1 1658/200/136 1659/197/139
f 1652/191/133 1651/253/134 1656/256/221 1657/199/135
f 1655/254/132 1654/192/131 1659/197/139 1660/255/138
f 1653/194/1 1652/191/133 1657/199/135 1658/200/136
f 1667/260/26 1660/255/138 1666/257/141
f 1659/197/139 1658/200/136 1664/207/142 1665/204/143
f 1657/199/135 1656/256/221 1662/259/140 1663/206/144
f 1660/255/138 1659/197/139 1665/204/143 1666/257/141
f 1658/200/136 1657/199/135 1663/206/144 1664/207/142
f 1656/256/221 1661/258/3 1662/259/140
f 1667/222/26 1666/261/141 1672/275/145
f 1665/212/143 1664/215/142 1670/276/146 1671/213/147
f 1663/216/144 1662/265/140 1668/274/148 1669/217/149
f 1666/261/141 1665/212/143 1671/213/147 1672/275/145
f 1664/215/142 1663/216/144 1669/217/149 1670/276/146
f 1662/265/140 1661/220/3 1668/274/148
f 1667/229/26 1672/275/145 1677/267/150
f 1671/213/147 1670/276/146 1675/226/151 1676/223/152
f 1669/217/149 1668/274/148 1673/268/222 1674/225/154
f 1672/275/145 1671/213/147 1676/223/152 1677/267/150
f 1670/276/146 1669/217/149 1674/225/154 1675/226/151
f 1668/274/148 1661/227/3 1673/268/222
f 1676/223/152 1675/226/151 1680/157/5 1681/167/109
f 1674/225/154 1673/268/222 1678/233/113 1679/158/112
f 1677/267/150 1676/223/152 1681/167/109 1682/237/107
f 1675/226/151 1674/225/154 1679/158/112 1680/157/5
f 1673/268/222 1661/230/3 1678/233/113
f 1667/231/26 1677/267/150 1682/237/107
f 1683/379/155 1691/145/3 1684/305/156
f 1684/305/156 1691/145/3 1685/388/157
f 1685/388/157 1691/145/3 1686/307/158
f 1686/307/158 1691/145/3 1687/385/159
f 1687/385/159 1691/145/3 1688/308/160
f 1688/308/160 1691/145/3 1689/382/161
f 1683/390/155 1684/310/156 1685/311/157 1686/312/158 1687/395/159 1688/313/160 1689/314/161 1690/315/162
f 1689/382/161 1691/145/3 1690/316/162
f 1690/316/162 1691/145/3 1683/379/155
f 1702/400/203 1701/401/5 1704/171/204 1705/354/205
f 1700/402/206 1713/429/3 1703/356/207
f 1712/430/26 1702/400/203 1705/354/205
f 1701/401/5 1700/402/206 1703/356/207 1704/171/204
f 1703/356/207 1713/431/3 1706/408/210
f 1712/432/26 1705/354/205 1708/406/209
f 1704/171/204 1703/356/207 1706/408/210 1707/405/208
f 1705/354/205 1704/171/204 1707/405/208 1708/406/209
f 1708/406/209 1707/405/208 1710/410/1 1711/411/211
f 1706/408/210 1713/195/3 1709/412/212
f 1712/196/26 1708/406/209 1711/411/211
f 1707/405/208 1706/408/210 1709/412/212 1710/410/1
f 1711/411/211 1710/410/1 1715/207/213 1716/368/214
f 1709/412/212 1713/433/3 1714/369/215
f 1712/434/26 1711/411/211 1716/368/214
f 1710/410/1 1709/412/212 1714/369/215 1715/207/213
f 1716/417/214 1715/215/213 1718/280/217 1719/418/218
f 1714/415/215 1713/317/3 1717/416/216
f 1712/419/26 1716/417/214 1719/418/218
f 1715/215/213 1714/415/215 1717/416/216 1718/280/217
f 1719/418/218 1718/280/217 1701/401/5 1702/400/203
f 1717/416/216 1713/421/3 1700/402/206
f 1712/420/26 1719/418/218 1702/400/203
f 1718/280/217 1717/416/216 1700/402/206 1701/401/5
usemtl PlaqueGreen
f 1024/353/26 1034/351/189 1011/132/190
f 1033/349/5 1032/350/187 1009/136/188 1010/134/20
f 1034/351/189 1033/349/5 1010/134/20 1011/132/190
f 1032/350/187 1031/352/3 1009/136/188
f 1024/357/26 1011/132/190 1014/354/191
f 1010/134/20 1009/136/188 1012/356/192 1013/171/2
f 1011/132/190 1010/134/20 1013/171/2 1014/354/191
f 1009/136/188 1031/355/3 1012/356/192
f 1024/359/26 1014/354/191 1017/133/193
f 1013/171/2 1012/356/192 1015/137/194 1016/135/23
f 1014/354/191 1013/171/2 1016/135/23 1017/133/193
f 1012/356/192 1031/358/3 1015/137/194
f 1024/363/26 1017/133/193 1020/145/196
f 1016/135/23 1015/137/194 1018/360/195 1019/361/1
f 1017/133/193 1016/135/23 1019/361/1 1020/145/196
f 1015/137/194 1031/362/3 1018/360/195
f 1024/364/26 1020/145/196 1023/365/197
f 1019/361/1 1018/360/195 1021/141/198 1022/140/15
f 1020/145/196 1019/361/1 1022/140/15 1023/365/197
f 1018/360/195 1031/366/3 1021/141/198
f 1021/141/198 1031/370/3 1025/369/200
f 1024/367/26 1023/365/197 1027/368/199
f 1022/140/15 1021/141/198 1025/369/200 1026/207/4
f 1023/365/197 1022/140/15 1026/207/4 1027/368/199
f 1027/372/199 1026/277/4 1029/142/17 1030/373/201
f 1025/374/200 1031/375/3 1028/143/202
f 1024/371/26 1027/372/199 1030/373/201
f 1026/277/4 1025/374/200 1028/143/202 1029/142/17
f 1030/373/201 1029/142/17 1033/349/5 1034/351/189
f 1028/143/202 1031/377/3 1032/350/187
f 1024/376/26 1030/373/201 1034/351/189
f 1029/142/17 1028/143/202 1032/350/187 1033/349/5
s 0
f 1623/130/4 1624/131/4 1626/132/4 1625/133/4
f 1625/133/5 1626/132/5 1630/134/5 1629/135/5
f 1629/135/2 1630/134/2 1628/136/2 1627/137/2
f 1627/137/1 1628/136/1 1624/138/1 1623/139/1
f 1625/140/26 1629/135/26 1627/137/26 1623/141/26
f 1630/134/3 1626/142/3 1624/143/3 1628/136/3
s 1
usemtl FlowerYellow
f 1119/402/206 1132/403/3 1122/356/207
f 1131/404/26 1121/400/203 1124/354/205
f 1120/401/5 1119/402/206 1122/356/207 1123/171/204
f 1121/400/203 1120/401/5 1123/171/204 1124/354/205
f 1131/409/26 1124/354/205 1127/406/209
f 1123/171/204 1122/356/207 1125/408/210 1126/405/208
f 1124/354/205 1123/171/204 1126/405/208 1127/406/209
f 1122/356/207 1132/407/3 1125/408/210
f 1131/196/26 1127/406/209 1130/411/211
f 1126/405/208 1125/408/210 1128/412/212 1129/410/1
f 1127/406/209 1126/405/208 1129/410/1 1130/411/211
f 1125/408/210 1132/195/3 1128/412/212
f 1128/412/212 1132/413/3 1133/369/215
f 1131/414/26 1130/411/211 1135/368/214
f 1129/410/1 1128/412/212 1133/369/215 1134/207/213
f 1130/411/211 1129/410/1 1134/207/213 1135/368/214
f 1135/417/214 1134/215/213 1137/280/217 1138/418/218
f 1133/415/215 1132/317/3 1136/416/216
f 1131/419/26 1135/417/214 1138/418/218
f 1134/215/213 1133/415/215 1136/416/216 1137/280/217
f 1138/418/218 1137/280/217 1120/401/5 1121/400/203
f 1136/416/216 1132/421/3 1119/402/206
f 1131/420/26 1138/418/218 1121/400/203
f 1137/280/217 1136/416/216 1119/402/206 1120/401/5
f 1237/400/203 1236/401/5 1239/171/204 1240/354/205
f 1235/402/206 1248/403/3 1238/356/207
f 1247/404/26 1237/400/203 1240/354/205
f 1236/401/5 1235/402/206 1238/356/207 1239/171/204
f 1238/356/207 1248/407/3 1241/408/210
f 1247/409/26 1240/354/205 1243/406/209
f 1239/171/204 1238/356/207 1241/408/210 1242/405/208
f 1240/354/205 1239/171/204 1242/405/208 1243/406/209
f 1243/406/209 1242/405/208 1245/410/1 1246/411/211
f 1241/408/210 1248/195/3 1244/412/212
f 1247/196/26 1243/406/209 1246/411/211
f 1242/405/208 1241/408/210 1244/412/212 1245/410/1
f 1246/411/211 1245/410/1 1250/207/213 1251/368/214
f 1244/412/212 1248/413/3 1249/369/215
f 1247/414/26 1246/411/211 1251/368/214
f 1245/410/1 1244/412/212 1249/369/215 1250/207/213
f 1251/417/214 1250/215/213 1253/280/217 1254/418/218
f 1249/415/215 1248/317/3 1252/416/216
f 1247/419/26 1251/417/214 1254/418/218
f 1250/215/213 1249/415/215 1252/416/216 1253/280/217
f 1254/418/218 1253/280/217 1236/401/5 1237/400/203
f 1252/416/216 1248/421/3 1235/402/206
f 1247/420/26 1254/418/218 1237/400/203
f 1253/280/217 1252/416/216 1235/402/206 1236/401/5
f 1353/400/203 1352/401/5 1355/171/204 1356/354/205
f 1351/402/206 1364/403/3 1354/356/207
f 1363/404/26 1353/400/203 1356/354/205
f 1352/401/5 1351/402/206 1354/356/207 1355/171/204
f 1356/354/205 1355/171/204 1358/405/208 1359/406/209
f 1354/356/207 1364/407/3 1357/408/210
f 1363/409/26 1356/354/205 1359/406/209
f 1355/171/204 1354/356/207 1357/408/210 1358/405/208
f 1359/406/209 1358/405/208 1361/410/1 1362/411/211
f 1357/408/210 1364/195/3 1360/412/212
f 1363/196/26 1359/406/209 1362/411/211
f 1358/405/208 1357/408/210 1360/412/212 1361/410/1
f 1362/411/211 1361/410/1 1366/207/213 1367/368/214
f 1360/412/212 1364/413/3 1365/369/215
f 1363/414/26 1362/411/211 1367/368/214
f 1361/410/1 1360/412/212 1365/369/215 1366/207/213
f 1367/417/214 1366/215/213 1369/280/217 1370/418/218
f 1365/415/215 1364/317/3 1368/416/216
f 1363/419/26 1367/417/214 1370/418/218
f 1366/215/213 1365/415/215 1368/416/216 1369/280/217
f 1370/418/218 1369/280/217 1352/401/5 1353/400/203
f 1368/416/216 1364/421/3 1351/402/206
f 1363/420/26 1370/418/218 1353/400/203
f 1369/280/217 1368/416/216 1351/402/206 1352/401/5
f 1469/400/203 1468/401/5 1471/171/204 1472/354/205
f 1467/402/206 1480/403/3 1470/356/207
f 1479/404/26 1469/400/203 1472/354/205
f 1468/401/5 1467/402/206 1470/356/207 1471/171/204
f 1472/354/205 1471/171/204 1474/405/208 1475/406/209
f 1470/356/207 1480/407/3 1473/408/210
f 1479/409/26 1472/354/205 1475/406/209
f 1471/171/204 1470/356/207 1473/408/210 1474/405/208
f 1475/406/209 1474/405/208 1477/410/1 1478/411/211
f 1473/408/210 1480/195/3 1476/412/212
f 1479/196/26 1475/406/209 1478/411/211
f 1474/405/208 1473/408/210 1476/412/212 1477/410/1
f 1478/411/211 1477/410/1 1482/207/213 1483/368/214
f 1476/412/212 1480/413/3 1481/369/215
f 1479/414/26 1478/411/211 1483/368/214
f 1477/410/1 1476/412/212 1481/369/215 1482/207/213
f 1483/417/214 1482/215/213 1485/280/217 1486/418/218
f 1481/415/215 1480/317/3 1484/416/216
f 1479/419/26 1483/417/214 1486/418/218
f 1482/215/213 1481/415/215 1484/416/216 1485/280/217
f 1486/418/218 1485/280/217 1468/401/5 1469/400/203
f 1484/416/216 1480/421/3 1467/402/206
f 1479/420/26 1486/418/218 1469/400/203
f 1485/280/217 1484/416/216 1467/402/206 1468/401/5
f 1585/400/203 1584/401/5 1587/171/204 1588/354/205
f 1583/402/206 1596/403/3 1586/356/207
f 1595/404/26 1585/400/203 1588/354/205
f 1584/401/5 1583/402/206 1586/356/207 1587/171/204
f 1588/354/205 1587/171/204 1590/405/208 1591/406/209
f 1586/356/207 1596/407/3 1589/408/210
f 1595/409/26 1588/354/205 1591/406/209
f 1587/171/204 1586/356/207 1589/408/210 1590/405/208
f 1591/406/209 1590/405/208 1593/410/1 1594/411/211
f 1589/408/210 1596/195/3 1592/412/212
f 1595/196/26 1591/406/209 1594/411/211
f 1590/405/208 1589/408/210 1592/412/212 1593/410/1
f 1594/411/211 1593/410/1 1598/207/213 1599/368/214
f 1592/412/212 1596/413/3 1597/369/215
f 1595/414/26 1594/411/211 1599/368/214
f 1593/410/1 1592/412/212 1597/369/215 1598/207/213
f 1599/417/214 1598/215/213 1601/280/217 1602/418/218
f 1597/415/215 1596/317/3 1600/416/216
f 1595/419/26 1599/417/214 1602/418/218
f 1598/215/213 1597/415/215 1600/416/216 1601/280/217
f 1602/418/218 1601/280/217 1584/401/5 1585/400/203
f 1600/416/216 1596/421/3 1583/402/206
f 1595/420/26 1602/418/218 1585/400/203
f 1601/280/217 1600/416/216 1583/402/206 1584/401/5
usemtl SlimeMid
f 1781/435/223 1721/436/224 1725/437/225 1726/438/226
f 1780/349/5 1720/439/227 1723/440/228 1724/401/229
f 1779/441/230 1752/442/3 1722/443/231
f 1758/444/26 1781/435/223 1726/438/226
f 1721/436/224 1780/349/5 1724/401/229 1725/437/225
f 1720/439/227 1779/441/230 1722/443/231 1723/440/228
f 1726/438/226 1725/437/225 1730/445/232 1731/446/233
f 1724/401/229 1723/440/228 1728/447/234 1729/448/235
f 1722/443/231 1752/138/3 1727/449/236
f 1758/131/26 1726/438/226 1731/446/233
f 1725/437/225 1724/401/229 1729/448/235 1730/445/232
f 1723/440/228 1722/443/231 1727/449/236 1728/447/234
f 1729/448/235 1728/447/234 1733/450/237 1734/171/2
f 1727/449/236 1752/451/3 1732/173/238
f 1758/452/26 1731/446/233 1736/170/239
f 1730/445/232 1729/448/235 1734/171/2 1735/172/240
f 1728/447/234 1727/449/236 1732/173/238 1733/450/237
f 1731/446/233 1730/445/232 1735/172/240 1736/170/239
f 1732/173/238 1752/453/3 1737/454/241
f 1758/455/26 1736/170/239 1741/456/242
f 1735/172/240 1734/171/2 1739/457/243 1740/458/244
f 1733/450/237 1732/173/238 1737/454/241 1738/459/245
f 1736/170/239 1735/172/240 1740/458/244 1741/456/242
f 1734/171/2 1733/450/237 1738/459/245 1739/457/243
f 1758/130/26 1741/456/242 1746/460/246
f 1740/458/244 1739/457/243 1744/461/247 1745/462/248
f 1738/459/245 1737/454/241 1742/463/249 1743/464/250
f 1741/456/242 1740/458/244 1745/462/248 1746/460/246
f 1739/457/243 1738/459/245 1743/464/250 1744/461/247
f 1737/454/241 1752/139/3 1742/463/249
f 1758/465/26 1746/460/246 1751/466/251
f 1745/462/248 1744/461/247 1749/361/1 1750/467/252
f 1743/464/250 1742/463/249 1747/468/253 1748/469/254
f 1746/460/246 1745/462/248 1750/467/252 1751/466/251
f 1744/461/247 1743/464/250 1748/469/254 1749/361/1
f 1742/463/249 1752/470/3 1747/468/253
f 1758/471/26 1751/466/251 1757/472/255
f 1750/467/252 1749/361/1 1755/410/256 1756/473/257
f 1748/469/254 1747/468/253 1753/474/258 1754/475/259
f 1751/466/251 1750/467/252 1756/473/257 1757/472/255
f 1749/361/1 1748/469/254 1754/475/259 1755/410/256
f 1747/468/253 1752/476/3 1753/474/258
f 1756/473/257 1755/410/256 1761/477/260 1762/478/261
f 1754/475/259 1753/474/258 1759/479/262 1760/480/263
f 1757/472/255 1756/473/257 1762/478/261 1763/481/264
f 1755/410/256 1754/475/259 1760/480/263 1761/477/260
f 1753/474/258 1752/482/3 1759/479/262
f 1758/483/26 1757/472/255 1763/481/264
f 1760/480/263 1759/479/262 1764/209/265 1765/484/266
f 1763/481/264 1762/478/261 1767/204/267 1768/205/268
f 1761/477/260 1760/480/263 1765/484/266 1766/207/4
f 1759/479/262 1752/485/3 1764/209/265
f 1758/486/26 1763/481/264 1768/205/268
f 1762/478/261 1761/477/260 1766/207/4 1767/204/267
f 1768/487/268 1767/488/267 1772/489/269 1773/490/270
f 1766/277/4 1765/491/266 1770/492/271 1771/493/272
f 1764/494/265 1752/495/3 1769/496/273
f 1758/497/26 1768/487/268 1773/490/270
f 1767/488/267 1766/277/4 1771/493/272 1772/489/269
f 1765/491/266 1764/494/265 1769/496/273 1770/492/271
f 1773/490/270 1772/489/269 1777/498/274 1778/499/275
f 1771/493/272 1770/492/271 1775/500/276 1776/320/277
f 1769/496/273 1752/501/3 1774/502/278
f 1758/503/26 1773/490/270 1778/499/275
f 1772/489/269 1771/493/272 1776/320/277 1777/498/274
f 1770/492/271 1769/496/273 1774/502/278 1775/500/276
f 1778/499/275 1777/498/274 1721/436/224 1781/435/223
f 1776/320/277 1775/500/276 1720/439/227 1780/349/5
f 1774/502/278 1752/504/3 1779/441/230
f 1758/505/26 1778/499/275 1781/435/223
f 1777/498/274 1776/320/277 1780/349/5 1721/436/224
f 1775/500/276 1774/502/278 1779/441/230 1720/439/227
f 1843/435/223 1842/436/224 1785/437/225 1786/506/226
f 1841/349/5 1840/439/227 1783/440/228 1784/401/229
f 1839/441/230 1838/442/3 1782/507/231
f 1822/444/26 1843/435/223 1786/506/226
f 1842/436/224 1841/349/5 1784/401/229 1785/437/225
f 1840/439/227 1839/441/230 1782/507/231 1783/440/228
f 1786/506/226 1785/437/225 1790/445/232 1791/446/233
f 1784/401/229 1783/440/228 1788/447/234 1789/448/235
f 1782/507/231 1838/138/3 1787/449/236
f 1822/131/26 1786/506/226 1791/446/233
f 1785/437/225 1784/401/229 1789/448/235 1790/445/232
f 1783/440/228 1782/507/231 1787/449/236 1788/447/234
f 1789/448/235 1788/447/234 1793/450/237 1794/171/2
f 1787/449/236 1838/451/3 1792/173/238
f 1822/452/26 1791/446/233 1796/170/239
f 1790/445/232 1789/448/235 1794/171/2 1795/172/240
f 1788/447/234 1787/449/236 1792/173/238 1793/450/237
f 1791/446/233 1790/445/232 1795/172/240 1796/170/239
f 1792/173/238 1838/453/3 1797/454/241
f 1822/455/26 1796/170/239 1801/456/242
f 1795/172/240 1794/171/2 1799/457/243 1800/458/244
f 1793/450/237 1792/173/238 1797/454/241 1798/459/245
f 1796/170/239 1795/172/240 1800/458/244 1801/456/242
f 1794/171/2 1793/450/237 1798/459/245 1799/457/243
f 1822/130/26 1801/456/242 1806/460/246
f 1800/458/244 1799/457/243 1804/461/247 1805/462/248
f 1798/459/245 1797/454/241 1802/463/249 1803/464/250
f 1801/456/242 1800/458/244 1805/462/248 1806/460/246
f 1799/457/243 1798/459/245 1803/464/250 1804/461/247
f 1797/454/241 1838/139/3 1802/463/249
f 1822/465/26 1806/460/246 1811/466/251
f 1805/462/248 1804/461/247 1809/361/1 1810/508/252
f 1803/464/250 1802/463/249 1807/468/253 1808/509/254
f 1806/460/246 1805/462/248 1810/508/252 1811/466/251
f 1804/461/247 1803/464/250 1808/509/254 1809/361/1
f 1802/463/249 1838/470/3 1807/468/253
f 1822/471/26 1811/466/251 1816/472/255
f 1810/508/252 1809/361/1 1814/410/256 1815/473/257
f 1808/509/254 1807/468/253 1812/474/258 1813/475/259
f 1811/466/251 1810/508/252 1815/473/257 1816/472/255
f 1809/361/1 1808/509/254 1813/475/259 1814/410/256
f 1807/468/253 1838/476/3 1812/474/258
f 1815/473/257 1814/410/256 1819/477/260 1820/510/261
f 1813/475/259 1812/474/258 1817/479/262 1818/511/263
f 1816/472/255 1815/473/257 1820/510/261 1821/481/264
f 1814/410/256 1813/475/259 1818/511/263 1819/477/260
f 1812/474/258 1838/482/3 1817/479/262
f 1822/483/26 1816/472/255 1821/481/264
f 1818/511/263 1817/479/262 1823/209/265 1824/206/266
f 1821/481/264 1820/510/261 1826/204/267 1827/205/268
f 1819/477/260 1818/511/263 1824/206/266 1825/207/4
f 1817/479/262 1838/512/3 1823/209/265
f 1822/513/26 1821/481/264 1827/205/268
f 1820/510/261 1819/477/260 1825/207/4 1826/204/267
f 1827/487/268 1826/488/267 1831/489/269 1832/490/270
f 1825/277/4 1824/514/266 1829/515/271 1830/493/272
f 1823/494/265 1838/516/3 1828/496/273
f 1822/517/26 1827/487/268 1832/490/270
f 1826/488/267 1825/277/4 1830/493/272 1831/489/269
f 1824/514/266 1823/494/265 1828/496/273 1829/515/271
f 1832/490/270 1831/489/269 1836/518/274 1837/499/275
f 1830/493/272 1829/515/271 1834/519/276 1835/320/277
f 1828/496/273 1838/501/3 1833/502/278
f 1822/503/26 1832/490/270 1837/499/275
f 1831/489/269 1830/493/272 1835/320/277 1836/518/274
f 1829/515/271 1828/496/273 1833/502/278 1834/519/276
f 1837/499/275 1836/518/274 1842/436/224 1843/435/223
f 1835/320/277 1834/519/276 1840/439/227 1841/349/5
f 1833/502/278 1838/504/3 1839/441/230
f 1822/505/26 1837/499/275 1843/435/223
f 1836/518/274 1835/320/277 1841/349/5 1842/436/224
f 1834/519/276 1833/502/278 1839/441/230 1840/439/227
f 1905/520/223 1846/436/224 1850/437/225 1851/506/226
f 1845/349/5 1844/439/227 1848/440/228 1849/401/229
f 1904/521/230 1877/442/3 1847/507/231
f 1888/444/26 1905/520/223 1851/506/226
f 1846/436/224 1845/349/5 1849/401/229 1850/437/225
f 1844/439/227 1904/521/230 1847/507/231 1848/440/228
f 1849/401/229 1848/440/228 1853/522/234 1854/448/235
f 1847/507/231 1877/138/3 1852/523/236
f 1888/131/26 1851/506/226 1856/524/233
f 1850/437/225 1849/401/229 1854/448/235 1855/445/232
f 1848/440/228 1847/507/231 1852/523/236 1853/522/234
f 1851/506/226 1850/437/225 1855/445/232 1856/524/233
f 1852/523/236 1877/451/3 1857/241/238
f 1888/452/26 1856/524/233 1861/240/239
f 1855/445/232 1854/448/235 1859/171/2 1860/172/240
f 1853/522/234 1852/523/236 1857/241/238 1858/450/237
f 1856/524/233 1855/445/232 1860/172/240 1861/240/239
f 1854/448/235 1853/522/234 1858/450/237 1859/171/2
f 1888/525/26 1861/240/239 1866/526/242
f 1860/172/240 1859/171/2 1864/457/243 1865/458/244
f 1858/450/237 1857/241/238 1862/527/241 1863/459/245
f 1861/240/239 1860/172/240 1865/458/244 1866/526/242
f 1859/171/2 1858/450/237 1863/459/245 1864/457/243
f 1857/241/238 1877/528/3 1862/527/241
f 1888/130/26 1866/526/242 1871/460/246
f 1865/458/244 1864/457/243 1869/461/247 1870/462/248
f 1863/459/245 1862/527/241 1867/463/249 1868/464/250
f 1866/526/242 1865/458/244 1870/462/248 1871/460/246
f 1864/457/243 1863/459/245 1868/464/250 1869/461/247
f 1862/527/241 1877/139/3 1867/463/249
f 1888/529/26 1871/460/246 1876/466/251
f 1870/462/248 1869/461/247 1874/361/1 1875/508/252
f 1868/464/250 1867/463/249 1872/468/253 1873/509/254
f 1871/460/246 1870/462/248 1875/508/252 1876/466/251
f 1869/461/247 1868/464/250 1873/509/254 1874/361/1
f 1867/463/249 1877/530/3 1872/468/253
f 1875/508/252 1874/361/1 1880/410/256 1881/473/257
f 1873/509/254 1872/468/253 1878/474/258 1879/475/259
f 1876/466/251 1875/508/252 1881/473/257 1882/472/255
f 1874/361/1 1873/509/254 1879/475/259 1880/410/256
f 1872/468/253 1877/531/3 1878/474/258
f 1888/532/26 1876/466/251 1882/472/255
f 1879/475/259 1878/474/258 1883/533/262 1884/480/263
f 1882/472/255 1881/473/257 1886/478/261 1887/534/264
f 1880/410/256 1879/475/259 1884/480/263 1885/535/260
f 1878/474/258 1877/536/3 1883/533/262
f 1888/537/26 1882/472/255 1887/534/264
f 1881/473/257 1880/410/256 1885/535/260 1886/478/261
f 1887/534/264 1886/478/261 1892/204/267 1893/205/268
f 1885/535/260 1884/480/263 1890/484/266 1891/207/4
f 1883/533/262 1877/485/3 1889/209/265
f 1888/486/26 1887/534/264 1893/205/268
f 1886/478/261 1885/535/260 1891/207/4 1892/204/267
f 1884/480/263 1883/533/262 1889/209/265 1890/484/266
f 1893/487/268 1892/488/267 1897/489/269 1898/490/270
f 1891/277/4 1890/491/266 1895/492/271 1896/493/272
f 1889/494/265 1877/516/3 1894/496/273
f 1888/517/26 1893/487/268 1898/490/270
f 1892/488/267 1891/277/4 1896/493/272 1897/489/269
f 1890/491/266 1889/494/265 1894/496/273 1895/492/271
f 1898/490/270 1897/489/269 1902/498/274 1903/538/275
f 1896/493/272 1895/492/271 1900/500/276 1901/539/277
f 1894/496/273 1877/540/3 1899/541/278
f 1888/542/26 1898/490/270 1903/538/275
f 1897/489/269 1896/493/272 1901/539/277 1902/498/274
f 1895/492/271 1894/496/273 1899/541/278 1900/500/276
f 1903/538/275 1902/498/274 1846/436/224 1905/520/223
f 1901/539/277 1900/500/276 1844/439/227 1845/349/5
f 1899/541/278 1877/504/3 1904/521/230
f 1888/505/26 1903/538/275 1905/520/223
f 1902/498/274 1901/539/277 1845/349/5 1846/436/224
f 1900/500/276 1899/541/278 1904/521/230 1844/439/227
f 1907/543/223 1967/436/224 1911/437/225 1912/506/226
f 1906/349/5 1966/544/227 1909/440/228 1910/401/229
f 1965/521/230 1944/442/3 1908/507/231
f 1943/444/26 1907/543/223 1912/506/226
f 1967/436/224 1906/349/5 1910/401/229 1911/437/225
f 1966/544/227 1965/521/230 1908/507/231 1909/440/228
f 1908/507/231 1944/138/3 1913/523/236
f 1943/131/26 1912/506/226 1917/524/233
f 1911/437/225 1910/401/229 1915/448/235 1916/445/232
f 1909/440/228 1908/507/231 1913/523/236 1914/522/234
f 1912/506/226 1911/437/225 1916/445/232 1917/524/233
f 1910/401/229 1909/440/228 1914/522/234 1915/448/235
f 1943/452/26 1917/524/233 1922/240/239
f 1916/445/232 1915/448/235 1920/171/2 1921/172/240
f 1914/522/234 1913/523/236 1918/241/238 1919/450/237
f 1917/524/233 1916/445/232 1921/172/240 1922/240/239
f 1915/448/235 1914/522/234 1919/450/237 1920/171/2
f 1913/523/236 1944/451/3 1918/241/238
f 1943/525/26 1922/240/239 1927/526/242
f 1921/172/240 1920/171/2 1925/457/243 1926/458/244
f 1919/450/237 1918/241/238 1923/527/241 1924/459/245
f 1922/240/239 1921/172/240 1926/458/244 1927/526/242
f 1920/171/2 1919/450/237 1924/459/245 1925/457/243
f 1918/241/238 1944/528/3 1923/527/241
f 1943/130/26 1927/526/242 1932/545/246
f 1926/458/244 1925/457/243 1930/461/247 1931/462/248
f 1924/459/245 1923/527/241 1928/546/249 1929/464/250
f 1927/526/242 1926/458/244 1931/462/248 1932/545/246
f 1925/457/243 1924/459/245 1929/464/250 1930/461/247
f 1923/527/241 1944/139/3 1928/546/249
f 1931/462/248 1930/461/247 1935/361/1 1936/508/252
f 1929/464/250 1928/546/249 1933/547/253 1934/509/254
f 1932/545/246 1931/462/248 1936/508/252 1937/548/251
f 1930/461/247 1929/464/250 1934/509/254 1935/361/1
f 1928/546/249 1944/530/3 1933/547/253
f 1943/529/26 1932/545/246 1937/548/251
f 1934/509/254 1933/547/253 1938/549/258 1939/475/259
f 1937/548/251 1936/508/252 1941/473/257 1942/550/255
f 1935/361/1 1934/509/254 1939/475/259 1940/410/256
f 1933/547/253 1944/531/3 1938/549/258
f 1943/532/26 1937/548/251 1942/550/255
f 1936/508/252 1935/361/1 1940/410/256 1941/473/257
f 1942/550/255 1941/473/257 1948/510/261 1949/551/264
f 1940/410/256 1939/475/259 1946/511/263 1947/535/260
f 1938/549/258 1944/536/3 1945/552/262
f 1943/537/26 1942/550/255 1949/551/264
f 1941/473/257 1940/410/256 1947/535/260 1948/510/261
f 1939/475/259 1938/549/258 1945/552/262 1946/511/263
f 1949/551/264 1948/510/261 1953/204/267 1954/205/268
f 1947/535/260 1946/511/263 1951/484/266 1952/207/4
f 1945/552/262 1944/485/3 1950/209/265
f 1943/486/26 1949/551/264 1954/205/268
f 1948/510/261 1947/535/260 1952/207/4 1953/204/267
f 1946/511/263 1945/552/262 1950/209/265 1951/484/266
f 1954/487/268 1953/488/267 1958/489/269 1959/490/270
f 1952/277/4 1951/491/266 1956/492/271 1957/493/272
f 1950/494/265 1944/516/3 1955/496/273
f 1943/517/26 1954/487/268 1959/490/270
f 1953/488/267 1952/277/4 1957/493/272 1958/489/269
f 1951/491/266 1950/494/265 1955/496/273 1956/492/271
f 1959/490/270 1958/489/269 1963/518/274 1964/538/275
f 1957/493/272 1956/492/271 1961/519/276 1962/539/277
f 1955/496/273 1944/540/3 1960/541/278
f 1943/542/26 1959/490/270 1964/538/275
f 1958/489/269 1957/493/272 1962/539/277 1963/518/274
f 1956/492/271 1955/496/273 1960/541/278 1961/519/276
f 1962/539/277 1961/519/276 1966/544/227 1906/349/5
f 1960/541/278 1944/504/3 1965/521/230
f 1943/505/26 1964/538/275 1907/543/223
f 1963/518/274 1962/539/277 1906/349/5 1967/436/224
f 1961/519/276 1960/541/278 1965/521/230 1966/544/227
f 1964/538/275 1963/518/274 1967/436/224 1907/543/223
