# Blender 4.3.2
# www.blender.org
mtllib SlimeHouse_UpgradeMax.mtl
o SlimeHouse_UpgradeMax
v -1.060000 0.050000 0.735000
v -1.060000 0.090000 0.775000
v -1.100000 0.090000 0.735000
v -1.060000 2.310000 0.775000
v -1.060000 2.350000 0.735000
v -1.100000 2.310000 0.735000
v -1.060000 0.050000 -0.735000
v -1.100000 0.090000 -0.735000
v -1.060000 0.090000 -0.775000
v -1.060000 2.350000 -0.735000
v -1.060000 2.310000 -0.775000
v -1.100000 2.310000 -0.735000
v 1.060000 0.050000 0.735000
v 1.100000 0.090000 0.735000
v 1.060000 0.090000 0.775000
v 1.060000 2.350000 0.735000
v 1.060000 2.310000 0.775000
v 1.100000 2.310000 0.735000
v 1.060000 0.050000 -0.735000
v 1.060000 0.090000 -0.775000
v 1.100000 0.090000 -0.735000
v 1.060000 2.350000 -0.735000
v 1.100000 2.310000 -0.735000
v 1.060000 2.310000 -0.775000
v -1.570000 0.075000 0.170000
v -1.570000 0.105000 0.200000
v -1.600000 0.105000 0.170000
v -1.570000 1.895000 0.200000
v -1.570000 1.925000 0.170000
v -1.600000 1.895000 0.170000
v -1.570000 0.075000 -0.670000
v -1.600000 0.105000 -0.670000
v -1.570000 0.105000 -0.700000
v -1.570000 1.925000 -0.670000
v -1.570000 1.895000 -0.700000
v -1.600000 1.895000 -0.670000
v -0.930000 0.075000 0.170000
v -0.900000 0.105000 0.170000
v -0.930000 0.105000 0.200000
v -0.930000 1.925000 0.170000
v -0.930000 1.895000 0.200000
v -0.900000 1.895000 0.170000
v -0.930000 0.075000 -0.670000
v -0.930000 0.105000 -0.700000
v -0.900000 0.105000 -0.670000
v -0.930000 1.925000 -0.670000
v -0.900000 1.895000 -0.670000
v -0.930000 1.895000 -0.700000
v 1.300000 0.050000 -0.450000
v 1.300000 2.750000 -0.450000
v 1.538636 0.050000 -0.395533
v 1.538636 2.750000 -0.395533
v 1.730007 0.050000 -0.242919
v 1.730007 2.750000 -0.242919
v 1.836210 0.050000 -0.022387
v 1.836210 2.750000 -0.022387
v 1.836210 0.050000 0.222387
v 1.836210 2.750000 0.222387
v 1.730007 0.050000 0.442919
v 1.730007 2.750000 0.442919
v 1.538636 0.050000 0.595533
v 1.538636 2.750000 0.595533
v 1.300000 0.050000 0.650000
v 1.300000 2.750000 0.650000
v 1.061364 0.050000 0.595533
v 1.061364 2.750000 0.595533
v 0.869993 0.050000 0.442919
v 0.869993 2.750000 0.442919
v 0.763790 0.050000 0.222387
v 0.763790 2.750000 0.222387
v 0.763790 0.050000 -0.022387
v 0.763790 2.750000 -0.022387
v 0.869993 0.050000 -0.242919
v 0.869993 2.750000 -0.242919
v 1.061364 0.050000 -0.395533
v 1.061364 2.750000 -0.395533
v 1.300000 3.385850 -0.121956
v 1.300000 3.071956 -0.435850
v 1.300000 2.850000 -0.480000
v 1.300000 2.628044 -0.435850
v 1.300000 2.314150 -0.121956
v 1.300000 3.430000 0.100000
v 1.396303 3.385850 -0.099976
v 1.477945 3.260122 -0.269507
v 1.532497 3.071956 -0.382784
v 1.551653 2.850000 -0.422562
v 1.532497 2.628044 -0.382784
v 1.477945 2.439878 -0.269507
v 1.396303 2.314150 -0.099976
v 1.473532 3.385850 -0.038388
v 1.620646 3.260122 -0.155707
v 1.718944 3.071956 -0.234097
v 1.753462 2.850000 -0.261624
v 1.718944 2.628044 -0.234097
v 1.620646 2.439878 -0.155707
v 1.473532 2.314150 -0.038388
v 1.516391 3.385850 0.050610
v 1.699839 3.260122 0.008739
v 1.822415 3.071956 -0.019238
v 1.865458 2.850000 -0.029062
v 1.822415 2.628044 -0.019238
v 1.699839 2.439878 0.008739
v 1.516391 2.314150 0.050610
v 1.516391 3.385850 0.149390
v 1.699839 3.260122 0.191261
v 1.822415 3.071956 0.219238
v 1.865458 2.850000 0.229062
v 1.822415 2.628044 0.219238
v 1.699839 2.439878 0.191261
v 1.516391 2.314150 0.149390
v 1.473532 3.385850 0.238388
v 1.620646 3.260122 0.355707
v 1.718944 3.071956 0.434097
v 1.753462 2.850000 0.461624
v 1.718944 2.628044 0.434097
v 1.620646 2.439878 0.355707
v 1.473532 2.314150 0.238388
v 1.396303 3.385850 0.299976
v 1.477945 3.260122 0.469507
v 1.532496 3.071956 0.582784
v 1.551652 2.850000 0.622562
v 1.532496 2.628044 0.582784
v 1.477945 2.439878 0.469507
v 1.396303 2.314150 0.299976
v 1.300000 3.385850 0.321956
v 1.300000 3.260122 0.510122
v 1.300000 3.071956 0.635850
v 1.300000 2.850000 0.680000
v 1.300000 2.628044 0.635850
v 1.300000 2.439878 0.510122
v 1.300000 2.314150 0.321956
v 1.203697 3.385850 0.299976
v 1.122055 3.260122 0.469507
v 1.067503 3.071956 0.582784
v 1.048347 2.850000 0.622562
v 1.067503 2.628044 0.582784
v 1.122055 2.439878 0.469507
v 1.203697 2.314150 0.299976
v 1.126467 3.385850 0.238387
v 0.979354 3.260122 0.355707
v 0.881055 3.071956 0.434097
v 0.846538 2.850000 0.461624
v 0.881055 2.628044 0.434097
v 0.979354 2.439878 0.355707
v 1.126467 2.314150 0.238387
v 1.083609 3.385850 0.149390
v 0.900161 3.260122 0.191261
v 0.777585 3.071956 0.219238
v 0.734542 2.850000 0.229062
v 0.777585 2.628044 0.219238
v 0.900161 2.439878 0.191261
v 1.083609 2.314150 0.149390
v 1.083609 3.385850 0.050610
v 0.900161 3.260122 0.008739
v 0.777585 3.071956 -0.019238
v 0.734542 2.850000 -0.029062
v 0.777585 2.628044 -0.019238
v 0.900161 2.439878 0.008739
v 1.083609 2.314150 0.050610
v 1.126468 3.385850 -0.038388
v 0.979354 3.260122 -0.155707
v 0.881056 3.071956 -0.234097
v 0.846538 2.850000 -0.261624
v 0.881056 2.628044 -0.234097
v 0.979354 2.439878 -0.155707
v 1.126468 2.314150 -0.038388
v 1.203697 3.385850 -0.099976
v 1.122055 3.260122 -0.269507
v 1.067503 3.071956 -0.382784
v 1.048348 2.850000 -0.422562
v 1.067503 2.628044 -0.382784
v 1.122055 2.439878 -0.269507
v 1.203697 2.314150 -0.099976
v 1.300000 3.260122 -0.310122
v 1.300000 2.439878 -0.310122
v 1.300000 2.270000 0.100000
v 1.300000 2.690000 -0.500000
v 1.300000 2.810000 -0.500000
v 1.560330 2.690000 -0.440581
v 1.560330 2.810000 -0.440581
v 1.769099 2.690000 -0.274094
v 1.769099 2.810000 -0.274094
v 1.884957 2.690000 -0.033513
v 1.884957 2.810000 -0.033513
v 1.884957 2.690000 0.233513
v 1.884957 2.810000 0.233513
v 1.769099 2.690000 0.474094
v 1.769099 2.810000 0.474094
v 1.560330 2.690000 0.640581
v 1.560330 2.810000 0.640581
v 1.300000 2.690000 0.700000
v 1.300000 2.810000 0.700000
v 1.039670 2.690000 0.640581
v 1.039670 2.810000 0.640581
v 0.830901 2.690000 0.474094
v 0.830901 2.810000 0.474094
v 0.715043 2.690000 0.233513
v 0.715043 2.810000 0.233513
v 0.715043 2.690000 -0.033513
v 0.715043 2.810000 -0.033513
v 0.830901 2.690000 -0.274094
v 0.830901 2.810000 -0.274094
v 1.039670 2.690000 -0.440581
v 1.039670 2.810000 -0.440581
v -1.300000 0.000000 0.875000
v -1.300000 0.200000 0.875000
v -1.300000 0.000000 -0.975000
v -1.300000 0.200000 -0.975000
v 1.400000 0.000000 0.875000
v 1.400000 0.200000 0.875000
v 1.400000 0.000000 -0.975000
v 1.400000 0.200000 -0.975000
v -0.500000 0.030000 -0.860000
v -0.500000 0.130000 -0.860000
v -0.500000 0.030000 -1.040000
v -0.500000 0.130000 -1.040000
v 0.500000 0.030000 -0.860000
v 0.500000 0.130000 -0.860000
v 0.500000 0.030000 -1.040000
v 0.500000 0.130000 -1.040000
v -0.425000 0.130000 -0.930000
v -0.425000 0.230000 -0.930000
v -0.425000 0.130000 -1.110000
v -0.425000 0.230000 -1.110000
v 0.425000 0.130000 -0.930000
v 0.425000 0.230000 -0.930000
v 0.425000 0.130000 -1.110000
v 0.425000 0.230000 -1.110000
v -0.350000 0.230000 -0.990000
v -0.350000 0.330000 -0.990000
v -0.350000 0.230000 -1.170000
v -0.350000 0.330000 -1.170000
v 0.350000 0.230000 -0.990000
v 0.350000 0.330000 -0.990000
v 0.350000 0.230000 -1.170000
v 0.350000 0.330000 -1.170000
v -0.450000 0.075000 -1.085000
v -0.450000 0.625000 -1.085000
v -0.425251 0.075000 -1.074749
v -0.425251 0.625000 -1.074749
v -0.415000 0.075000 -1.050000
v -0.415000 0.625000 -1.050000
v -0.425251 0.075000 -1.025251
v -0.425251 0.625000 -1.025251
v -0.450000 0.075000 -1.015000
v -0.450000 0.625000 -1.015000
v -0.474749 0.075000 -1.025251
v -0.474749 0.625000 -1.025251
v -0.485000 0.075000 -1.050000
v -0.485000 0.625000 -1.050000
v -0.474749 0.075000 -1.074749
v -0.474749 0.625000 -1.074749
v -0.420000 0.692426 -1.080000
v -0.407574 0.650000 -1.092426
v -0.420000 0.607574 -1.080000
v -0.407574 0.692426 -1.050000
v -0.390000 0.650000 -1.050000
v -0.407574 0.607574 -1.050000
v -0.420000 0.692426 -1.020000
v -0.407574 0.650000 -1.007574
v -0.420000 0.607574 -1.020000
v -0.450000 0.692426 -1.007574
v -0.450000 0.650000 -0.990000
v -0.450000 0.607574 -1.007574
v -0.480000 0.692426 -1.020000
v -0.492426 0.650000 -1.007574
v -0.480000 0.607574 -1.020000
v -0.450000 0.590000 -1.050000
v -0.492426 0.692426 -1.050000
v -0.510000 0.650000 -1.050000
v -0.492426 0.607574 -1.050000
v -0.480000 0.692426 -1.080000
v -0.492426 0.650000 -1.092426
v -0.480000 0.607574 -1.080000
v -0.450000 0.710000 -1.050000
v -0.450000 0.692426 -1.092426
v -0.450000 0.650000 -1.110000
v -0.450000 0.607574 -1.092426
v 0.450000 0.075000 -1.085000
v 0.450000 0.625000 -1.085000
v 0.474749 0.075000 -1.074749
v 0.474749 0.625000 -1.074749
v 0.485000 0.075000 -1.050000
v 0.485000 0.625000 -1.050000
v 0.474749 0.075000 -1.025251
v 0.474749 0.625000 -1.025251
v 0.450000 0.075000 -1.015000
v 0.450000 0.625000 -1.015000
v 0.425251 0.075000 -1.025251
v 0.425251 0.625000 -1.025251
v 0.415000 0.075000 -1.050000
v 0.415000 0.625000 -1.050000
v 0.425251 0.075000 -1.074749
v 0.425251 0.625000 -1.074749
v 0.480000 0.692426 -1.080000
v 0.492426 0.650000 -1.092426
v 0.480000 0.607574 -1.080000
v 0.492426 0.692426 -1.050000
v 0.510000 0.650000 -1.050000
v 0.492426 0.607574 -1.050000
v 0.480000 0.692426 -1.020000
v 0.492426 0.650000 -1.007574
v 0.480000 0.607574 -1.020000
v 0.450000 0.692426 -1.007574
v 0.450000 0.650000 -0.990000
v 0.450000 0.607574 -1.007574
v 0.420000 0.692426 -1.020000
v 0.407574 0.650000 -1.007574
v 0.420000 0.607574 -1.020000
v 0.450000 0.590000 -1.050000
v 0.407574 0.692426 -1.050000
v 0.390000 0.650000 -1.050000
v 0.407574 0.607574 -1.050000
v 0.420000 0.692426 -1.080000
v 0.407574 0.650000 -1.092426
v 0.420000 0.607574 -1.080000
v 0.450000 0.710000 -1.050000
v 0.450000 0.692426 -1.092426
v 0.450000 0.650000 -1.110000
v 0.450000 0.607574 -1.092426
v -1.200000 2.310000 0.850000
v -1.200000 2.590000 0.850000
v -1.200000 2.310000 -0.850000
v -1.200000 2.590000 -0.850000
v 1.200000 2.310000 0.850000
v 1.200000 2.590000 0.850000
v 1.200000 2.310000 -0.850000
v 1.200000 2.590000 -0.850000
v -0.700000 2.550000 0.275000
v -0.700000 2.850000 0.275000
v -0.700000 2.550000 -0.275000
v -0.700000 2.850000 -0.275000
v 0.700000 2.550000 0.275000
v 0.700000 2.850000 0.275000
v 0.700000 2.550000 -0.275000
v 0.700000 2.850000 -0.275000
v -0.550000 2.840000 -0.080000
v -0.480718 2.840000 -0.040000
v -0.480718 2.840000 0.040000
v -0.550000 2.840000 0.080000
v -0.619282 2.840000 0.040000
v -0.619282 2.840000 -0.040000
v -0.550000 3.060000 0.000000
v 0.550000 2.840000 -0.080000
v 0.619282 2.840000 -0.040000
v 0.619282 2.840000 0.040000
v 0.550000 2.840000 0.080000
v 0.480718 2.840000 0.040000
v 0.480718 2.840000 -0.040000
v 0.550000 3.060000 0.000000
v -0.973550 2.343205 -0.836406
v -0.954187 2.270000 -0.863057
v -0.947099 2.170000 -0.872812
v -0.954187 2.070000 -0.863057
v -0.973550 1.996795 -0.836406
v -0.957202 2.343205 -0.813906
v -0.925872 2.270000 -0.824086
v -0.914405 2.170000 -0.827812
v -0.925872 2.070000 -0.824086
v -0.957202 1.996795 -0.813906
v -0.957202 2.343205 -0.786094
v -0.925872 2.270000 -0.775915
v -0.914405 2.170000 -0.772188
v -0.925872 2.070000 -0.775915
v -0.957202 1.996795 -0.786094
v -0.973550 2.343205 -0.763594
v -0.954187 2.270000 -0.736943
v -0.947099 2.170000 -0.727188
v -0.954187 2.070000 -0.736943
v -0.973550 1.996795 -0.763594
v -1.000000 2.343205 -0.755000
v -1.000000 2.270000 -0.722058
v -1.000000 2.170000 -0.710000
v -1.000000 2.070000 -0.722058
v -1.000000 1.996795 -0.755000
v -1.026450 2.343205 -0.763594
v -1.045813 2.270000 -0.736943
v -1.052901 2.170000 -0.727188
v -1.045813 2.070000 -0.736943
v -1.026450 1.996795 -0.763594
v -1.000000 2.370000 -0.800000
v -1.042798 2.343205 -0.786094
v -1.074128 2.270000 -0.775914
v -1.085595 2.170000 -0.772188
v -1.074128 2.070000 -0.775914
v -1.042798 1.996795 -0.786094
v -1.000000 1.970000 -0.800000
v -1.042798 2.343205 -0.813906
v -1.074128 2.270000 -0.824085
v -1.085595 2.170000 -0.827812
v -1.074128 2.070000 -0.824085
v -1.042798 1.996795 -0.813906
v -1.026450 2.343205 -0.836406
v -1.045813 2.270000 -0.863057
v -1.052901 2.170000 -0.872812
v -1.045813 2.070000 -0.863057
v -1.026450 1.996795 -0.836406
v -1.000000 2.343205 -0.845000
v -1.000000 2.270000 -0.877942
v -1.000000 2.170000 -0.890000
v -1.000000 2.070000 -0.877942
v -1.000000 1.996795 -0.845000
v -0.623550 2.343205 -0.836406
v -0.604187 2.270000 -0.863057
v -0.597099 2.170000 -0.872812
v -0.604187 2.070000 -0.863057
v -0.623550 1.996795 -0.836406
v -0.607202 2.343205 -0.813906
v -0.575872 2.270000 -0.824086
v -0.564405 2.170000 -0.827812
v -0.575872 2.070000 -0.824086
v -0.607202 1.996795 -0.813906
v -0.607202 2.343205 -0.786094
v -0.575872 2.270000 -0.775915
v -0.564405 2.170000 -0.772188
v -0.575872 2.070000 -0.775915
v -0.607202 1.996795 -0.786094
v -0.623550 2.343205 -0.763594
v -0.604187 2.270000 -0.736943
v -0.597099 2.170000 -0.727188
v -0.604187 2.070000 -0.736943
v -0.623550 1.996795 -0.763594
v -0.650000 2.343205 -0.755000
v -0.650000 2.270000 -0.722058
v -0.650000 2.170000 -0.710000
v -0.650000 2.070000 -0.722058
v -0.650000 1.996795 -0.755000
v -0.676450 2.343205 -0.763594
v -0.695813 2.270000 -0.736943
v -0.702901 2.170000 -0.727188
v -0.695813 2.070000 -0.736943
v -0.676450 1.996795 -0.763594
v -0.650000 2.370000 -0.800000
v -0.692798 2.343205 -0.786094
v -0.724127 2.270000 -0.775914
v -0.735595 2.170000 -0.772188
v -0.724127 2.070000 -0.775914
v -0.692798 1.996795 -0.786094
v -0.650000 1.970000 -0.800000
v -0.692798 2.343205 -0.813906
v -0.724127 2.270000 -0.824085
v -0.735595 2.170000 -0.827812
v -0.724127 2.070000 -0.824085
v -0.692798 1.996795 -0.813906
v -0.676450 2.343205 -0.836406
v -0.695813 2.270000 -0.863057
v -0.702901 2.170000 -0.872812
v -0.695813 2.070000 -0.863057
v -0.676450 1.996795 -0.836406
v -0.650000 2.343205 -0.845000
v -0.650000 2.270000 -0.877942
v -0.650000 2.170000 -0.890000
v -0.650000 2.070000 -0.877942
v -0.650000 1.996795 -0.845000
v -0.273550 2.343205 -0.836406
v -0.254187 2.270000 -0.863057
v -0.247099 2.170000 -0.872812
v -0.254187 2.070000 -0.863057
v -0.273550 1.996795 -0.836406
v -0.257202 2.343205 -0.813906
v -0.225872 2.270000 -0.824086
v -0.214405 2.170000 -0.827812
v -0.225872 2.070000 -0.824086
v -0.257202 1.996795 -0.813906
v -0.257202 2.343205 -0.786094
v -0.225872 2.270000 -0.775915
v -0.214405 2.170000 -0.772188
v -0.225872 2.070000 -0.775915
v -0.257202 1.996795 -0.786094
v -0.273550 2.343205 -0.763594
v -0.254187 2.270000 -0.736943
v -0.247099 2.170000 -0.727188
v -0.254187 2.070000 -0.736943
v -0.273550 1.996795 -0.763594
v -0.300000 2.343205 -0.755000
v -0.300000 2.270000 -0.722058
v -0.300000 2.170000 -0.710000
v -0.300000 2.070000 -0.722058
v -0.300000 1.996795 -0.755000
v -0.326450 2.343205 -0.763594
v -0.345813 2.270000 -0.736943
v -0.352901 2.170000 -0.727188
v -0.345813 2.070000 -0.736943
v -0.326450 1.996795 -0.763594
v -0.300000 2.370000 -0.800000
v -0.342798 2.343205 -0.786094
v -0.374128 2.270000 -0.775914
v -0.385595 2.170000 -0.772188
v -0.374128 2.070000 -0.775914
v -0.342798 1.996795 -0.786094
v -0.300000 1.970000 -0.800000
v -0.342798 2.343205 -0.813906
v -0.374128 2.270000 -0.824085
v -0.385595 2.170000 -0.827812
v -0.374128 2.070000 -0.824085
v -0.342798 1.996795 -0.813906
v -0.326450 2.343205 -0.836406
v -0.345813 2.270000 -0.863057
v -0.352901 2.170000 -0.872812
v -0.345813 2.070000 -0.863057
v -0.326450 1.996795 -0.836406
v -0.300000 2.343205 -0.845000
v -0.300000 2.270000 -0.877942
v -0.300000 2.170000 -0.890000
v -0.300000 2.070000 -0.877942
v -0.300000 1.996795 -0.845000
v 0.076450 2.343205 -0.836406
v 0.095813 2.270000 -0.863057
v 0.102901 2.170000 -0.872812
v 0.095813 2.070000 -0.863057
v 0.076450 1.996795 -0.836406
v 0.092798 2.343205 -0.813906
v 0.124128 2.270000 -0.824086
v 0.135595 2.170000 -0.827812
v 0.124128 2.070000 -0.824086
v 0.092798 1.996795 -0.813906
v 0.092798 2.343205 -0.786094
v 0.124128 2.270000 -0.775915
v 0.135595 2.170000 -0.772188
v 0.124128 2.070000 -0.775915
v 0.092798 1.996795 -0.786094
v 0.076450 2.343205 -0.763594
v 0.095813 2.270000 -0.736943
v 0.102901 2.170000 -0.727188
v 0.095813 2.070000 -0.736943
v 0.076450 1.996795 -0.763594
v 0.050000 2.343205 -0.755000
v 0.050000 2.270000 -0.722058
v 0.050000 2.170000 -0.710000
v 0.050000 2.070000 -0.722058
v 0.050000 1.996795 -0.755000
v 0.023550 2.343205 -0.763594
v 0.004187 2.270000 -0.736943
v -0.002901 2.170000 -0.727188
v 0.004187 2.070000 -0.736943
v 0.023550 1.996795 -0.763594
v 0.050000 2.370000 -0.800000
v 0.007202 2.343205 -0.786094
v -0.024128 2.270000 -0.775914
v -0.035595 2.170000 -0.772188
v -0.024128 2.070000 -0.775914
v 0.007202 1.996795 -0.786094
v 0.050000 1.970000 -0.800000
v 0.007202 2.343205 -0.813906
v -0.024128 2.270000 -0.824085
v -0.035595 2.170000 -0.827812
v -0.024128 2.070000 -0.824085
v 0.007202 1.996795 -0.813906
v 0.023550 2.343205 -0.836406
v 0.004187 2.270000 -0.863057
v -0.002901 2.170000 -0.872812
v 0.004187 2.070000 -0.863057
v 0.023550 1.996795 -0.836406
v 0.050000 2.343205 -0.845000
v 0.050000 2.270000 -0.877942
v 0.050000 2.170000 -0.890000
v 0.050000 2.070000 -0.877942
v 0.050000 1.996795 -0.845000
v 0.426450 2.343205 -0.836406
v 0.445813 2.270000 -0.863057
v 0.452901 2.170000 -0.872812
v 0.445813 2.070000 -0.863057
v 0.426450 1.996795 -0.836406
v 0.442798 2.343205 -0.813906
v 0.474128 2.270000 -0.824086
v 0.485595 2.170000 -0.827812
v 0.474128 2.070000 -0.824086
v 0.442798 1.996795 -0.813906
v 0.442798 2.343205 -0.786094
v 0.474128 2.270000 -0.775915
v 0.485595 2.170000 -0.772188
v 0.474128 2.070000 -0.775915
v 0.442798 1.996795 -0.786094
v 0.426450 2.343205 -0.763594
v 0.445813 2.270000 -0.736943
v 0.452901 2.170000 -0.727188
v 0.445813 2.070000 -0.736943
v 0.426450 1.996795 -0.763594
v 0.400000 2.343205 -0.755000
v 0.400000 2.270000 -0.722058
v 0.400000 2.170000 -0.710000
v 0.400000 2.070000 -0.722058
v 0.400000 1.996795 -0.755000
v 0.373550 2.343205 -0.763594
v 0.354187 2.270000 -0.736943
v 0.347099 2.170000 -0.727188
v 0.354187 2.070000 -0.736943
v 0.373550 1.996795 -0.763594
v 0.400000 2.370000 -0.800000
v 0.357202 2.343205 -0.786094
v 0.325872 2.270000 -0.775914
v 0.314405 2.170000 -0.772188
v 0.325872 2.070000 -0.775914
v 0.357202 1.996795 -0.786094
v 0.400000 1.970000 -0.800000
v 0.357202 2.343205 -0.813906
v 0.325872 2.270000 -0.824085
v 0.314405 2.170000 -0.827812
v 0.325872 2.070000 -0.824085
v 0.357202 1.996795 -0.813906
v 0.373550 2.343205 -0.836406
v 0.354187 2.270000 -0.863057
v 0.347099 2.170000 -0.872812
v 0.354187 2.070000 -0.863057
v 0.373550 1.996795 -0.836406
v 0.400000 2.343205 -0.845000
v 0.400000 2.270000 -0.877942
v 0.400000 2.170000 -0.890000
v 0.400000 2.070000 -0.877942
v 0.400000 1.996795 -0.845000
v 0.776450 2.343205 -0.836406
v 0.795813 2.270000 -0.863057
v 0.802901 2.170000 -0.872812
v 0.795813 2.070000 -0.863057
v 0.776450 1.996795 -0.836406
v 0.792798 2.343205 -0.813906
v 0.824128 2.270000 -0.824086
v 0.835595 2.170000 -0.827812
v 0.824128 2.070000 -0.824086
v 0.792798 1.996795 -0.813906
v 0.792798 2.343205 -0.786094
v 0.824128 2.270000 -0.775915
v 0.835595 2.170000 -0.772188
v 0.824128 2.070000 -0.775915
v 0.792798 1.996795 -0.786094
v 0.776450 2.343205 -0.763594
v 0.795813 2.270000 -0.736943
v 0.802901 2.170000 -0.727188
v 0.795813 2.070000 -0.736943
v 0.776450 1.996795 -0.763594
v 0.750000 2.343205 -0.755000
v 0.750000 2.270000 -0.722058
v 0.750000 2.170000 -0.710000
v 0.750000 2.070000 -0.722058
v 0.750000 1.996795 -0.755000
v 0.723550 2.343205 -0.763594
v 0.704187 2.270000 -0.736943
v 0.697099 2.170000 -0.727188
v 0.704187 2.070000 -0.736943
v 0.723550 1.996795 -0.763594
v 0.750000 2.370000 -0.800000
v 0.707202 2.343205 -0.786094
v 0.675873 2.270000 -0.775914
v 0.664405 2.170000 -0.772188
v 0.675873 2.070000 -0.775914
v 0.707202 1.996795 -0.786094
v 0.750000 1.970000 -0.800000
v 0.707202 2.343205 -0.813906
v 0.675873 2.270000 -0.824085
v 0.664405 2.170000 -0.827812
v 0.675873 2.070000 -0.824085
v 0.707202 1.996795 -0.813906
v 0.723550 2.343205 -0.836406
v 0.704187 2.270000 -0.863057
v 0.697099 2.170000 -0.872812
v 0.704187 2.070000 -0.863057
v 0.723550 1.996795 -0.836406
v 0.750000 2.343205 -0.845000
v 0.750000 2.270000 -0.877942
v 0.750000 2.170000 -0.890000
v 0.750000 2.070000 -0.877942
v 0.750000 1.996795 -0.845000
v 1.076450 2.343205 -0.836406
v 1.095813 2.270000 -0.863057
v 1.102901 2.170000 -0.872812
v 1.095813 2.070000 -0.863057
v 1.076450 1.996795 -0.836406
v 1.092798 2.343205 -0.813906
v 1.124128 2.270000 -0.824086
v 1.135595 2.170000 -0.827812
v 1.124128 2.070000 -0.824086
v 1.092798 1.996795 -0.813906
v 1.092798 2.343205 -0.786094
v 1.124128 2.270000 -0.775915
v 1.135595 2.170000 -0.772188
v 1.124128 2.070000 -0.775915
v 1.092798 1.996795 -0.786094
v 1.076450 2.343205 -0.763594
v 1.095813 2.270000 -0.736943
v 1.102901 2.170000 -0.727188
v 1.095813 2.070000 -0.736943
v 1.076450 1.996795 -0.763594
v 1.050000 2.343205 -0.755000
v 1.050000 2.270000 -0.722058
v 1.050000 2.170000 -0.710000
v 1.050000 2.070000 -0.722058
v 1.050000 1.996795 -0.755000
v 1.023550 2.343205 -0.763594
v 1.004187 2.270000 -0.736943
v 0.997099 2.170000 -0.727188
v 1.004187 2.070000 -0.736943
v 1.023550 1.996795 -0.763594
v 1.050000 2.370000 -0.800000
v 1.007202 2.343205 -0.786094
v 0.975872 2.270000 -0.775914
v 0.964405 2.170000 -0.772188
v 0.975872 2.070000 -0.775914
v 1.007202 1.996795 -0.786094
v 1.050000 1.970000 -0.800000
v 1.007202 2.343205 -0.813906
v 0.975872 2.270000 -0.824085
v 0.964405 2.170000 -0.827812
v 0.975872 2.070000 -0.824085
v 1.007202 1.996795 -0.813906
v 1.023550 2.343205 -0.836406
v 1.004187 2.270000 -0.863057
v 0.997099 2.170000 -0.872812
v 1.004187 2.070000 -0.863057
v 1.023550 1.996795 -0.836406
v 1.050000 2.343205 -0.845000
v 1.050000 2.270000 -0.877942
v 1.050000 2.170000 -0.890000
v 1.050000 2.070000 -0.877942
v 1.050000 1.996795 -0.845000
v -1.429428 1.845243 -0.728316
v -1.414367 1.794000 -0.749044
v -1.408855 1.724000 -0.756631
v -1.414367 1.654000 -0.749044
v -1.429428 1.602757 -0.728316
v -1.416713 1.845243 -0.710816
v -1.392345 1.794000 -0.718733
v -1.383426 1.724000 -0.721631
v -1.392345 1.654000 -0.718733
v -1.416713 1.602757 -0.710816
v -1.416713 1.845243 -0.689184
v -1.392345 1.794000 -0.681267
v -1.383426 1.724000 -0.678369
v -1.392345 1.654000 -0.681267
v -1.416713 1.602757 -0.689184
v -1.429428 1.845243 -0.671684
v -1.414367 1.794000 -0.650956
v -1.408855 1.724000 -0.643369
v -1.414367 1.654000 -0.650956
v -1.429428 1.602757 -0.671684
v -1.450000 1.845243 -0.665000
v -1.450000 1.794000 -0.639378
v -1.450000 1.724000 -0.630000
v -1.450000 1.654000 -0.639378
v -1.450000 1.602757 -0.665000
v -1.470572 1.845243 -0.671684
v -1.485633 1.794000 -0.650956
v -1.491145 1.724000 -0.643369
v -1.485633 1.654000 -0.650956
v -1.470572 1.602757 -0.671684
v -1.450000 1.864000 -0.700000
v -1.483287 1.845243 -0.689184
v -1.507655 1.794000 -0.681267
v -1.516574 1.724000 -0.678369
v -1.507655 1.654000 -0.681267
v -1.483287 1.602757 -0.689184
v -1.450000 1.584000 -0.700000
v -1.483287 1.845243 -0.710816
v -1.507655 1.794000 -0.718733
v -1.516574 1.724000 -0.721631
v -1.507655 1.654000 -0.718733
v -1.483287 1.602757 -0.710816
v -1.470573 1.845243 -0.728316
v -1.485633 1.794000 -0.749044
v -1.491145 1.724000 -0.756631
v -1.485633 1.654000 -0.749044
v -1.470573 1.602757 -0.728316
v -1.450000 1.845243 -0.735000
v -1.450000 1.794000 -0.760622
v -1.450000 1.724000 -0.770000
v -1.450000 1.654000 -0.760622
v -1.450000 1.602757 -0.735000
v -1.179428 1.845243 -0.728316
v -1.164367 1.794000 -0.749044
v -1.158855 1.724000 -0.756631
v -1.164367 1.654000 -0.749044
v -1.179428 1.602757 -0.728316
v -1.166713 1.845243 -0.710816
v -1.142345 1.794000 -0.718733
v -1.133426 1.724000 -0.721631
v -1.142345 1.654000 -0.718733
v -1.166713 1.602757 -0.710816
v -1.166713 1.845243 -0.689184
v -1.142345 1.794000 -0.681267
v -1.133426 1.724000 -0.678369
v -1.142345 1.654000 -0.681267
v -1.166713 1.602757 -0.689184
v -1.179428 1.845243 -0.671684
v -1.164367 1.794000 -0.650956
v -1.158855 1.724000 -0.643369
v -1.164367 1.654000 -0.650956
v -1.179428 1.602757 -0.671684
v -1.200000 1.845243 -0.665000
v -1.200000 1.794000 -0.639378
v -1.200000 1.724000 -0.630000
v -1.200000 1.654000 -0.639378
v -1.200000 1.602757 -0.665000
v -1.220572 1.845243 -0.671684
v -1.235633 1.794000 -0.650956
v -1.241145 1.724000 -0.643369
v -1.235633 1.654000 -0.650956
v -1.220572 1.602757 -0.671684
v -1.200000 1.864000 -0.700000
v -1.233287 1.845243 -0.689184
v -1.257655 1.794000 -0.681267
v -1.266574 1.724000 -0.678369
v -1.257655 1.654000 -0.681267
v -1.233287 1.602757 -0.689184
v -1.200000 1.584000 -0.700000
v -1.233287 1.845243 -0.710816
v -1.257655 1.794000 -0.718733
v -1.266574 1.724000 -0.721631
v -1.257655 1.654000 -0.718733
v -1.233287 1.602757 -0.710816
v -1.220573 1.845243 -0.728316
v -1.235633 1.794000 -0.749044
v -1.241145 1.724000 -0.756631
v -1.235633 1.654000 -0.749044
v -1.220573 1.602757 -0.728316
v -1.200000 1.845243 -0.735000
v -1.200000 1.794000 -0.760622
v -1.200000 1.724000 -0.770000
v -1.200000 1.654000 -0.760622
v -1.200000 1.602757 -0.735000
v -0.979428 1.845243 -0.728316
v -0.964367 1.794000 -0.749044
v -0.958855 1.724000 -0.756631
v -0.964367 1.654000 -0.749044
v -0.979428 1.602757 -0.728316
v -0.966713 1.845243 -0.710816
v -0.942345 1.794000 -0.718733
v -0.933426 1.724000 -0.721631
v -0.942345 1.654000 -0.718733
v -0.966713 1.602757 -0.710816
v -0.966713 1.845243 -0.689184
v -0.942345 1.794000 -0.681267
v -0.933426 1.724000 -0.678369
v -0.942345 1.654000 -0.681267
v -0.966713 1.602757 -0.689184
v -0.979428 1.845243 -0.671684
v -0.964367 1.794000 -0.650956
v -0.958855 1.724000 -0.643369
v -0.964367 1.654000 -0.650956
v -0.979428 1.602757 -0.671684
v -1.000000 1.845243 -0.665000
v -1.000000 1.794000 -0.639378
v -1.000000 1.724000 -0.630000
v -1.000000 1.654000 -0.639378
v -1.000000 1.602757 -0.665000
v -1.020572 1.845243 -0.671684
v -1.035633 1.794000 -0.650956
v -1.041145 1.724000 -0.643369
v -1.035633 1.654000 -0.650956
v -1.020572 1.602757 -0.671684
v -1.000000 1.864000 -0.700000
v -1.033287 1.845243 -0.689184
v -1.057655 1.794000 -0.681267
v -1.066574 1.724000 -0.678369
v -1.057655 1.654000 -0.681267
v -1.033287 1.602757 -0.689184
v -1.000000 1.584000 -0.700000
v -1.033287 1.845243 -0.710816
v -1.057655 1.794000 -0.718733
v -1.066574 1.724000 -0.721631
v -1.057655 1.654000 -0.718733
v -1.033287 1.602757 -0.710816
v -1.020573 1.845243 -0.728316
v -1.035633 1.794000 -0.749044
v -1.041145 1.724000 -0.756631
v -1.035633 1.654000 -0.749044
v -1.020573 1.602757 -0.728316
v -1.000000 1.845243 -0.735000
v -1.000000 1.794000 -0.760622
v -1.000000 1.724000 -0.770000
v -1.000000 1.654000 -0.760622
v -1.000000 1.602757 -0.735000
v 1.570572 2.694904 -0.328316
v 1.585633 2.640000 -0.349044
v 1.591145 2.565000 -0.356631
v 1.585633 2.490000 -0.349044
v 1.570572 2.435096 -0.328316
v 1.583287 2.694904 -0.310816
v 1.607655 2.640000 -0.318733
v 1.616574 2.565000 -0.321631
v 1.607655 2.490000 -0.318733
v 1.583287 2.435096 -0.310816
v 1.583287 2.694904 -0.289184
v 1.607655 2.640000 -0.281267
v 1.616574 2.565000 -0.278369
v 1.607655 2.490000 -0.281267
v 1.583287 2.435096 -0.289184
v 1.570572 2.694904 -0.271684
v 1.585633 2.640000 -0.250956
v 1.591145 2.565000 -0.243369
v 1.585633 2.490000 -0.250956
v 1.570572 2.435096 -0.271684
v 1.550000 2.694904 -0.265000
v 1.550000 2.640000 -0.239378
v 1.550000 2.565000 -0.230000
v 1.550000 2.490000 -0.239378
v 1.550000 2.435096 -0.265000
v 1.529428 2.694904 -0.271684
v 1.514367 2.640000 -0.250956
v 1.508855 2.565000 -0.243369
v 1.514367 2.490000 -0.250956
v 1.529428 2.435096 -0.271684
v 1.550000 2.715000 -0.300000
v 1.516713 2.694904 -0.289184
v 1.492345 2.640000 -0.281267
v 1.483426 2.565000 -0.278369
v 1.492345 2.490000 -0.281267
v 1.516713 2.435096 -0.289184
v 1.550000 2.415000 -0.300000
v 1.516713 2.694904 -0.310816
v 1.492345 2.640000 -0.318733
v 1.483426 2.565000 -0.321631
v 1.492345 2.490000 -0.318733
v 1.516713 2.435096 -0.310816
v 1.529427 2.694904 -0.328316
v 1.514367 2.640000 -0.349044
v 1.508855 2.565000 -0.356631
v 1.514367 2.490000 -0.349044
v 1.529427 2.435096 -0.328316
v 1.550000 2.694904 -0.335000
v 1.550000 2.640000 -0.360622
v 1.550000 2.565000 -0.370000
v 1.550000 2.490000 -0.360622
v 1.550000 2.435096 -0.335000
v 1.720572 2.694904 -0.328316
v 1.735633 2.640000 -0.349044
v 1.741145 2.565000 -0.356631
v 1.735633 2.490000 -0.349044
v 1.720572 2.435096 -0.328316
v 1.733287 2.694904 -0.310816
v 1.757655 2.640000 -0.318733
v 1.766574 2.565000 -0.321631
v 1.757655 2.490000 -0.318733
v 1.733287 2.435096 -0.310816
v 1.733287 2.694904 -0.289184
v 1.757655 2.640000 -0.281267
v 1.766574 2.565000 -0.278369
v 1.757655 2.490000 -0.281267
v 1.733287 2.435096 -0.289184
v 1.720572 2.694904 -0.271684
v 1.735633 2.640000 -0.250956
v 1.741145 2.565000 -0.243369
v 1.735633 2.490000 -0.250956
v 1.720572 2.435096 -0.271684
v 1.700000 2.694904 -0.265000
v 1.700000 2.640000 -0.239378
v 1.700000 2.565000 -0.230000
v 1.700000 2.490000 -0.239378
v 1.700000 2.435096 -0.265000
v 1.679428 2.694904 -0.271684
v 1.664367 2.640000 -0.250956
v 1.658855 2.565000 -0.243369
v 1.664367 2.490000 -0.250956
v 1.679428 2.435096 -0.271684
v 1.700000 2.715000 -0.300000
v 1.666713 2.694904 -0.289184
v 1.642345 2.640000 -0.281267
v 1.633426 2.565000 -0.278369
v 1.642345 2.490000 -0.281267
v 1.666713 2.435096 -0.289184
v 1.700000 2.415000 -0.300000
v 1.666713 2.694904 -0.310816
v 1.642345 2.640000 -0.318733
v 1.633426 2.565000 -0.321631
v 1.642345 2.490000 -0.318733
v 1.666713 2.435096 -0.310816
v 1.679428 2.694904 -0.328316
v 1.664367 2.640000 -0.349044
v 1.658855 2.565000 -0.356631
v 1.664367 2.490000 -0.349044
v 1.679428 2.435096 -0.328316
v 1.700000 2.694904 -0.335000
v 1.700000 2.640000 -0.360622
v 1.700000 2.565000 -0.370000
v 1.700000 2.490000 -0.360622
v 1.700000 2.435096 -0.335000
v 1.870573 2.694904 -0.328316
v 1.885633 2.640000 -0.349044
v 1.891145 2.565000 -0.356631
v 1.885633 2.490000 -0.349044
v 1.870573 2.435096 -0.328316
v 1.883287 2.694904 -0.310816
v 1.907655 2.640000 -0.318733
v 1.916574 2.565000 -0.321631
v 1.907655 2.490000 -0.318733
v 1.883287 2.435096 -0.310816
v 1.883287 2.694904 -0.289184
v 1.907655 2.640000 -0.281267
v 1.916574 2.565000 -0.278369
v 1.907655 2.490000 -0.281267
v 1.883287 2.435096 -0.289184
v 1.870573 2.694904 -0.271684
v 1.885633 2.640000 -0.250956
v 1.891145 2.565000 -0.243369
v 1.885633 2.490000 -0.250956
v 1.870573 2.435096 -0.271684
v 1.850000 2.694904 -0.265000
v 1.850000 2.640000 -0.239378
v 1.850000 2.565000 -0.230000
v 1.850000 2.490000 -0.239378
v 1.850000 2.435096 -0.265000
v 1.829428 2.694904 -0.271684
v 1.814367 2.640000 -0.250956
v 1.808855 2.565000 -0.243369
v 1.814367 2.490000 -0.250956
v 1.829428 2.435096 -0.271684
v 1.850000 2.715000 -0.300000
v 1.816713 2.694904 -0.289184
v 1.792345 2.640000 -0.281267
v 1.783426 2.565000 -0.278369
v 1.792345 2.490000 -0.281267
v 1.816713 2.435096 -0.289184
v 1.850000 2.415000 -0.300000
v 1.816713 2.694904 -0.310816
v 1.792345 2.640000 -0.318733
v 1.783426 2.565000 -0.321631
v 1.792345 2.490000 -0.318733
v 1.816713 2.435096 -0.310816
v 1.829427 2.694904 -0.328316
v 1.814367 2.640000 -0.349044
v 1.808855 2.565000 -0.356631
v 1.814367 2.490000 -0.349044
v 1.829427 2.435096 -0.328316
v 1.850000 2.694904 -0.335000
v 1.850000 2.640000 -0.360622
v 1.850000 2.565000 -0.370000
v 1.850000 2.490000 -0.360622
v 1.850000 2.435096 -0.335000
v -0.275000 0.200000 -0.760000
v -0.275000 1.200000 -0.760000
v -0.275000 0.200000 -0.840000
v -0.275000 1.200000 -0.840000
v 0.275000 0.200000 -0.760000
v 0.275000 1.200000 -0.760000
v 0.275000 0.200000 -0.840000
v 0.275000 1.200000 -0.840000
v 0.000000 1.430000 -0.840000
v 0.000000 1.430000 -0.760000
v 0.121487 1.402271 -0.840000
v 0.121487 1.402271 -0.760000
v 0.218913 1.324577 -0.840000
v 0.218913 1.324577 -0.760000
v 0.272980 1.212306 -0.840000
v 0.272980 1.212306 -0.760000
v 0.272980 1.087694 -0.840000
v 0.272980 1.087694 -0.760000
v 0.218913 0.975423 -0.840000
v 0.218913 0.975423 -0.760000
v 0.121487 0.897729 -0.840000
v 0.121487 0.897729 -0.760000
v 0.000000 0.870000 -0.840000
v 0.000000 0.870000 -0.760000
v -0.121487 0.897729 -0.840000
v -0.121487 0.897729 -0.760000
v -0.218913 0.975423 -0.840000
v -0.218913 0.975423 -0.760000
v -0.272980 1.087694 -0.840000
v -0.272980 1.087694 -0.760000
v -0.272980 1.212306 -0.840000
v -0.272980 1.212306 -0.760000
v -0.218913 1.324577 -0.840000
v -0.218913 1.324577 -0.760000
v -0.121487 1.402271 -0.840000
v -0.121487 1.402271 -0.760000
v -0.340000 0.125000 -0.760000
v -0.340000 1.275000 -0.760000
v -0.340000 0.125000 -0.800000
v -0.340000 1.275000 -0.800000
v 0.340000 0.125000 -0.760000
v 0.340000 1.275000 -0.760000
v 0.340000 0.125000 -0.800000
v 0.340000 1.275000 -0.800000
v -0.110000 1.200000 -0.840000
v -0.110000 1.300000 -0.840000
v -0.110000 1.200000 -0.880000
v -0.110000 1.300000 -0.880000
v 0.110000 1.200000 -0.840000
v 0.110000 1.300000 -0.840000
v 0.110000 1.200000 -0.880000
v 0.110000 1.300000 -0.880000
v -0.080000 1.300000 -0.890000
v -0.051468 1.300000 -0.869271
v -0.062366 1.300000 -0.835729
v -0.097634 1.300000 -0.835729
v -0.108532 1.300000 -0.869271
v -0.080000 1.380000 -0.860000
v 0.000000 1.300000 -0.890000
v 0.028532 1.300000 -0.869271
v 0.017634 1.300000 -0.835729
v -0.017634 1.300000 -0.835729
v -0.028532 1.300000 -0.869271
v 0.000000 1.380000 -0.860000
v 0.080000 1.300000 -0.890000
v 0.108532 1.300000 -0.869271
v 0.097634 1.300000 -0.835729
v 0.062366 1.300000 -0.835729
v 0.051468 1.300000 -0.869271
v 0.080000 1.380000 -0.860000
v -0.090000 0.650000 -0.845000
v -0.090000 0.850000 -0.845000
v -0.090000 0.650000 -0.875000
v -0.090000 0.850000 -0.875000
v 0.090000 0.650000 -0.845000
v 0.090000 0.850000 -0.845000
v 0.090000 0.650000 -0.875000
v 0.090000 0.850000 -0.875000
v 0.008244 0.788581 -0.909344
v 0.014278 0.772275 -0.916184
v 0.016487 0.750000 -0.918688
v 0.014278 0.727725 -0.916184
v 0.008244 0.711419 -0.909344
v 0.013339 0.788581 -0.903569
v 0.023103 0.772275 -0.906182
v 0.026677 0.750000 -0.907138
v 0.023103 0.727725 -0.906182
v 0.013339 0.711419 -0.903569
v 0.013339 0.788581 -0.896431
v 0.023103 0.772275 -0.893818
v 0.026677 0.750000 -0.892862
v 0.023103 0.727725 -0.893818
v 0.013339 0.711419 -0.896431
v 0.008244 0.788581 -0.890656
v 0.014278 0.772275 -0.883815
v 0.016487 0.750000 -0.881312
v 0.014278 0.727725 -0.883815
v 0.008244 0.711419 -0.890656
v 0.000000 0.788581 -0.888450
v 0.000000 0.772275 -0.879995
v 0.000000 0.750000 -0.876900
v 0.000000 0.727725 -0.879995
v 0.000000 0.711419 -0.888450
v -0.008244 0.788581 -0.890656
v -0.014278 0.772275 -0.883815
v -0.016487 0.750000 -0.881312
v -0.014278 0.727725 -0.883815
v -0.008244 0.711419 -0.890656
v 0.000000 0.794550 -0.900000
v -0.013339 0.788581 -0.896431
v -0.023103 0.772275 -0.893818
v -0.026677 0.750000 -0.892862
v -0.023103 0.727725 -0.893818
v -0.013339 0.711419 -0.896431
v 0.000000 0.705450 -0.900000
v -0.013339 0.788581 -0.903569
v -0.023103 0.772275 -0.906182
v -0.026677 0.750000 -0.907138
v -0.023103 0.727725 -0.906182
v -0.013339 0.711419 -0.903569
v -0.008244 0.788581 -0.909344
v -0.014278 0.772275 -0.916184
v -0.016487 0.750000 -0.918688
v -0.014278 0.727725 -0.916184
v -0.008244 0.711419 -0.909344
v -0.000000 0.788581 -0.911550
v -0.000000 0.772275 -0.920005
v -0.000000 0.750000 -0.923100
v -0.000000 0.727725 -0.920005
v -0.000000 0.711419 -0.911550
v 0.000000 0.682500 -0.921000
v 0.014849 0.682500 -0.914849
v 0.021000 0.682500 -0.900000
v 0.014849 0.682500 -0.885151
v 0.000000 0.682500 -0.879000
v -0.014849 0.682500 -0.885151
v -0.021000 0.682500 -0.900000
v -0.014849 0.682500 -0.914849
v 0.000000 0.715500 -0.900000
v -0.500000 0.980000 -0.770000
v -0.500000 1.120000 -0.770000
v -0.500000 0.980000 -0.870000
v -0.500000 1.120000 -0.870000
v -0.400000 0.980000 -0.770000
v -0.400000 1.120000 -0.770000
v -0.400000 0.980000 -0.870000
v -0.400000 1.120000 -0.870000
v -0.450000 1.092426 -0.862426
v -0.450000 1.050000 -0.880000
v -0.450000 1.007574 -0.862426
v -0.413258 1.092426 -0.841213
v -0.398038 1.050000 -0.850000
v -0.413258 1.007574 -0.841213
v -0.413258 1.092426 -0.798787
v -0.398038 1.050000 -0.790000
v -0.413258 1.007574 -0.798787
v -0.450000 1.092426 -0.777574
v -0.450000 1.050000 -0.760000
v -0.450000 1.007574 -0.777574
v -0.450000 0.990000 -0.820000
v -0.450000 1.110000 -0.820000
v -0.486742 1.092426 -0.798787
v -0.501962 1.050000 -0.790000
v -0.486742 1.007574 -0.798787
v -0.486742 1.092426 -0.841213
v -0.501962 1.050000 -0.850000
v -0.486742 1.007574 -0.841213
v 0.400000 0.980000 -0.770000
v 0.400000 1.120000 -0.770000
v 0.400000 0.980000 -0.870000
v 0.400000 1.120000 -0.870000
v 0.500000 0.980000 -0.770000
v 0.500000 1.120000 -0.770000
v 0.500000 0.980000 -0.870000
v 0.500000 1.120000 -0.870000
v 0.450000 1.092426 -0.862426
v 0.450000 1.050000 -0.880000
v 0.450000 1.007574 -0.862426
v 0.486742 1.092426 -0.841213
v 0.501962 1.050000 -0.850000
v 0.486742 1.007574 -0.841213
v 0.486742 1.092426 -0.798787
v 0.501962 1.050000 -0.790000
v 0.486742 1.007574 -0.798787
v 0.450000 1.092426 -0.777574
v 0.450000 1.050000 -0.760000
v 0.450000 1.007574 -0.777574
v 0.450000 0.990000 -0.820000
v 0.450000 1.110000 -0.820000
v 0.413258 1.092426 -0.798787
v 0.398038 1.050000 -0.790000
v 0.413258 1.007574 -0.798787
v 0.413258 1.092426 -0.841213
v 0.398038 1.050000 -0.850000
v 0.413258 1.007574 -0.841213
v -0.840000 0.710000 -0.775000
v -0.840000 0.990000 -0.775000
v -0.840000 0.710000 -0.825000
v -0.840000 0.990000 -0.825000
v -0.560000 0.710000 -0.775000
v -0.560000 0.990000 -0.775000
v -0.560000 0.710000 -0.825000
v -0.560000 0.990000 -0.825000
v -0.700000 1.102000 -0.825000
v -0.700000 1.102000 -0.775000
v -0.630000 1.083244 -0.825000
v -0.630000 1.083244 -0.775000
v -0.578756 1.032000 -0.825000
v -0.578756 1.032000 -0.775000
v -0.560000 0.962000 -0.825000
v -0.560000 0.962000 -0.775000
v -0.578756 0.892000 -0.825000
v -0.578756 0.892000 -0.775000
v -0.630000 0.840756 -0.825000
v -0.630000 0.840756 -0.775000
v -0.700000 0.822000 -0.825000
v -0.700000 0.822000 -0.775000
v -0.770000 0.840756 -0.825000
v -0.770000 0.840756 -0.775000
v -0.821244 0.892000 -0.825000
v -0.821244 0.892000 -0.775000
v -0.840000 0.962000 -0.825000
v -0.840000 0.962000 -0.775000
v -0.821244 1.032000 -0.825000
v -0.821244 1.032000 -0.775000
v -0.770000 1.083244 -0.825000
v -0.770000 1.083244 -0.775000
v -0.861000 0.680000 -0.777500
v -0.861000 1.020000 -0.777500
v -0.861000 0.680000 -0.802500
v -0.861000 1.020000 -0.802500
v -0.539000 0.680000 -0.777500
v -0.539000 1.020000 -0.777500
v -0.539000 0.680000 -0.802500
v -0.539000 1.020000 -0.802500
v -0.716800 0.700000 -0.786250
v -0.716800 1.000000 -0.786250
v -0.716800 0.700000 -0.813750
v -0.716800 1.000000 -0.813750
v -0.683200 0.700000 -0.786250
v -0.683200 1.000000 -0.786250
v -0.683200 0.700000 -0.813750
v -0.683200 1.000000 -0.813750
v -0.686775 1.130622 -0.838203
v -0.677093 1.105000 -0.851528
v -0.673550 1.070000 -0.856406
v -0.677093 1.035000 -0.851528
v -0.686775 1.009378 -0.838203
v -0.678601 1.130622 -0.826953
v -0.662936 1.105000 -0.832043
v -0.657202 1.070000 -0.833906
v -0.662936 1.035000 -0.832043
v -0.678601 1.009378 -0.826953
v -0.678601 1.130622 -0.813047
v -0.662936 1.105000 -0.807957
v -0.657202 1.070000 -0.806094
v -0.662936 1.035000 -0.807957
v -0.678601 1.009378 -0.813047
v -0.686775 1.130622 -0.801797
v -0.677093 1.105000 -0.788472
v -0.673550 1.070000 -0.783594
v -0.677093 1.035000 -0.788472
v -0.686775 1.009378 -0.801797
v -0.700000 1.130622 -0.797500
v -0.700000 1.105000 -0.781029
v -0.700000 1.070000 -0.775000
v -0.700000 1.035000 -0.781029
v -0.700000 1.009378 -0.797500
v -0.713225 1.130622 -0.801797
v -0.722907 1.105000 -0.788472
v -0.726450 1.070000 -0.783594
v -0.722907 1.035000 -0.788472
v -0.713225 1.009378 -0.801797
v -0.700000 1.140000 -0.820000
v -0.721399 1.130622 -0.813047
v -0.737064 1.105000 -0.807957
v -0.742798 1.070000 -0.806094
v -0.737064 1.035000 -0.807957
v -0.721399 1.009378 -0.813047
v -0.700000 1.000000 -0.820000
v -0.721399 1.130622 -0.826953
v -0.737064 1.105000 -0.832043
v -0.742798 1.070000 -0.833906
v -0.737064 1.035000 -0.832043
v -0.721399 1.009378 -0.826953
v -0.713225 1.130622 -0.838203
v -0.722907 1.105000 -0.851528
v -0.726450 1.070000 -0.856406
v -0.722907 1.035000 -0.851528
v -0.713225 1.009378 -0.838203
v -0.700000 1.130622 -0.842500
v -0.700000 1.105000 -0.858971
v -0.700000 1.070000 -0.865000
v -0.700000 1.035000 -0.858971
v -0.700000 1.009378 -0.842500
v 0.560000 0.710000 -0.775000
v 0.560000 0.990000 -0.775000
v 0.560000 0.710000 -0.825000
v 0.560000 0.990000 -0.825000
v 0.840000 0.710000 -0.775000
v 0.840000 0.990000 -0.775000
v 0.840000 0.710000 -0.825000
v 0.840000 0.990000 -0.825000
v 0.700000 1.102000 -0.825000
v 0.700000 1.102000 -0.775000
v 0.770000 1.083244 -0.825000
v 0.770000 1.083244 -0.775000
v 0.821244 1.032000 -0.825000
v 0.821244 1.032000 -0.775000
v 0.840000 0.962000 -0.825000
v 0.840000 0.962000 -0.775000
v 0.821244 0.892000 -0.825000
v 0.821244 0.892000 -0.775000
v 0.770000 0.840756 -0.825000
v 0.770000 0.840756 -0.775000
v 0.700000 0.822000 -0.825000
v 0.700000 0.822000 -0.775000
v 0.630000 0.840756 -0.825000
v 0.630000 0.840756 -0.775000
v 0.578756 0.892000 -0.825000
v 0.578756 0.892000 -0.775000
v 0.560000 0.962000 -0.825000
v 0.560000 0.962000 -0.775000
v 0.578756 1.032000 -0.825000
v 0.578756 1.032000 -0.775000
v 0.630000 1.083244 -0.825000
v 0.630000 1.083244 -0.775000
v 0.539000 0.680000 -0.777500
v 0.539000 1.020000 -0.777500
v 0.539000 0.680000 -0.802500
v 0.539000 1.020000 -0.802500
v 0.861000 0.680000 -0.777500
v 0.861000 1.020000 -0.777500
v 0.861000 0.680000 -0.802500
v 0.861000 1.020000 -0.802500
v 0.683200 0.700000 -0.786250
v 0.683200 1.000000 -0.786250
v 0.683200 0.700000 -0.813750
v 0.683200 1.000000 -0.813750
v 0.716800 0.700000 -0.786250
v 0.716800 1.000000 -0.786250
v 0.716800 0.700000 -0.813750
v 0.716800 1.000000 -0.813750
v -0.850000 1.403000 -0.775000
v -0.850000 1.697000 -0.775000
v -0.850000 1.403000 -0.825000
v -0.850000 1.697000 -0.825000
v -0.550000 1.403000 -0.775000
v -0.550000 1.697000 -0.775000
v -0.550000 1.403000 -0.825000
v -0.550000 1.697000 -0.825000
v -0.700000 1.817600 -0.825000
v -0.700000 1.817600 -0.775000
v -0.625000 1.797504 -0.825000
v -0.625000 1.797504 -0.775000
v -0.570096 1.742600 -0.825000
v -0.570096 1.742600 -0.775000
v -0.550000 1.667600 -0.825000
v -0.550000 1.667600 -0.775000
v -0.570096 1.592600 -0.825000
v -0.570096 1.592600 -0.775000
v -0.625000 1.537696 -0.825000
v -0.625000 1.537696 -0.775000
v -0.700000 1.517600 -0.825000
v -0.700000 1.517600 -0.775000
v -0.775000 1.537696 -0.825000
v -0.775000 1.537696 -0.775000
v -0.829904 1.592600 -0.825000
v -0.829904 1.592600 -0.775000
v -0.850000 1.667600 -0.825000
v -0.850000 1.667600 -0.775000
v -0.829904 1.742600 -0.825000
v -0.829904 1.742600 -0.775000
v -0.775000 1.797504 -0.825000
v -0.775000 1.797504 -0.775000
v -0.872500 1.371500 -0.777500
v -0.872500 1.728500 -0.777500
v -0.872500 1.371500 -0.802500
v -0.872500 1.728500 -0.802500
v -0.527500 1.371500 -0.777500
v -0.527500 1.728500 -0.777500
v -0.527500 1.371500 -0.802500
v -0.527500 1.728500 -0.802500
v -0.718000 1.392500 -0.786250
v -0.718000 1.707500 -0.786250
v -0.718000 1.392500 -0.813750
v -0.718000 1.707500 -0.813750
v -0.682000 1.392500 -0.786250
v -0.682000 1.707500 -0.786250
v -0.682000 1.392500 -0.813750
v -0.682000 1.707500 -0.813750
v -0.686775 1.841622 -0.838203
v -0.677093 1.816000 -0.851528
v -0.673550 1.781000 -0.856406
v -0.677093 1.746000 -0.851528
v -0.686775 1.720378 -0.838203
v -0.678601 1.841622 -0.826953
v -0.662936 1.816000 -0.832043
v -0.657202 1.781000 -0.833906
v -0.662936 1.746000 -0.832043
v -0.678601 1.720378 -0.826953
v -0.678601 1.841622 -0.813047
v -0.662936 1.816000 -0.807957
v -0.657202 1.781000 -0.806094
v -0.662936 1.746000 -0.807957
v -0.678601 1.720378 -0.813047
v -0.686775 1.841622 -0.801797
v -0.677093 1.816000 -0.788472
v -0.673550 1.781000 -0.783594
v -0.677093 1.746000 -0.788472
v -0.686775 1.720378 -0.801797
v -0.700000 1.841622 -0.797500
v -0.700000 1.816000 -0.781029
v -0.700000 1.781000 -0.775000
v -0.700000 1.746000 -0.781029
v -0.700000 1.720378 -0.797500
v -0.713225 1.841622 -0.801797
v -0.722907 1.816000 -0.788472
v -0.726450 1.781000 -0.783594
v -0.722907 1.746000 -0.788472
v -0.713225 1.720378 -0.801797
v -0.700000 1.851000 -0.820000
v -0.721399 1.841622 -0.813047
v -0.737064 1.816000 -0.807957
v -0.742798 1.781000 -0.806094
v -0.737064 1.746000 -0.807957
v -0.721399 1.720378 -0.813047
v -0.700000 1.711000 -0.820000
v -0.721399 1.841622 -0.826953
v -0.737064 1.816000 -0.832043
v -0.742798 1.781000 -0.833906
v -0.737064 1.746000 -0.832043
v -0.721399 1.720378 -0.826953
v -0.713225 1.841622 -0.838203
v -0.722907 1.816000 -0.851528
v -0.726450 1.781000 -0.856406
v -0.722907 1.746000 -0.851528
v -0.713225 1.720378 -0.838203
v -0.700000 1.841622 -0.842500
v -0.700000 1.816000 -0.858971
v -0.700000 1.781000 -0.865000
v -0.700000 1.746000 -0.858971
v -0.700000 1.720378 -0.842500
v -0.150000 1.403000 -0.775000
v -0.150000 1.697000 -0.775000
v -0.150000 1.403000 -0.825000
v -0.150000 1.697000 -0.825000
v 0.150000 1.403000 -0.775000
v 0.150000 1.697000 -0.775000
v 0.150000 1.403000 -0.825000
v 0.150000 1.697000 -0.825000
v 0.000000 1.817600 -0.825000
v 0.000000 1.817600 -0.775000
v 0.075000 1.797504 -0.825000
v 0.075000 1.797504 -0.775000
v 0.129904 1.742600 -0.825000
v 0.129904 1.742600 -0.775000
v 0.150000 1.667600 -0.825000
v 0.150000 1.667600 -0.775000
v 0.129904 1.592600 -0.825000
v 0.129904 1.592600 -0.775000
v 0.075000 1.537696 -0.825000
v 0.075000 1.537696 -0.775000
v 0.000000 1.517600 -0.825000
v 0.000000 1.517600 -0.775000
v -0.075000 1.537696 -0.825000
v -0.075000 1.537696 -0.775000
v -0.129904 1.592600 -0.825000
v -0.129904 1.592600 -0.775000
v -0.150000 1.667600 -0.825000
v -0.150000 1.667600 -0.775000
v -0.129904 1.742600 -0.825000
v -0.129904 1.742600 -0.775000
v -0.075000 1.797504 -0.825000
v -0.075000 1.797504 -0.775000
v -0.172500 1.371500 -0.777500
v -0.172500 1.728500 -0.777500
v -0.172500 1.371500 -0.802500
v -0.172500 1.728500 -0.802500
v 0.172500 1.371500 -0.777500
v 0.172500 1.728500 -0.777500
v 0.172500 1.371500 -0.802500
v 0.172500 1.728500 -0.802500
v -0.018000 1.392500 -0.786250
v -0.018000 1.707500 -0.786250
v -0.018000 1.392500 -0.813750
v -0.018000 1.707500 -0.813750
v 0.018000 1.392500 -0.786250
v 0.018000 1.707500 -0.786250
v 0.018000 1.392500 -0.813750
v 0.018000 1.707500 -0.813750
v 0.550000 1.403000 -0.775000
v 0.550000 1.697000 -0.775000
v 0.550000 1.403000 -0.825000
v 0.550000 1.697000 -0.825000
v 0.850000 1.403000 -0.775000
v 0.850000 1.697000 -0.775000
v 0.850000 1.403000 -0.825000
v 0.850000 1.697000 -0.825000
v 0.700000 1.817600 -0.825000
v 0.700000 1.817600 -0.775000
v 0.775000 1.797504 -0.825000
v 0.775000 1.797504 -0.775000
v 0.829904 1.742600 -0.825000
v 0.829904 1.742600 -0.775000
v 0.850000 1.667600 -0.825000
v 0.850000 1.667600 -0.775000
v 0.829904 1.592600 -0.825000
v 0.829904 1.592600 -0.775000
v 0.775000 1.537696 -0.825000
v 0.775000 1.537696 -0.775000
v 0.700000 1.517600 -0.825000
v 0.700000 1.517600 -0.775000
v 0.625000 1.537696 -0.825000
v 0.625000 1.537696 -0.775000
v 0.570096 1.592600 -0.825000
v 0.570096 1.592600 -0.775000
v 0.550000 1.667600 -0.825000
v 0.550000 1.667600 -0.775000
v 0.570096 1.742600 -0.825000
v 0.570096 1.742600 -0.775000
v 0.625000 1.797504 -0.825000
v 0.625000 1.797504 -0.775000
v 0.527500 1.371500 -0.777500
v 0.527500 1.728500 -0.777500
v 0.527500 1.371500 -0.802500
v 0.527500 1.728500 -0.802500
v 0.872500 1.371500 -0.777500
v 0.872500 1.728500 -0.777500
v 0.872500 1.371500 -0.802500
v 0.872500 1.728500 -0.802500
v 0.682000 1.392500 -0.786250
v 0.682000 1.707500 -0.786250
v 0.682000 1.392500 -0.813750
v 0.682000 1.707500 -0.813750
v 0.718000 1.392500 -0.786250
v 0.718000 1.707500 -0.786250
v 0.718000 1.392500 -0.813750
v 0.718000 1.707500 -0.813750
v 0.713225 1.841622 -0.838203
v 0.722907 1.816000 -0.851528
v 0.726450 1.781000 -0.856406
v 0.722907 1.746000 -0.851528
v 0.713225 1.720378 -0.838203
v 0.721399 1.841622 -0.826953
v 0.737064 1.816000 -0.832043
v 0.742798 1.781000 -0.833906
v 0.737064 1.746000 -0.832043
v 0.721399 1.720378 -0.826953
v 0.721399 1.841622 -0.813047
v 0.737064 1.816000 -0.807957
v 0.742798 1.781000 -0.806094
v 0.737064 1.746000 -0.807957
v 0.721399 1.720378 -0.813047
v 0.713225 1.841622 -0.801797
v 0.722907 1.816000 -0.788472
v 0.726450 1.781000 -0.783594
v 0.722907 1.746000 -0.788472
v 0.713225 1.720378 -0.801797
v 0.700000 1.841622 -0.797500
v 0.700000 1.816000 -0.781029
v 0.700000 1.781000 -0.775000
v 0.700000 1.746000 -0.781029
v 0.700000 1.720378 -0.797500
v 0.686775 1.841622 -0.801797
v 0.677093 1.816000 -0.788472
v 0.673550 1.781000 -0.783594
v 0.677093 1.746000 -0.788472
v 0.686775 1.720378 -0.801797
v 0.700000 1.851000 -0.820000
v 0.678601 1.841622 -0.813047
v 0.662936 1.816000 -0.807957
v 0.657202 1.781000 -0.806094
v 0.662936 1.746000 -0.807957
v 0.678601 1.720378 -0.813047
v 0.700000 1.711000 -0.820000
v 0.678601 1.841622 -0.826953
v 0.662936 1.816000 -0.832043
v 0.657202 1.781000 -0.833906
v 0.662936 1.746000 -0.832043
v 0.678601 1.720378 -0.826953
v 0.686775 1.841622 -0.838203
v 0.677093 1.816000 -0.851528
v 0.673550 1.781000 -0.856406
v 0.677093 1.746000 -0.851528
v 0.686775 1.720378 -0.838203
v 0.700000 1.841622 -0.842500
v 0.700000 1.816000 -0.858971
v 0.700000 1.781000 -0.865000
v 0.700000 1.746000 -0.858971
v 0.700000 1.720378 -0.842500
v -0.680000 1.924000 -0.775000
v -0.680000 2.176000 -0.775000
v -0.680000 1.924000 -0.825000
v -0.680000 2.176000 -0.825000
v -0.420000 1.924000 -0.775000
v -0.420000 2.176000 -0.775000
v -0.420000 1.924000 -0.825000
v -0.420000 2.176000 -0.825000
v -0.550000 2.280800 -0.825000
v -0.550000 2.280800 -0.775000
v -0.485000 2.263383 -0.825000
v -0.485000 2.263383 -0.775000
v -0.437417 2.215800 -0.825000
v -0.437417 2.215800 -0.775000
v -0.420000 2.150800 -0.825000
v -0.420000 2.150800 -0.775000
v -0.437417 2.085800 -0.825000
v -0.437417 2.085800 -0.775000
v -0.485000 2.038217 -0.825000
v -0.485000 2.038217 -0.775000
v -0.550000 2.020800 -0.825000
v -0.550000 2.020800 -0.775000
v -0.615000 2.038217 -0.825000
v -0.615000 2.038217 -0.775000
v -0.662583 2.085800 -0.825000
v -0.662583 2.085800 -0.775000
v -0.680000 2.150800 -0.825000
v -0.680000 2.150800 -0.775000
v -0.662583 2.215800 -0.825000
v -0.662583 2.215800 -0.775000
v -0.615000 2.263383 -0.825000
v -0.615000 2.263383 -0.775000
v -0.699500 1.897000 -0.777500
v -0.699500 2.203000 -0.777500
v -0.699500 1.897000 -0.802500
v -0.699500 2.203000 -0.802500
v -0.400500 1.897000 -0.777500
v -0.400500 2.203000 -0.777500
v -0.400500 1.897000 -0.802500
v -0.400500 2.203000 -0.802500
v -0.565600 1.915000 -0.786250
v -0.565600 2.185000 -0.786250
v -0.565600 1.915000 -0.813750
v -0.565600 2.185000 -0.813750
v -0.534400 1.915000 -0.786250
v -0.534400 2.185000 -0.786250
v -0.534400 1.915000 -0.813750
v -0.534400 2.185000 -0.813750
v 0.420000 1.924000 -0.775000
v 0.420000 2.176000 -0.775000
v 0.420000 1.924000 -0.825000
v 0.420000 2.176000 -0.825000
v 0.680000 1.924000 -0.775000
v 0.680000 2.176000 -0.775000
v 0.680000 1.924000 -0.825000
v 0.680000 2.176000 -0.825000
v 0.550000 2.280800 -0.825000
v 0.550000 2.280800 -0.775000
v 0.615000 2.263383 -0.825000
v 0.615000 2.263383 -0.775000
v 0.662583 2.215800 -0.825000
v 0.662583 2.215800 -0.775000
v 0.680000 2.150800 -0.825000
v 0.680000 2.150800 -0.775000
v 0.662583 2.085800 -0.825000
v 0.662583 2.085800 -0.775000
v 0.615000 2.038217 -0.825000
v 0.615000 2.038217 -0.775000
v 0.550000 2.020800 -0.825000
v 0.550000 2.020800 -0.775000
v 0.485000 2.038217 -0.825000
v 0.485000 2.038217 -0.775000
v 0.437417 2.085800 -0.825000
v 0.437417 2.085800 -0.775000
v 0.420000 2.150800 -0.825000
v 0.420000 2.150800 -0.775000
v 0.437417 2.215800 -0.825000
v 0.437417 2.215800 -0.775000
v 0.485000 2.263383 -0.825000
v 0.485000 2.263383 -0.775000
v 0.400500 1.897000 -0.777500
v 0.400500 2.203000 -0.777500
v 0.400500 1.897000 -0.802500
v 0.400500 2.203000 -0.802500
v 0.699500 1.897000 -0.777500
v 0.699500 2.203000 -0.777500
v 0.699500 1.897000 -0.802500
v 0.699500 2.203000 -0.802500
v 0.534400 1.915000 -0.786250
v 0.534400 2.185000 -0.786250
v 0.534400 1.915000 -0.813750
v 0.534400 2.185000 -0.813750
v 0.565600 1.915000 -0.786250
v 0.565600 2.185000 -0.786250
v 0.565600 1.915000 -0.813750
v 0.565600 2.185000 -0.813750
v 0.563225 2.308622 -0.838203
v 0.572907 2.283000 -0.851528
v 0.576450 2.248000 -0.856406
v 0.572907 2.213000 -0.851528
v 0.563225 2.187378 -0.838203
v 0.571399 2.308622 -0.826953
v 0.587064 2.283000 -0.832043
v 0.592798 2.248000 -0.833906
v 0.587064 2.213000 -0.832043
v 0.571399 2.187378 -0.826953
v 0.571399 2.308622 -0.813047
v 0.587064 2.283000 -0.807957
v 0.592798 2.248000 -0.806094
v 0.587064 2.213000 -0.807957
v 0.571399 2.187378 -0.813047
v 0.563225 2.308622 -0.801797
v 0.572907 2.283000 -0.788472
v 0.576450 2.248000 -0.783594
v 0.572907 2.213000 -0.788472
v 0.563225 2.187378 -0.801797
v 0.550000 2.308622 -0.797500
v 0.550000 2.283000 -0.781029
v 0.550000 2.248000 -0.775000
v 0.550000 2.213000 -0.781029
v 0.550000 2.187378 -0.797500
v 0.536775 2.308622 -0.801797
v 0.527093 2.283000 -0.788472
v 0.523550 2.248000 -0.783594
v 0.527093 2.213000 -0.788472
v 0.536775 2.187378 -0.801797
v 0.550000 2.318000 -0.820000
v 0.528601 2.308622 -0.813047
v 0.512936 2.283000 -0.807957
v 0.507202 2.248000 -0.806094
v 0.512936 2.213000 -0.807957
v 0.528601 2.187378 -0.813047
v 0.550000 2.178000 -0.820000
v 0.528601 2.308622 -0.826953
v 0.512936 2.283000 -0.832043
v 0.507202 2.248000 -0.833906
v 0.512936 2.213000 -0.832043
v 0.528601 2.187378 -0.826953
v 0.536775 2.308622 -0.838203
v 0.527093 2.283000 -0.851528
v 0.523550 2.248000 -0.856406
v 0.527093 2.213000 -0.851528
v 0.536775 2.187378 -0.838203
v 0.550000 2.308622 -0.842500
v 0.550000 2.283000 -0.858971
v 0.550000 2.248000 -0.865000
v 0.550000 2.213000 -0.858971
v 0.550000 2.187378 -0.842500
v -1.370000 0.674000 -0.695000
v -1.370000 0.926000 -0.695000
v -1.370000 0.674000 -0.745000
v -1.370000 0.926000 -0.745000
v -1.130000 0.674000 -0.695000
v -1.130000 0.926000 -0.695000
v -1.130000 0.674000 -0.745000
v -1.130000 0.926000 -0.745000
v -1.250000 1.020800 -0.745000
v -1.250000 1.020800 -0.695000
v -1.190000 1.004723 -0.745000
v -1.190000 1.004723 -0.695000
v -1.146077 0.960800 -0.745000
v -1.146077 0.960800 -0.695000
v -1.130000 0.900800 -0.745000
v -1.130000 0.900800 -0.695000
v -1.146077 0.840800 -0.745000
v -1.146077 0.840800 -0.695000
v -1.190000 0.796877 -0.745000
v -1.190000 0.796877 -0.695000
v -1.250000 0.780800 -0.745000
v -1.250000 0.780800 -0.695000
v -1.310000 0.796877 -0.745000
v -1.310000 0.796877 -0.695000
v -1.353923 0.840800 -0.745000
v -1.353923 0.840800 -0.695000
v -1.370000 0.900800 -0.745000
v -1.370000 0.900800 -0.695000
v -1.353923 0.960800 -0.745000
v -1.353923 0.960800 -0.695000
v -1.310000 1.004723 -0.745000
v -1.310000 1.004723 -0.695000
v -1.388000 0.647000 -0.697500
v -1.388000 0.953000 -0.697500
v -1.388000 0.647000 -0.722500
v -1.388000 0.953000 -0.722500
v -1.112000 0.647000 -0.697500
v -1.112000 0.953000 -0.697500
v -1.112000 0.647000 -0.722500
v -1.112000 0.953000 -0.722500
v -1.264400 0.665000 -0.706250
v -1.264400 0.935000 -0.706250
v -1.264400 0.665000 -0.733750
v -1.264400 0.935000 -0.733750
v -1.235600 0.665000 -0.706250
v -1.235600 0.935000 -0.706250
v -1.235600 0.665000 -0.733750
v -1.235600 0.935000 -0.733750
v -1.370000 1.274000 -0.695000
v -1.370000 1.526000 -0.695000
v -1.370000 1.274000 -0.745000
v -1.370000 1.526000 -0.745000
v -1.130000 1.274000 -0.695000
v -1.130000 1.526000 -0.695000
v -1.130000 1.274000 -0.745000
v -1.130000 1.526000 -0.745000
v -1.250000 1.620800 -0.745000
v -1.250000 1.620800 -0.695000
v -1.190000 1.604723 -0.745000
v -1.190000 1.604723 -0.695000
v -1.146077 1.560800 -0.745000
v -1.146077 1.560800 -0.695000
v -1.130000 1.500800 -0.745000
v -1.130000 1.500800 -0.695000
v -1.146077 1.440800 -0.745000
v -1.146077 1.440800 -0.695000
v -1.190000 1.396877 -0.745000
v -1.190000 1.396877 -0.695000
v -1.250000 1.380800 -0.745000
v -1.250000 1.380800 -0.695000
v -1.310000 1.396877 -0.745000
v -1.310000 1.396877 -0.695000
v -1.353923 1.440800 -0.745000
v -1.353923 1.440800 -0.695000
v -1.370000 1.500800 -0.745000
v -1.370000 1.500800 -0.695000
v -1.353923 1.560800 -0.745000
v -1.353923 1.560800 -0.695000
v -1.310000 1.604723 -0.745000
v -1.310000 1.604723 -0.695000
v -1.388000 1.247000 -0.697500
v -1.388000 1.553000 -0.697500
v -1.388000 1.247000 -0.722500
v -1.388000 1.553000 -0.722500
v -1.112000 1.247000 -0.697500
v -1.112000 1.553000 -0.697500
v -1.112000 1.247000 -0.722500
v -1.112000 1.553000 -0.722500
v -1.264400 1.265000 -0.706250
v -1.264400 1.535000 -0.706250
v -1.264400 1.265000 -0.733750
v -1.264400 1.535000 -0.733750
v -1.235600 1.265000 -0.706250
v -1.235600 1.535000 -0.706250
v -1.235600 1.265000 -0.733750
v -1.235600 1.535000 -0.733750
v -1.236775 1.658622 -0.758203
v -1.227093 1.633000 -0.771528
v -1.223550 1.598000 -0.776406
v -1.227093 1.563000 -0.771528
v -1.236775 1.537378 -0.758203
v -1.228601 1.658622 -0.746953
v -1.212936 1.633000 -0.752043
v -1.207202 1.598000 -0.753906
v -1.212936 1.563000 -0.752043
v -1.228601 1.537378 -0.746953
v -1.228601 1.658622 -0.733047
v -1.212936 1.633000 -0.727957
v -1.207202 1.598000 -0.726094
v -1.212936 1.563000 -0.727957
v -1.228601 1.537378 -0.733047
v -1.236775 1.658622 -0.721797
v -1.227093 1.633000 -0.708472
v -1.223550 1.598000 -0.703594
v -1.227093 1.563000 -0.708472
v -1.236775 1.537378 -0.721797
v -1.250000 1.658622 -0.717500
v -1.250000 1.633000 -0.701029
v -1.250000 1.598000 -0.695000
v -1.250000 1.563000 -0.701029
v -1.250000 1.537378 -0.717500
v -1.263225 1.658622 -0.721797
v -1.272907 1.633000 -0.708472
v -1.276450 1.598000 -0.703594
v -1.272907 1.563000 -0.708472
v -1.263225 1.537378 -0.721797
v -1.250000 1.668000 -0.740000
v -1.271399 1.658622 -0.733047
v -1.287064 1.633000 -0.727957
v -1.292798 1.598000 -0.726094
v -1.287064 1.563000 -0.727957
v -1.271399 1.537378 -0.733047
v -1.250000 1.528000 -0.740000
v -1.271399 1.658622 -0.746953
v -1.287064 1.633000 -0.752043
v -1.292798 1.598000 -0.753906
v -1.287064 1.563000 -0.752043
v -1.271399 1.537378 -0.746953
v -1.263225 1.658622 -0.758203
v -1.272907 1.633000 -0.771528
v -1.276450 1.598000 -0.776406
v -1.272907 1.563000 -0.771528
v -1.263225 1.537378 -0.758203
v -1.250000 1.658622 -0.762500
v -1.250000 1.633000 -0.778971
v -1.250000 1.598000 -0.785000
v -1.250000 1.563000 -0.778971
v -1.250000 1.537378 -0.762500
v 1.440000 0.881000 -0.225000
v 1.440000 1.119000 -0.225000
v 1.440000 0.881000 -0.275000
v 1.440000 1.119000 -0.275000
v 1.660000 0.881000 -0.225000
v 1.660000 1.119000 -0.225000
v 1.660000 0.881000 -0.275000
v 1.660000 1.119000 -0.275000
v 1.550000 1.205200 -0.275000
v 1.550000 1.205200 -0.225000
v 1.605000 1.190463 -0.275000
v 1.605000 1.190463 -0.225000
v 1.645263 1.150200 -0.275000
v 1.645263 1.150200 -0.225000
v 1.660000 1.095200 -0.275000
v 1.660000 1.095200 -0.225000
v 1.645263 1.040200 -0.275000
v 1.645263 1.040200 -0.225000
v 1.605000 0.999937 -0.275000
v 1.605000 0.999937 -0.225000
v 1.550000 0.985200 -0.275000
v 1.550000 0.985200 -0.225000
v 1.495000 0.999937 -0.275000
v 1.495000 0.999937 -0.225000
v 1.454737 1.040200 -0.275000
v 1.454737 1.040200 -0.225000
v 1.440000 1.095200 -0.275000
v 1.440000 1.095200 -0.225000
v 1.454737 1.150200 -0.275000
v 1.454737 1.150200 -0.225000
v 1.495000 1.190463 -0.275000
v 1.495000 1.190463 -0.225000
v 1.423500 0.855500 -0.227500
v 1.423500 1.144500 -0.227500
v 1.423500 0.855500 -0.252500
v 1.423500 1.144500 -0.252500
v 1.676500 0.855500 -0.227500
v 1.676500 1.144500 -0.227500
v 1.676500 0.855500 -0.252500
v 1.676500 1.144500 -0.252500
v 1.536800 0.872500 -0.236250
v 1.536800 1.127500 -0.236250
v 1.536800 0.872500 -0.263750
v 1.536800 1.127500 -0.263750
v 1.563200 0.872500 -0.236250
v 1.563200 1.127500 -0.236250
v 1.563200 0.872500 -0.263750
v 1.563200 1.127500 -0.263750
v 1.440000 1.581000 -0.225000
v 1.440000 1.819000 -0.225000
v 1.440000 1.581000 -0.275000
v 1.440000 1.819000 -0.275000
v 1.660000 1.581000 -0.225000
v 1.660000 1.819000 -0.225000
v 1.660000 1.581000 -0.275000
v 1.660000 1.819000 -0.275000
v 1.550000 1.905200 -0.275000
v 1.550000 1.905200 -0.225000
v 1.605000 1.890463 -0.275000
v 1.605000 1.890463 -0.225000
v 1.645263 1.850200 -0.275000
v 1.645263 1.850200 -0.225000
v 1.660000 1.795200 -0.275000
v 1.660000 1.795200 -0.225000
v 1.645263 1.740200 -0.275000
v 1.645263 1.740200 -0.225000
v 1.605000 1.699937 -0.275000
v 1.605000 1.699937 -0.225000
v 1.550000 1.685200 -0.275000
v 1.550000 1.685200 -0.225000
v 1.495000 1.699937 -0.275000
v 1.495000 1.699937 -0.225000
v 1.454737 1.740200 -0.275000
v 1.454737 1.740200 -0.225000
v 1.440000 1.795200 -0.275000
v 1.440000 1.795200 -0.225000
v 1.454737 1.850200 -0.275000
v 1.454737 1.850200 -0.225000
v 1.495000 1.890463 -0.275000
v 1.495000 1.890463 -0.225000
v 1.423500 1.555500 -0.227500
v 1.423500 1.844500 -0.227500
v 1.423500 1.555500 -0.252500
v 1.423500 1.844500 -0.252500
v 1.676500 1.555500 -0.227500
v 1.676500 1.844500 -0.227500
v 1.676500 1.555500 -0.252500
v 1.676500 1.844500 -0.252500
v 1.536800 1.572500 -0.236250
v 1.536800 1.827500 -0.236250
v 1.536800 1.572500 -0.263750
v 1.536800 1.827500 -0.263750
v 1.563200 1.572500 -0.236250
v 1.563200 1.827500 -0.236250
v 1.563200 1.572500 -0.263750
v 1.563200 1.827500 -0.263750
v 1.563225 1.947622 -0.288203
v 1.572907 1.922000 -0.301528
v 1.576450 1.887000 -0.306406
v 1.572907 1.852000 -0.301528
v 1.563225 1.826378 -0.288203
v 1.571399 1.947622 -0.276953
v 1.587064 1.922000 -0.282043
v 1.592798 1.887000 -0.283906
v 1.587064 1.852000 -0.282043
v 1.571399 1.826378 -0.276953
v 1.571399 1.947622 -0.263047
v 1.587064 1.922000 -0.257957
v 1.592798 1.887000 -0.256094
v 1.587064 1.852000 -0.257957
v 1.571399 1.826378 -0.263047
v 1.563225 1.947622 -0.251797
v 1.572907 1.922000 -0.238472
v 1.576450 1.887000 -0.233594
v 1.572907 1.852000 -0.238472
v 1.563225 1.826378 -0.251797
v 1.550000 1.947622 -0.247500
v 1.550000 1.922000 -0.231029
v 1.550000 1.887000 -0.225000
v 1.550000 1.852000 -0.231029
v 1.550000 1.826378 -0.247500
v 1.536775 1.947622 -0.251797
v 1.527093 1.922000 -0.238472
v 1.523550 1.887000 -0.233594
v 1.527093 1.852000 -0.238472
v 1.536775 1.826378 -0.251797
v 1.550000 1.957000 -0.270000
v 1.528601 1.947622 -0.263047
v 1.512936 1.922000 -0.257957
v 1.507202 1.887000 -0.256094
v 1.512936 1.852000 -0.257957
v 1.528601 1.826378 -0.263047
v 1.550000 1.817000 -0.270000
v 1.528601 1.947622 -0.276953
v 1.512936 1.922000 -0.282043
v 1.507202 1.887000 -0.283906
v 1.512936 1.852000 -0.282043
v 1.528601 1.826378 -0.276953
v 1.536775 1.947622 -0.288203
v 1.527093 1.922000 -0.301528
v 1.523550 1.887000 -0.306406
v 1.527093 1.852000 -0.301528
v 1.536775 1.826378 -0.288203
v 1.550000 1.947622 -0.292500
v 1.550000 1.922000 -0.308971
v 1.550000 1.887000 -0.315000
v 1.550000 1.852000 -0.308971
v 1.550000 1.826378 -0.292500
v 1.450000 2.195000 -0.225000
v 1.450000 2.405000 -0.225000
v 1.450000 2.195000 -0.275000
v 1.450000 2.405000 -0.275000
v 1.650000 2.195000 -0.225000
v 1.650000 2.405000 -0.225000
v 1.650000 2.195000 -0.275000
v 1.650000 2.405000 -0.275000
v 1.550000 2.484000 -0.275000
v 1.550000 2.484000 -0.225000
v 1.600000 2.470603 -0.275000
v 1.600000 2.470603 -0.225000
v 1.636603 2.434000 -0.275000
v 1.636603 2.434000 -0.225000
v 1.650000 2.384000 -0.275000
v 1.650000 2.384000 -0.225000
v 1.636603 2.334000 -0.275000
v 1.636603 2.334000 -0.225000
v 1.600000 2.297398 -0.275000
v 1.600000 2.297398 -0.225000
v 1.550000 2.284000 -0.275000
v 1.550000 2.284000 -0.225000
v 1.500000 2.297398 -0.275000
v 1.500000 2.297398 -0.225000
v 1.463397 2.334000 -0.275000
v 1.463397 2.334000 -0.225000
v 1.450000 2.384000 -0.275000
v 1.450000 2.384000 -0.225000
v 1.463397 2.434000 -0.275000
v 1.463397 2.434000 -0.225000
v 1.500000 2.470603 -0.275000
v 1.500000 2.470603 -0.225000
v 1.435000 2.172500 -0.227500
v 1.435000 2.427500 -0.227500
v 1.435000 2.172500 -0.252500
v 1.435000 2.427500 -0.252500
v 1.665000 2.172500 -0.227500
v 1.665000 2.427500 -0.227500
v 1.665000 2.172500 -0.252500
v 1.665000 2.427500 -0.252500
v 1.538000 2.187500 -0.236250
v 1.538000 2.412500 -0.236250
v 1.538000 2.187500 -0.263750
v 1.538000 2.412500 -0.263750
v 1.562000 2.187500 -0.236250
v 1.562000 2.412500 -0.236250
v 1.562000 2.187500 -0.263750
v 1.562000 2.412500 -0.263750
v -0.800000 1.210000 -0.725000
v -0.800000 1.290000 -0.725000
v -0.800000 1.210000 -1.075000
v -0.800000 1.290000 -1.075000
v 0.800000 1.210000 -0.725000
v 0.800000 1.290000 -0.725000
v 0.800000 1.210000 -1.075000
v 0.800000 1.290000 -1.075000
v -0.775000 1.310000 -1.030000
v -0.775000 1.490000 -1.030000
v -0.775000 1.310000 -1.070000
v -0.775000 1.490000 -1.070000
v 0.775000 1.310000 -1.030000
v 0.775000 1.490000 -1.030000
v 0.775000 1.310000 -1.070000
v 0.775000 1.490000 -1.070000
v -0.650000 1.240000 -1.075000
v -0.650000 1.460000 -1.075000
v -0.628349 1.240000 -1.062500
v -0.628349 1.460000 -1.062500
v -0.628349 1.240000 -1.037500
v -0.628349 1.460000 -1.037500
v -0.650000 1.240000 -1.025000
v -0.650000 1.460000 -1.025000
v -0.671651 1.240000 -1.037500
v -0.671651 1.460000 -1.037500
v -0.671651 1.240000 -1.062500
v -0.671651 1.460000 -1.062500
v -0.200000 1.240000 -1.075000
v -0.200000 1.460000 -1.075000
v -0.178349 1.240000 -1.062500
v -0.178349 1.460000 -1.062500
v -0.178349 1.240000 -1.037500
v -0.178349 1.460000 -1.037500
v -0.200000 1.240000 -1.025000
v -0.200000 1.460000 -1.025000
v -0.221651 1.240000 -1.037500
v -0.221651 1.460000 -1.037500
v -0.221651 1.240000 -1.062500
v -0.221651 1.460000 -1.062500
v 0.200000 1.240000 -1.075000
v 0.200000 1.460000 -1.075000
v 0.221651 1.240000 -1.062500
v 0.221651 1.460000 -1.062500
v 0.221651 1.240000 -1.037500
v 0.221651 1.460000 -1.037500
v 0.200000 1.240000 -1.025000
v 0.200000 1.460000 -1.025000
v 0.178349 1.240000 -1.037500
v 0.178349 1.460000 -1.037500
v 0.178349 1.240000 -1.062500
v 0.178349 1.460000 -1.062500
v 0.650000 1.240000 -1.075000
v 0.650000 1.460000 -1.075000
v 0.671651 1.240000 -1.062500
v 0.671651 1.460000 -1.062500
v 0.671651 1.240000 -1.037500
v 0.671651 1.460000 -1.037500
v 0.650000 1.240000 -1.025000
v 0.650000 1.460000 -1.025000
v 0.628349 1.240000 -1.037500
v 0.628349 1.460000 -1.037500
v 0.628349 1.240000 -1.062500
v 0.628349 1.460000 -1.062500
v -0.175000 2.750000 -0.020000
v -0.175000 3.150000 -0.020000
v -0.175000 2.750000 -0.080000
v -0.175000 3.150000 -0.080000
v 0.175000 2.750000 -0.020000
v 0.175000 3.150000 -0.020000
v 0.175000 2.750000 -0.080000
v 0.175000 3.150000 -0.080000
v -0.210000 2.710000 0.000000
v -0.210000 3.190000 0.000000
v -0.210000 2.710000 -0.040000
v -0.210000 3.190000 -0.040000
v 0.210000 2.710000 0.000000
v 0.210000 3.190000 0.000000
v 0.210000 2.710000 -0.040000
v 0.210000 3.190000 -0.040000
v 0.013739 3.014302 -0.115574
v 0.023797 2.987125 -0.126974
v 0.027479 2.950000 -0.131147
v 0.023797 2.912875 -0.126974
v 0.013739 2.885698 -0.115574
v 0.022231 3.014302 -0.105949
v 0.038505 2.987125 -0.110303
v 0.044462 2.950000 -0.111897
v 0.038505 2.912875 -0.110303
v 0.022231 2.885698 -0.105949
v 0.022231 3.014302 -0.094051
v 0.038505 2.987125 -0.089697
v 0.044462 2.950000 -0.088103
v 0.038505 2.912875 -0.089697
v 0.022231 2.885698 -0.094051
v 0.013739 3.014302 -0.084426
v 0.023797 2.987125 -0.073026
v 0.027479 2.950000 -0.068853
v 0.023797 2.912875 -0.073026
v 0.013739 2.885698 -0.084426
v 0.000000 3.014302 -0.080750
v 0.000000 2.987125 -0.066658
v 0.000000 2.950000 -0.061500
v 0.000000 2.912875 -0.066658
v 0.000000 2.885698 -0.080750
v -0.013739 3.014302 -0.084426
v -0.023797 2.987125 -0.073026
v -0.027479 2.950000 -0.068853
v -0.023797 2.912875 -0.073026
v -0.013739 2.885698 -0.084426
v 0.000000 3.024250 -0.100000
v -0.022231 3.014302 -0.094051
v -0.038505 2.987125 -0.089697
v -0.044462 2.950000 -0.088103
v -0.038505 2.912875 -0.089697
v -0.022231 2.885698 -0.094051
v 0.000000 2.875750 -0.100000
v -0.022231 3.014302 -0.105949
v -0.038505 2.987125 -0.110303
v -0.044462 2.950000 -0.111897
v -0.038505 2.912875 -0.110303
v -0.022231 2.885698 -0.105949
v -0.013739 3.014302 -0.115574
v -0.023797 2.987125 -0.126974
v -0.027479 2.950000 -0.131147
v -0.023797 2.912875 -0.126974
v -0.013739 2.885698 -0.115574
v -0.000000 3.014302 -0.119250
v -0.000000 2.987125 -0.133342
v -0.000000 2.950000 -0.138500
v -0.000000 2.912875 -0.133342
v -0.000000 2.885698 -0.119250
v 0.000000 2.837500 -0.135000
v 0.024749 2.837500 -0.124749
v 0.035000 2.837500 -0.100000
v 0.024749 2.837500 -0.075251
v 0.000000 2.837500 -0.065000
v -0.024749 2.837500 -0.075251
v -0.035000 2.837500 -0.100000
v -0.024749 2.837500 -0.124749
v 0.000000 2.892500 -0.100000
v -0.110000 1.430000 -0.930000
v -0.110000 1.670000 -0.930000
v -0.110000 1.430000 -0.970000
v -0.110000 1.670000 -0.970000
v 0.110000 1.430000 -0.930000
v 0.110000 1.670000 -0.930000
v 0.110000 1.430000 -0.970000
v 0.110000 1.670000 -0.970000
v 0.008244 1.588581 -0.999344
v 0.014278 1.572275 -1.006185
v 0.016487 1.550000 -1.008688
v 0.014278 1.527725 -1.006185
v 0.008244 1.511419 -0.999344
v 0.013339 1.588581 -0.993569
v 0.023103 1.572275 -0.996182
v 0.026677 1.550000 -0.997138
v 0.023103 1.527725 -0.996182
v 0.013339 1.511419 -0.993569
v 0.013339 1.588581 -0.986431
v 0.023103 1.572275 -0.983818
v 0.026677 1.550000 -0.982862
v 0.023103 1.527725 -0.983818
v 0.013339 1.511419 -0.986431
v 0.008244 1.588581 -0.980656
v 0.014278 1.572275 -0.973816
v 0.016487 1.550000 -0.971312
v 0.014278 1.527725 -0.973816
v 0.008244 1.511419 -0.980656
v 0.000000 1.588581 -0.978450
v 0.000000 1.572275 -0.969995
v 0.000000 1.550000 -0.966900
v 0.000000 1.527725 -0.969995
v 0.000000 1.511419 -0.978450
v -0.008244 1.588581 -0.980656
v -0.014278 1.572275 -0.973816
v -0.016487 1.550000 -0.971312
v -0.014278 1.527725 -0.973816
v -0.008244 1.511419 -0.980656
v 0.000000 1.594550 -0.990000
v -0.013339 1.588581 -0.986431
v -0.023103 1.572275 -0.983818
v -0.026677 1.550000 -0.982862
v -0.023103 1.527725 -0.983818
v -0.013339 1.511419 -0.986431
v 0.000000 1.505450 -0.990000
v -0.013339 1.588581 -0.993569
v -0.023103 1.572275 -0.996182
v -0.026677 1.550000 -0.997138
v -0.023103 1.527725 -0.996182
v -0.013339 1.511419 -0.993569
v -0.008244 1.588581 -0.999344
v -0.014278 1.572275 -1.006185
v -0.016487 1.550000 -1.008688
v -0.014278 1.527725 -1.006185
v -0.008244 1.511419 -0.999344
v -0.000000 1.588581 -1.001550
v -0.000000 1.572275 -1.010005
v -0.000000 1.550000 -1.013100
v -0.000000 1.527725 -1.010005
v -0.000000 1.511419 -1.001550
v 0.000000 1.482500 -1.011000
v 0.014849 1.482500 -1.004849
v 0.021000 1.482500 -0.990000
v 0.014849 1.482500 -0.975151
v 0.000000 1.482500 -0.969000
v -0.014849 1.482500 -0.975151
v -0.021000 1.482500 -0.990000
v -0.014849 1.482500 -1.004849
v 0.000000 1.515500 -0.990000
v 1.725000 1.375000 -0.010000
v 1.725000 2.325000 -0.010000
v 1.725000 1.375000 -0.290000
v 1.725000 2.325000 -0.290000
v 1.775000 1.375000 -0.010000
v 1.775000 2.325000 -0.010000
v 1.775000 1.375000 -0.290000
v 1.775000 2.325000 -0.290000
v 1.785000 2.160000 -0.080000
v 1.785000 2.240000 -0.080000
v 1.785000 2.160000 -0.220000
v 1.785000 2.240000 -0.220000
v 1.815000 2.160000 -0.080000
v 1.815000 2.240000 -0.080000
v 1.815000 2.160000 -0.220000
v 1.815000 2.240000 -0.220000
v 1.809618 1.895012 -0.160902
v 1.816658 1.875988 -0.168882
v 1.819235 1.850000 -0.171803
v 1.816658 1.824013 -0.168882
v 1.809618 1.804988 -0.160902
v 1.815562 1.895012 -0.154164
v 1.826954 1.875988 -0.157212
v 1.831123 1.850000 -0.158328
v 1.826954 1.824013 -0.157212
v 1.815562 1.804988 -0.154164
v 1.815562 1.895012 -0.145836
v 1.826954 1.875988 -0.142788
v 1.831123 1.850000 -0.141672
v 1.826954 1.824013 -0.142788
v 1.815562 1.804988 -0.145836
v 1.809618 1.895012 -0.139098
v 1.816658 1.875988 -0.131118
v 1.819235 1.850000 -0.128197
v 1.816658 1.824013 -0.131118
v 1.809618 1.804988 -0.139098
v 1.800000 1.895012 -0.136525
v 1.800000 1.875988 -0.126661
v 1.800000 1.850000 -0.123050
v 1.800000 1.824013 -0.126661
v 1.800000 1.804988 -0.136525
v 1.790382 1.895012 -0.139098
v 1.783342 1.875988 -0.131118
v 1.780765 1.850000 -0.128197
v 1.783342 1.824013 -0.131118
v 1.790382 1.804988 -0.139098
v 1.800000 1.901975 -0.150000
v 1.784438 1.895012 -0.145836
v 1.773046 1.875988 -0.142788
v 1.768877 1.850000 -0.141672
v 1.773046 1.824013 -0.142788
v 1.784438 1.804988 -0.145836
v 1.800000 1.798025 -0.150000
v 1.784438 1.895012 -0.154164
v 1.773046 1.875988 -0.157212
v 1.768877 1.850000 -0.158328
v 1.773046 1.824013 -0.157212
v 1.784438 1.804988 -0.154164
v 1.790382 1.895012 -0.160902
v 1.783342 1.875988 -0.168882
v 1.780765 1.850000 -0.171803
v 1.783342 1.824013 -0.168882
v 1.790382 1.804988 -0.160902
v 1.800000 1.895012 -0.163475
v 1.800000 1.875988 -0.173339
v 1.800000 1.850000 -0.176950
v 1.800000 1.824013 -0.173339
v 1.800000 1.804988 -0.163475
v 1.800000 1.771250 -0.174500
v 1.817324 1.771250 -0.167324
v 1.824500 1.771250 -0.150000
v 1.817324 1.771250 -0.132676
v 1.800000 1.771250 -0.125500
v 1.782676 1.771250 -0.132676
v 1.775500 1.771250 -0.150000
v 1.782676 1.771250 -0.167324
v 1.800000 1.809750 -0.150000
v -1.010000 1.130000 -0.785000
v -1.010000 1.270000 -0.785000
v -1.010000 1.130000 -0.815000
v -1.010000 1.270000 -0.815000
v -0.890000 1.130000 -0.785000
v -0.890000 1.270000 -0.785000
v -0.890000 1.130000 -0.815000
v -0.890000 1.270000 -0.815000
v 0.890000 1.130000 -0.785000
v 0.890000 1.270000 -0.785000
v 0.890000 1.130000 -0.815000
v 0.890000 1.270000 -0.815000
v 1.010000 1.130000 -0.785000
v 1.010000 1.270000 -0.785000
v 1.010000 1.130000 -0.815000
v 1.010000 1.270000 -0.815000
v -0.923000 0.066916 -1.254789
v -0.866632 0.049200 -1.331500
v -0.846000 0.025000 -1.359578
v -0.866632 0.000800 -1.331500
v -0.923000 -0.016916 -1.254789
v -0.866632 0.066916 -1.210500
v -0.769000 0.049200 -1.254789
v -0.733264 0.025000 -1.271000
v -0.769000 0.000800 -1.254789
v -0.866632 -0.016916 -1.210500
v -0.846000 0.066916 -1.150000
v -0.733264 0.049200 -1.150000
v -0.692000 0.025000 -1.150000
v -0.733264 0.000800 -1.150000
v -0.846000 -0.016916 -1.150000
v -0.866632 0.066916 -1.089500
v -0.769000 0.049200 -1.045211
v -0.733264 0.025000 -1.029000
v -0.769000 0.000800 -1.045211
v -0.866632 -0.016916 -1.089500
v -0.923000 0.066916 -1.045211
v -0.866632 0.049200 -0.968500
v -0.846000 0.025000 -0.940422
v -0.866632 0.000800 -0.968500
v -0.923000 -0.016916 -1.045211
v -1.000000 0.066916 -1.029000
v -1.000000 0.049200 -0.940422
v -1.000000 0.025000 -0.908000
v -1.000000 0.000800 -0.940422
v -1.000000 -0.016916 -1.029000
v -1.077000 0.066916 -1.045211
v -1.133368 0.049200 -0.968500
v -1.154000 0.025000 -0.940422
v -1.133368 0.000800 -0.968500
v -1.077000 -0.016916 -1.045211
v -1.133368 0.066916 -1.089500
v -1.231000 0.049200 -1.045211
v -1.266736 0.025000 -1.029000
v -1.231000 0.000800 -1.045211
v -1.133368 -0.016916 -1.089500
v -1.000000 -0.023400 -1.150000
v -1.154000 0.066916 -1.150000
v -1.266736 0.049200 -1.150000
v -1.308000 0.025000 -1.150000
v -1.266736 0.000800 -1.150000
v -1.154000 -0.016916 -1.150000
v -1.133368 0.066916 -1.210500
v -1.231000 0.049200 -1.254789
v -1.266736 0.025000 -1.271000
v -1.231000 0.000800 -1.254789
v -1.133368 -0.016916 -1.210500
v -1.077000 0.066916 -1.254789
v -1.133368 0.049200 -1.331500
v -1.154000 0.025000 -1.359578
v -1.133368 0.000800 -1.331500
v -1.077000 -0.016916 -1.254789
v -1.000000 0.073400 -1.150000
v -1.000000 0.066916 -1.271000
v -1.000000 0.049200 -1.359578
v -1.000000 0.025000 -1.392000
v -1.000000 0.000800 -1.359578
v -1.000000 -0.016916 -1.271000
v 0.500000 0.044800 -1.421473
v 0.500000 0.005200 -1.421473
v 0.563000 0.059295 -1.335737
v 0.609119 0.044800 -1.398500
v 0.626000 0.025000 -1.421473
v 0.609119 0.005200 -1.398500
v 0.563000 -0.009295 -1.335737
v 0.609119 0.059295 -1.299500
v 0.689000 0.044800 -1.335737
v 0.718238 0.025000 -1.349000
v 0.689000 0.005200 -1.335737
v 0.609119 -0.009295 -1.299500
v 0.626000 0.059295 -1.250000
v 0.718238 0.044800 -1.250000
v 0.752000 0.025000 -1.250000
v 0.718238 0.005200 -1.250000
v 0.626000 -0.009295 -1.250000
v 0.609119 0.059295 -1.200500
v 0.689000 0.044800 -1.164263
v 0.718238 0.025000 -1.151000
v 0.689000 0.005200 -1.164263
v 0.609119 -0.009295 -1.200500
v 0.563000 0.059295 -1.164263
v 0.609119 0.044800 -1.101500
v 0.626000 0.025000 -1.078527
v 0.609119 0.005200 -1.101500
v 0.563000 -0.009295 -1.164263
v 0.500000 0.059295 -1.151000
v 0.500000 0.044800 -1.078527
v 0.500000 0.025000 -1.052000
v 0.500000 0.005200 -1.078527
v 0.500000 -0.009295 -1.151000
v 0.500000 0.064600 -1.250000
v 0.437000 0.059295 -1.164263
v 0.390881 0.044800 -1.101500
v 0.374000 0.025000 -1.078527
v 0.390881 0.005200 -1.101500
v 0.437000 -0.009295 -1.164263
v 0.500000 -0.014600 -1.250000
v 0.390881 0.059295 -1.200500
v 0.311000 0.044800 -1.164263
v 0.281762 0.025000 -1.151000
v 0.311000 0.005200 -1.164263
v 0.390881 -0.009295 -1.200500
v 0.374000 0.059295 -1.250000
v 0.281762 0.044800 -1.250000
v 0.248000 0.025000 -1.250000
v 0.281762 0.005200 -1.250000
v 0.374000 -0.009295 -1.250000
v 0.390881 0.059295 -1.299500
v 0.311000 0.044800 -1.335737
v 0.281762 0.025000 -1.349000
v 0.311000 0.005200 -1.335737
v 0.390881 -0.009295 -1.299500
v 0.437000 0.059295 -1.335737
v 0.390881 0.044800 -1.398500
v 0.374000 0.025000 -1.421473
v 0.390881 0.005200 -1.398500
v 0.437000 -0.009295 -1.335737
v 0.500000 0.059295 -1.349000
v 0.500000 0.025000 -1.448000
v 0.500000 -0.009295 -1.349000
v 1.400000 0.042600 -1.002421
v 1.400000 0.007400 -1.002421
v 1.456000 0.055484 -0.926210
v 1.496995 0.042600 -0.982000
v 1.512000 0.025000 -1.002421
v 1.496995 0.007400 -0.982000
v 1.456000 -0.005484 -0.926210
v 1.496995 0.055484 -0.894000
v 1.568000 0.042600 -0.926210
v 1.593990 0.025000 -0.938000
v 1.568000 0.007400 -0.926210
v 1.496995 -0.005484 -0.894000
v 1.512000 0.055484 -0.850000
v 1.593990 0.042600 -0.850000
v 1.624000 0.025000 -0.850000
v 1.593990 0.007400 -0.850000
v 1.512000 -0.005484 -0.850000
v 1.496995 0.055484 -0.806000
v 1.568000 0.042600 -0.773790
v 1.593990 0.025000 -0.762000
v 1.568000 0.007400 -0.773790
v 1.496995 -0.005484 -0.806000
v 1.456000 0.055484 -0.773790
v 1.496995 0.042600 -0.718000
v 1.512000 0.025000 -0.697580
v 1.496995 0.007400 -0.718000
v 1.456000 -0.005484 -0.773790
v 1.400000 0.055484 -0.762000
v 1.400000 0.042600 -0.697580
v 1.400000 0.025000 -0.674000
v 1.400000 0.007400 -0.697580
v 1.400000 -0.005484 -0.762000
v 1.400000 0.060200 -0.850000
v 1.344000 0.055484 -0.773790
v 1.303005 0.042600 -0.718000
v 1.288000 0.025000 -0.697580
v 1.303005 0.007400 -0.718000
v 1.344000 -0.005484 -0.773790
v 1.400000 -0.010200 -0.850000
v 1.303005 0.055484 -0.806000
v 1.232000 0.042600 -0.773790
v 1.206010 0.025000 -0.762000
v 1.232000 0.007400 -0.773790
v 1.303005 -0.005484 -0.806000
v 1.288000 0.055484 -0.850000
v 1.206010 0.042600 -0.850000
v 1.176000 0.025000 -0.850000
v 1.206010 0.007400 -0.850000
v 1.288000 -0.005484 -0.850000
v 1.303005 0.055484 -0.894000
v 1.232000 0.042600 -0.926210
v 1.206010 0.025000 -0.938000
v 1.232000 0.007400 -0.926210
v 1.303005 -0.005484 -0.894000
v 1.344000 0.055484 -0.926210
v 1.303005 0.042600 -0.982000
v 1.288000 0.025000 -1.002421
v 1.303005 0.007400 -0.982000
v 1.344000 -0.005484 -0.926210
v 1.400000 0.055484 -0.938000
v 1.400000 0.025000 -1.026000
v 1.400000 -0.005484 -0.938000
v -1.451000 0.051674 -0.666684
v -1.415130 0.040400 -0.715500
v -1.402000 0.025000 -0.733368
v -1.415130 0.009600 -0.715500
v -1.451000 -0.001674 -0.666684
v -1.415130 0.051674 -0.638500
v -1.353000 0.040400 -0.666684
v -1.330259 0.025000 -0.677000
v -1.353000 0.009600 -0.666684
v -1.415130 -0.001674 -0.638500
v -1.402000 0.051674 -0.600000
v -1.330259 0.040400 -0.600000
v -1.304000 0.025000 -0.600000
v -1.330259 0.009600 -0.600000
v -1.402000 -0.001674 -0.600000
v -1.415130 0.051674 -0.561500
v -1.353000 0.040400 -0.533316
v -1.330259 0.025000 -0.523000
v -1.353000 0.009600 -0.533316
v -1.415130 -0.001674 -0.561500
v -1.451000 0.051674 -0.533316
v -1.415130 0.040400 -0.484500
v -1.402000 0.025000 -0.466632
v -1.415130 0.009600 -0.484500
v -1.451000 -0.001674 -0.533316
v -1.500000 0.051674 -0.523000
v -1.500000 0.040400 -0.466632
v -1.500000 0.025000 -0.446000
v -1.500000 0.009600 -0.466632
v -1.500000 -0.001674 -0.523000
v -1.549000 0.051674 -0.533316
v -1.584870 0.040400 -0.484500
v -1.598000 0.025000 -0.466632
v -1.584870 0.009600 -0.484500
v -1.549000 -0.001674 -0.533316
v -1.584870 0.051674 -0.561500
v -1.647000 0.040400 -0.533316
v -1.669741 0.025000 -0.523000
v -1.647000 0.009600 -0.533316
v -1.584870 -0.001674 -0.561500
v -1.500000 -0.005800 -0.600000
v -1.598000 0.051674 -0.600000
v -1.669741 0.040400 -0.600000
v -1.696000 0.025000 -0.600000
v -1.669741 0.009600 -0.600000
v -1.598000 -0.001674 -0.600000
v -1.584870 0.051674 -0.638500
v -1.647000 0.040400 -0.666684
v -1.669741 0.025000 -0.677000
v -1.647000 0.009600 -0.666684
v -1.584870 -0.001674 -0.638500
v -1.549000 0.051674 -0.666684
v -1.584870 0.040400 -0.715500
v -1.598000 0.025000 -0.733368
v -1.584870 0.009600 -0.715500
v -1.549000 -0.001674 -0.666684
v -1.500000 0.055800 -0.600000
v -1.500000 0.051674 -0.677000
v -1.500000 0.040400 -0.733368
v -1.500000 0.025000 -0.754000
v -1.500000 0.009600 -0.733368
v -1.500000 -0.001674 -0.677000
v 0.000000 0.038200 -1.464315
v 0.000000 0.025000 -1.482000
v 0.000000 0.011800 -1.464315
v 0.042000 0.047863 -1.407158
v 0.072746 0.038200 -1.449000
v 0.084000 0.025000 -1.464315
v 0.072746 0.011800 -1.449000
v 0.042000 0.002137 -1.407158
v 0.072746 0.047863 -1.383000
v 0.126000 0.038200 -1.407158
v 0.145492 0.025000 -1.416000
v 0.126000 0.011800 -1.407158
v 0.072746 0.002137 -1.383000
v 0.084000 0.047863 -1.350000
v 0.145492 0.038200 -1.350000
v 0.168000 0.025000 -1.350000
v 0.145492 0.011800 -1.350000
v 0.084000 0.002137 -1.350000
v 0.072746 0.047863 -1.317000
v 0.126000 0.038200 -1.292842
v 0.145492 0.025000 -1.284000
v 0.126000 0.011800 -1.292842
v 0.072746 0.002137 -1.317000
v 0.042000 0.047863 -1.292842
v 0.072746 0.038200 -1.251000
v 0.084000 0.025000 -1.235685
v 0.072746 0.011800 -1.251000
v 0.042000 0.002137 -1.292842
v -0.000000 0.047863 -1.284000
v -0.000000 0.038200 -1.235685
v -0.000000 0.025000 -1.218000
v -0.000000 0.011800 -1.235685
v -0.000000 0.002137 -1.284000
v 0.000000 0.051400 -1.350000
v -0.042000 0.047863 -1.292842
v -0.072746 0.038200 -1.251000
v -0.084000 0.025000 -1.235685
v -0.072746 0.011800 -1.251000
v -0.042000 0.002137 -1.292842
v -0.072746 0.047863 -1.317000
v -0.126000 0.038200 -1.292842
v -0.145492 0.025000 -1.284000
v -0.126000 0.011800 -1.292842
v -0.072746 0.002137 -1.317000
v 0.000000 -0.001400 -1.350000
v -0.084000 0.047863 -1.350000
v -0.145492 0.038200 -1.350000
v -0.168000 0.025000 -1.350000
v -0.145492 0.011800 -1.350000
v -0.084000 0.002137 -1.350000
v -0.072746 0.047863 -1.383000
v -0.126000 0.038200 -1.407158
v -0.145492 0.025000 -1.416000
v -0.126000 0.011800 -1.407158
v -0.072746 0.002137 -1.383000
v -0.042000 0.047863 -1.407158
v -0.072746 0.038200 -1.449000
v -0.084000 0.025000 -1.464315
v -0.072746 0.011800 -1.449000
v -0.042000 0.002137 -1.407158
v 0.000000 0.047863 -1.416000
v 0.000000 0.002137 -1.416000
v 1.800000 0.038200 -0.514315
v 1.800000 0.025000 -0.532000
v 1.800000 0.011800 -0.514315
v 1.842000 0.047863 -0.457158
v 1.872746 0.038200 -0.499000
v 1.884000 0.025000 -0.514315
v 1.872746 0.011800 -0.499000
v 1.842000 0.002137 -0.457158
v 1.872746 0.047863 -0.433000
v 1.926000 0.038200 -0.457158
v 1.945492 0.025000 -0.466000
v 1.926000 0.011800 -0.457158
v 1.872746 0.002137 -0.433000
v 1.884000 0.047863 -0.400000
v 1.945492 0.038200 -0.400000
v 1.968000 0.025000 -0.400000
v 1.945492 0.011800 -0.400000
v 1.884000 0.002137 -0.400000
v 1.872746 0.047863 -0.367000
v 1.926000 0.038200 -0.342842
v 1.945492 0.025000 -0.334000
v 1.926000 0.011800 -0.342842
v 1.872746 0.002137 -0.367000
v 1.842000 0.047863 -0.342842
v 1.872746 0.038200 -0.301000
v 1.884000 0.025000 -0.285685
v 1.872746 0.011800 -0.301000
v 1.842000 0.002137 -0.342842
v 1.800000 0.047863 -0.334000
v 1.800000 0.038200 -0.285685
v 1.800000 0.025000 -0.268000
v 1.800000 0.011800 -0.285685
v 1.800000 0.002137 -0.334000
v 1.800000 0.051400 -0.400000
v 1.758000 0.047863 -0.342842
v 1.727254 0.038200 -0.301000
v 1.716000 0.025000 -0.285685
v 1.727254 0.011800 -0.301000
v 1.758000 0.002137 -0.342842
v 1.727254 0.047863 -0.367000
v 1.674000 0.038200 -0.342842
v 1.654508 0.025000 -0.334000
v 1.674000 0.011800 -0.342842
v 1.727254 0.002137 -0.367000
v 1.800000 -0.001400 -0.400000
v 1.716000 0.047863 -0.400000
v 1.654508 0.038200 -0.400000
v 1.632000 0.025000 -0.400000
v 1.654508 0.011800 -0.400000
v 1.716000 0.002137 -0.400000
v 1.727254 0.047863 -0.433000
v 1.674000 0.038200 -0.457158
v 1.654508 0.025000 -0.466000
v 1.674000 0.011800 -0.457158
v 1.727254 0.002137 -0.433000
v 1.758000 0.047863 -0.457158
v 1.727254 0.038200 -0.499000
v 1.716000 0.025000 -0.514315
v 1.727254 0.011800 -0.499000
v 1.758000 0.002137 -0.457158
v 1.800000 0.047863 -0.466000
v 1.800000 0.002137 -0.466000
vn -0.0000 -0.0000 1.0000
vn 1.0000 -0.0000 -0.0000
vn -0.0000 1.0000 -0.0000
vn -1.0000 -0.0000 -0.0000
vn -0.0000 -0.0000 -1.0000
vn -0.5774 -0.5774 0.5773
vn -0.5774 0.5773 0.5773
vn -0.5774 -0.5774 -0.5773
vn -0.5774 0.5773 -0.5773
vn 0.5774 -0.5774 0.5773
vn 0.5774 0.5773 0.5773
vn 0.5774 -0.5774 -0.5773
vn 0.5774 0.5773 -0.5773
vn -0.7071 -0.7071 -0.0000
vn -0.7071 -0.0000 0.7071
vn -0.7071 0.7071 -0.0000
vn -0.7071 -0.0000 -0.7071
vn -0.0000 -0.7071 -0.7071
vn -0.0000 0.7071 -0.7071
vn 0.7071 -0.0000 -0.7071
vn 0.7071 -0.7071 -0.0000
vn 0.7071 0.7071 -0.0000
vn 0.7071 -0.0000 0.7071
vn -0.0000 -0.7071 0.7071
vn -0.0000 0.7071 0.7071
vn -0.0000 -1.0000 -0.0000
vn -0.5773 -0.5773 0.5774
vn -0.5773 0.5773 0.5774
vn -0.5773 -0.5774 -0.5774
vn -0.5773 0.5774 -0.5774
vn 0.5773 -0.5774 0.5774
vn 0.5774 0.5774 0.5774
vn 0.5774 -0.5774 -0.5774
vn 0.5774 0.5774 -0.5774
vn 0.2225 -0.0000 -0.9749
vn 0.6235 -0.0000 -0.7818
vn 0.9010 -0.0000 -0.4339
vn 0.9010 -0.0000 0.4339
vn 0.6235 -0.0000 0.7818
vn 0.2225 -0.0000 0.9749
vn -0.2225 -0.0000 0.9749
vn -0.6235 -0.0000 0.7818
vn -0.9010 -0.0000 0.4339
vn -0.9010 -0.0000 -0.4339
vn -0.6235 -0.0000 -0.7818
vn -0.2225 -0.0000 -0.9749
vn -0.0000 -0.3732 -0.9277
vn 0.4339 -0.0000 -0.9010
vn 0.4025 -0.3732 -0.8359
vn -0.0000 0.3732 -0.9277
vn -0.0000 0.6935 -0.7205
vn 0.3126 0.6935 -0.6491
vn 0.4025 0.3732 -0.8359
vn -0.0000 0.9139 -0.4059
vn 0.1761 0.9139 -0.3657
vn -0.0000 -0.9139 -0.4059
vn 0.1761 -0.9139 -0.3657
vn -0.0000 -0.6935 -0.7205
vn 0.3126 -0.6935 -0.6491
vn 0.3174 -0.9139 -0.2531
vn 0.7253 -0.3732 -0.5784
vn 0.5633 -0.6935 -0.4492
vn 0.7253 0.3732 -0.5784
vn 0.7818 -0.0000 -0.6235
vn 0.3174 0.9139 -0.2531
vn 0.5633 0.6935 -0.4492
vn 0.3958 0.9139 -0.0903
vn 0.7024 0.6935 -0.1603
vn 0.7024 -0.6935 -0.1603
vn 0.3958 -0.9139 -0.0903
vn 0.9749 -0.0000 -0.2225
vn 0.9045 -0.3732 -0.2064
vn 0.9045 0.3732 -0.2064
vn 0.7024 -0.6935 0.1603
vn 0.3958 -0.9139 0.0903
vn 0.9749 -0.0000 0.2225
vn 0.9045 -0.3732 0.2064
vn 0.7024 0.6935 0.1603
vn 0.9045 0.3732 0.2064
vn 0.3958 0.9139 0.0903
vn 0.3174 0.9139 0.2531
vn 0.3174 -0.9139 0.2531
vn 0.7253 -0.3732 0.5784
vn 0.5633 -0.6935 0.4492
vn 0.7253 0.3732 0.5784
vn 0.7818 -0.0000 0.6235
vn 0.5633 0.6935 0.4492
vn 0.4025 -0.3732 0.8359
vn 0.3126 -0.6935 0.6491
vn 0.4025 0.3732 0.8359
vn 0.4339 -0.0000 0.9010
vn 0.1761 0.9139 0.3657
vn 0.3126 0.6935 0.6491
vn 0.1761 -0.9139 0.3657
vn -0.0000 -0.6935 0.7205
vn -0.0000 -0.9139 0.4059
vn -0.0000 -0.3732 0.9277
vn -0.0000 0.6935 0.7205
vn -0.0000 0.3732 0.9277
vn -0.0000 0.9139 0.4059
vn -0.4339 -0.0000 0.9010
vn -0.4025 -0.3732 0.8359
vn -0.3126 0.6935 0.6491
vn -0.4025 0.3732 0.8359
vn -0.1761 0.9139 0.3657
vn -0.1761 -0.9139 0.3657
vn -0.3126 -0.6935 0.6491
vn -0.3174 -0.9139 0.2531
vn -0.7253 -0.3732 0.5784
vn -0.5633 -0.6935 0.4492
vn -0.7253 0.3732 0.5784
vn -0.7818 -0.0000 0.6235
vn -0.3174 0.9139 0.2531
vn -0.5633 0.6935 0.4492
vn -0.9045 0.3732 0.2064
vn -0.9749 -0.0000 0.2225
vn -0.3958 0.9139 0.0903
vn -0.7024 0.6935 0.1603
vn -0.7024 -0.6935 0.1603
vn -0.3958 -0.9139 0.0903
vn -0.9045 -0.3732 0.2064
vn -0.7024 -0.6935 -0.1603
vn -0.3958 -0.9139 -0.0903
vn -0.9749 -0.0000 -0.2225
vn -0.9045 -0.3732 -0.2064
vn -0.7024 0.6935 -0.1603
vn -0.9045 0.3732 -0.2064
vn -0.3958 0.9139 -0.0903
vn -0.5633 0.6935 -0.4492
vn -0.7253 0.3732 -0.5784
vn -0.3174 0.9139 -0.2531
vn -0.3174 -0.9139 -0.2531
vn -0.7253 -0.3732 -0.5784
vn -0.5633 -0.6935 -0.4492
vn -0.7818 -0.0000 -0.6235
vn -0.1761 -0.9139 -0.3657
vn -0.4025 -0.3732 -0.8359
vn -0.3126 -0.6935 -0.6491
vn -0.4025 0.3732 -0.8359
vn -0.4339 -0.0000 -0.9010
vn -0.1761 0.9139 -0.3657
vn -0.3126 0.6935 -0.6491
vn -0.0000 -0.6603 -0.7510
vn -0.0000 0.6603 -0.7510
vn 0.3259 0.6603 -0.6766
vn 0.3259 -0.6603 -0.6766
vn 0.5872 0.6603 -0.4682
vn 0.5872 -0.6603 -0.4682
vn 0.7322 0.6603 -0.1671
vn 0.7322 -0.6603 -0.1671
vn 0.7322 0.6603 0.1671
vn 0.7322 -0.6603 0.1671
vn 0.5872 0.6603 0.4682
vn 0.5872 -0.6603 0.4682
vn 0.3259 0.6603 0.6766
vn 0.3259 -0.6603 0.6766
vn -0.0000 0.6603 0.7510
vn -0.0000 -0.6603 0.7510
vn -0.3259 0.6603 0.6766
vn -0.3259 -0.6603 0.6766
vn -0.5872 0.6603 0.4682
vn -0.5872 -0.6603 0.4682
vn -0.7322 0.6603 0.1671
vn -0.7322 -0.6603 0.1671
vn -0.7322 0.6603 -0.1671
vn -0.7322 -0.6603 -0.1671
vn -0.5872 0.6603 -0.4682
vn -0.5872 -0.6603 -0.4682
vn -0.3259 0.6603 -0.6766
vn -0.3259 -0.6603 -0.6766
vn 0.3827 -0.0000 -0.9239
vn 0.9239 -0.0000 -0.3827
vn 0.9239 -0.0000 0.3827
vn 0.3827 -0.0000 0.9239
vn -0.3827 -0.0000 0.9239
vn -0.9239 -0.0000 0.3827
vn -0.9239 -0.0000 -0.3827
vn -0.3827 -0.0000 -0.9239
vn -0.0000 0.6630 -0.7486
vn 0.5294 0.6630 -0.5294
vn -0.0000 -0.6630 -0.7486
vn 0.5294 -0.6630 -0.5294
vn 0.7486 -0.6630 -0.0000
vn 0.7486 0.6630 -0.0000
vn 0.5294 -0.6630 0.5294
vn 0.5294 0.6630 0.5294
vn -0.0000 0.6630 0.7486
vn -0.0000 -0.6630 0.7486
vn -0.5294 -0.6630 0.5294
vn -0.5294 0.6630 0.5294
vn -0.7486 -0.6630 -0.0000
vn -0.7486 0.6630 -0.0000
vn -0.5294 -0.6630 -0.5294
vn -0.5294 0.6630 -0.5294
vn -0.5774 -0.5774 0.5774
vn -0.5774 0.5774 0.5774
vn -0.5774 0.5774 -0.5774
vn -0.5774 -0.5774 -0.5774
vn 0.5774 -0.5774 0.5774
vn 0.4769 0.3004 -0.8260
vn 0.9538 0.3004 -0.0000
vn 0.4769 0.3004 0.8260
vn -0.4769 0.3004 0.8260
vn -0.9538 0.3004 -0.0000
vn -0.4769 0.3004 -0.8260
vn -0.0000 -0.6374 -0.7705
vn 0.4529 -0.6374 -0.6234
vn -0.0000 -0.2607 -0.9654
vn 0.5878 -0.0000 -0.8090
vn 0.5675 -0.2607 -0.7810
vn -0.0000 0.2607 -0.9654
vn -0.0000 0.6374 -0.7705
vn 0.4529 0.6374 -0.6234
vn 0.5675 0.2607 -0.7810
vn 0.9511 -0.0000 -0.3090
vn 0.9182 -0.2607 -0.2983
vn 0.7328 0.6374 -0.2381
vn 0.9182 0.2607 -0.2983
vn 0.7328 -0.6374 -0.2381
vn 0.7328 0.6374 0.2381
vn 0.9182 0.2607 0.2983
vn 0.9182 -0.2607 0.2983
vn 0.7328 -0.6374 0.2381
vn 0.9511 -0.0000 0.3090
vn 0.5675 -0.2607 0.7810
vn 0.4529 -0.6374 0.6234
vn 0.5675 0.2607 0.7810
vn 0.5878 -0.0000 0.8090
vn 0.4529 0.6374 0.6234
vn -0.0000 -0.2607 0.9654
vn -0.0000 -0.6374 0.7705
vn -0.0000 0.2607 0.9654
vn -0.0000 0.6374 0.7705
vn -0.5675 -0.2607 0.7810
vn -0.4529 -0.6374 0.6234
vn -0.5675 0.2607 0.7810
vn -0.5878 -0.0000 0.8090
vn -0.4529 0.6374 0.6234
vn -0.9182 -0.2607 0.2983
vn -0.7328 -0.6374 0.2381
vn -0.9182 0.2607 0.2983
vn -0.9511 -0.0000 0.3090
vn -0.7328 0.6374 0.2381
vn -0.9182 0.2607 -0.2983
vn -0.9511 -0.0000 -0.3090
vn -0.7328 0.6374 -0.2381
vn -0.7328 -0.6374 -0.2381
vn -0.9182 -0.2607 -0.2983
vn -0.4529 0.6374 -0.6234
vn -0.4529 -0.6374 -0.6234
vn -0.5878 -0.0000 -0.8090
vn -0.5675 -0.2607 -0.7810
vn -0.5675 0.2607 -0.7810
vn -0.0000 0.6683 -0.7439
vn 0.4372 0.6683 -0.6018
vn -0.0000 -0.6683 -0.7439
vn 0.4372 -0.6683 -0.6018
vn -0.0000 -0.2853 -0.9584
vn 0.5634 -0.2853 -0.7754
vn -0.0000 0.2853 -0.9584
vn 0.5634 0.2853 -0.7754
vn 0.7075 -0.6683 -0.2299
vn 0.9115 -0.2853 -0.2962
vn 0.7075 0.6683 -0.2299
vn 0.9115 0.2853 -0.2962
vn 0.9115 -0.2853 0.2962
vn 0.7075 0.6683 0.2299
vn 0.9115 0.2853 0.2962
vn 0.7075 -0.6683 0.2299
vn 0.4372 0.6683 0.6018
vn 0.5634 0.2853 0.7754
vn 0.5634 -0.2853 0.7754
vn 0.4372 -0.6683 0.6018
vn -0.0000 -0.2853 0.9584
vn -0.0000 -0.6683 0.7439
vn -0.0000 0.2853 0.9584
vn -0.0000 0.6683 0.7439
vn -0.5634 -0.2853 0.7754
vn -0.4372 -0.6683 0.6018
vn -0.5634 0.2853 0.7754
vn -0.4372 0.6683 0.6018
vn -0.9115 -0.2853 0.2962
vn -0.7075 -0.6683 0.2299
vn -0.9115 0.2853 0.2962
vn -0.7075 0.6683 0.2299
vn -0.9115 -0.2853 -0.2962
vn -0.7075 -0.6683 -0.2299
vn -0.9115 0.2853 -0.2962
vn -0.7075 0.6683 -0.2299
vn -0.5634 0.2853 -0.7754
vn -0.4372 0.6683 -0.6018
vn -0.4372 -0.6683 -0.6018
vn -0.5634 -0.2853 -0.7754
vn -0.0000 0.2690 -0.9631
vn -0.0000 0.6482 -0.7615
vn 0.4476 0.6482 -0.6161
vn 0.5661 0.2690 -0.7792
vn -0.0000 -0.6482 -0.7615
vn -0.0000 -0.2690 -0.9631
vn 0.5661 -0.2690 -0.7792
vn 0.4476 -0.6482 -0.6161
vn 0.9160 -0.2690 -0.2976
vn 0.7242 -0.6482 -0.2353
vn 0.9160 0.2690 -0.2976
vn 0.7242 0.6482 -0.2353
vn 0.9160 -0.2690 0.2976
vn 0.7242 -0.6482 0.2353
vn 0.9160 0.2690 0.2976
vn 0.7242 0.6482 0.2353
vn 0.5661 0.2690 0.7792
vn 0.4476 0.6482 0.6161
vn 0.4476 -0.6482 0.6161
vn 0.5661 -0.2690 0.7792
vn -0.0000 0.6482 0.7615
vn -0.0000 -0.6482 0.7615
vn -0.0000 -0.2690 0.9631
vn -0.0000 0.2690 0.9631
vn -0.4476 -0.6482 0.6161
vn -0.5661 -0.2690 0.7792
vn -0.4476 0.6482 0.6161
vn -0.5661 0.2690 0.7792
vn -0.7242 -0.6482 0.2353
vn -0.9160 -0.2690 0.2976
vn -0.7242 0.6482 0.2353
vn -0.9160 0.2690 0.2976
vn -0.7242 -0.6482 -0.2353
vn -0.9160 -0.2690 -0.2976
vn -0.7242 0.6482 -0.2353
vn -0.9160 0.2690 -0.2976
vn -0.5661 -0.2690 -0.7792
vn -0.4476 0.6482 -0.6161
vn -0.5661 0.2690 -0.7792
vn -0.4476 -0.6482 -0.6161
vn -0.0000 0.7510 -0.6603
vn -0.0000 0.7510 0.6603
vn 0.3259 0.6766 0.6603
vn 0.3259 0.6766 -0.6603
vn 0.5872 0.4682 0.6603
vn 0.5872 0.4682 -0.6603
vn 0.7322 0.1671 0.6603
vn 0.7322 0.1671 -0.6603
vn 0.7322 -0.1671 0.6603
vn 0.7322 -0.1671 -0.6603
vn 0.5872 -0.4682 0.6603
vn 0.5872 -0.4682 -0.6603
vn 0.3259 -0.6766 0.6603
vn 0.3259 -0.6766 -0.6603
vn -0.0000 -0.7510 0.6603
vn -0.0000 -0.7510 -0.6603
vn -0.3259 -0.6766 0.6603
vn -0.3259 -0.6766 -0.6603
vn -0.5872 -0.4682 0.6603
vn -0.5872 -0.4682 -0.6603
vn -0.7322 -0.1671 0.6603
vn -0.7322 -0.1671 -0.6603
vn -0.7322 0.1671 0.6603
vn -0.7322 0.1671 -0.6603
vn -0.5872 0.4682 0.6603
vn -0.5872 0.4682 -0.6603
vn -0.3259 0.6766 0.6603
vn -0.3259 0.6766 -0.6603
vn 0.5625 0.2903 -0.7742
vn 0.9101 0.2903 0.2957
vn -0.0000 0.2903 0.9569
vn -0.9101 0.2903 0.2957
vn -0.5625 0.2903 -0.7742
vn -0.0000 -0.6834 -0.7300
vn -0.0000 -0.2956 -0.9553
vn 0.5032 -0.3105 -0.8064
vn 0.3733 -0.6981 -0.6109
vn -0.0000 0.2956 -0.9553
vn 0.5032 0.3105 -0.8064
vn 0.5304 -0.0000 -0.8478
vn -0.0000 0.6834 -0.7300
vn 0.3733 0.6981 -0.6109
vn 0.8813 -0.3372 -0.3311
vn 0.6444 -0.7232 -0.2485
vn 0.8813 0.3372 -0.3311
vn 0.9366 -0.0000 -0.3504
vn 0.6444 0.7232 -0.2485
vn 0.8813 0.3372 0.3311
vn 0.9366 -0.0000 0.3504
vn 0.6444 0.7232 0.2485
vn 0.6444 -0.7232 0.2485
vn 0.8813 -0.3372 0.3311
vn 0.3733 0.6981 0.6109
vn 0.3733 -0.6981 0.6109
vn 0.5304 -0.0000 0.8478
vn 0.5032 -0.3105 0.8064
vn 0.5032 0.3105 0.8064
vn -0.0000 -0.6834 0.7300
vn -0.0000 -0.2956 0.9553
vn -0.0000 0.6834 0.7300
vn -0.0000 0.2956 0.9553
vn -0.3733 -0.6981 0.6109
vn -0.5304 -0.0000 0.8478
vn -0.5032 -0.3105 0.8064
vn -0.3733 0.6981 0.6109
vn -0.5032 0.3105 0.8064
vn -0.6444 -0.7232 0.2485
vn -0.9366 -0.0000 0.3504
vn -0.8813 -0.3372 0.3311
vn -0.6444 0.7232 0.2485
vn -0.8813 0.3372 0.3311
vn -0.9366 -0.0000 -0.3504
vn -0.8813 -0.3372 -0.3311
vn -0.6444 0.7232 -0.2485
vn -0.8813 0.3372 -0.3311
vn -0.6444 -0.7232 -0.2485
vn -0.3733 0.6981 -0.6109
vn -0.5032 0.3105 -0.8064
vn -0.5032 -0.3105 -0.8064
vn -0.3733 -0.6981 -0.6109
vn -0.5304 -0.0000 -0.8478
vn -0.0000 -0.4090 -0.9125
vn 0.6453 -0.4090 -0.6453
vn 0.9125 -0.4090 -0.0000
vn 0.6453 -0.4090 0.6453
vn -0.0000 -0.4090 0.9125
vn -0.6453 -0.4090 0.6453
vn -0.9125 -0.4090 -0.0000
vn -0.6453 -0.4090 -0.6453
vn -0.0000 -0.6503 -0.7597
vn 0.6579 -0.6503 -0.3798
vn -0.0000 0.6503 -0.7597
vn 0.6579 0.6503 -0.3798
vn 0.8660 -0.0000 -0.5000
vn 0.6579 0.6503 0.3798
vn 0.8660 -0.0000 0.5000
vn 0.6579 -0.6503 0.3798
vn -0.0000 -0.6503 0.7597
vn -0.0000 0.6503 0.7597
vn -0.6579 -0.6503 0.3798
vn -0.6579 0.6503 0.3798
vn -0.8660 -0.0000 0.5000
vn -0.6579 -0.6503 -0.3798
vn -0.6579 0.6503 -0.3798
vn -0.8660 -0.0000 -0.5000
vn -0.0000 0.7572 -0.6532
vn -0.0000 0.7572 0.6532
vn 0.3786 0.6557 0.6532
vn 0.3786 0.6557 -0.6532
vn 0.6557 0.3786 0.6532
vn 0.6557 0.3786 -0.6532
vn 0.7572 -0.0000 0.6532
vn 0.7572 -0.0000 -0.6532
vn 0.6557 -0.3786 0.6532
vn 0.6557 -0.3786 -0.6532
vn 0.3786 -0.6557 0.6532
vn 0.3786 -0.6557 -0.6532
vn -0.0000 -0.7572 0.6532
vn -0.0000 -0.7572 -0.6532
vn -0.3786 -0.6557 0.6532
vn -0.3786 -0.6557 -0.6532
vn -0.6557 -0.3786 0.6532
vn -0.6557 -0.3786 -0.6532
vn -0.7572 -0.0000 0.6532
vn -0.7572 -0.0000 -0.6532
vn -0.6557 0.3786 0.6532
vn -0.6557 0.3786 -0.6532
vn -0.3786 0.6557 0.6532
vn -0.3786 0.6557 -0.6532
vn -0.0000 -0.7384 -0.6743
vn -0.0000 -0.3499 -0.9368
vn 0.5506 -0.3499 -0.7579
vn 0.3964 -0.7384 -0.5455
vn -0.0000 0.3499 -0.9368
vn 0.5506 0.3499 -0.7579
vn -0.0000 0.7384 -0.6743
vn 0.3964 0.7384 -0.5455
vn 0.8909 0.3499 -0.2895
vn 0.6413 0.7384 -0.2084
vn 0.6413 -0.7384 -0.2084
vn 0.8909 -0.3499 -0.2895
vn 0.6413 0.7384 0.2084
vn 0.6413 -0.7384 0.2084
vn 0.8909 -0.3499 0.2895
vn 0.8909 0.3499 0.2895
vn 0.3964 -0.7384 0.5455
vn 0.5506 -0.3499 0.7579
vn 0.3964 0.7384 0.5455
vn 0.5506 0.3499 0.7579
vn -0.0000 -0.7384 0.6743
vn -0.0000 -0.3499 0.9368
vn -0.0000 0.7384 0.6743
vn -0.0000 0.3499 0.9368
vn -0.3964 -0.7384 0.5455
vn -0.5506 -0.3499 0.7579
vn -0.3964 0.7384 0.5455
vn -0.5506 0.3499 0.7579
vn -0.8909 -0.3499 0.2895
vn -0.6413 0.7384 0.2084
vn -0.8909 0.3499 0.2895
vn -0.6413 -0.7384 0.2084
vn -0.6413 0.7384 -0.2084
vn -0.8909 0.3499 -0.2895
vn -0.8909 -0.3499 -0.2895
vn -0.6413 -0.7384 -0.2084
vn -0.5506 -0.3499 -0.7579
vn -0.3964 -0.7384 -0.5455
vn -0.5506 0.3499 -0.7579
vn -0.3964 0.7384 -0.5455
vn 0.5000 -0.0000 -0.8660
vn 0.5000 -0.0000 0.8660
vn -0.5000 -0.0000 0.8660
vn -0.5000 -0.0000 -0.8660
vn 0.3733 0.6982 0.6109
vn -0.3733 0.6982 -0.6109
vn 0.3733 -0.6982 -0.6109
vn -0.3733 -0.6982 0.6109
vn -0.0000 -0.9909 -0.1345
vn 0.0517 -0.9916 -0.1186
vn -0.0000 -0.9025 -0.4308
vn 0.4410 -0.0000 -0.8975
vn 0.1699 -0.9085 -0.3818
vn -0.0000 0.9025 -0.4308
vn -0.0000 0.9909 -0.1345
vn 0.0517 0.9916 -0.1186
vn 0.1699 0.9085 -0.3818
vn 0.0935 0.9931 -0.0713
vn 0.3104 0.9217 -0.2325
vn 0.3104 -0.9217 -0.2325
vn 0.0935 -0.9931 -0.0713
vn 0.8294 -0.0000 -0.5586
vn 0.3700 -0.9290 -0.0000
vn 0.1106 -0.9939 -0.0000
vn 0.3700 0.9290 -0.0000
vn 0.1106 0.9939 -0.0000
vn 0.3104 -0.9217 0.2325
vn 0.0935 -0.9931 0.0713
vn 0.3104 0.9217 0.2325
vn 0.8294 -0.0000 0.5586
vn 0.0935 0.9931 0.0713
vn 0.1699 -0.9085 0.3818
vn 0.0517 -0.9916 0.1186
vn 0.1699 0.9085 0.3818
vn 0.4410 -0.0000 0.8975
vn 0.0517 0.9916 0.1186
vn -0.0000 -0.9025 0.4308
vn -0.0000 -0.9909 0.1345
vn -0.0000 0.9025 0.4308
vn -0.0000 0.9909 0.1345
vn -0.1699 0.9085 0.3818
vn -0.4410 -0.0000 0.8975
vn -0.0517 0.9916 0.1186
vn -0.0517 -0.9916 0.1186
vn -0.1699 -0.9085 0.3818
vn -0.0935 0.9931 0.0713
vn -0.0935 -0.9931 0.0713
vn -0.8294 -0.0000 0.5586
vn -0.3104 -0.9217 0.2325
vn -0.3104 0.9217 0.2325
vn -0.1106 -0.9939 -0.0000
vn -0.3700 -0.9290 -0.0000
vn -0.1106 0.9939 -0.0000
vn -0.3700 0.9290 -0.0000
vn -0.0935 -0.9931 -0.0713
vn -0.8294 -0.0000 -0.5586
vn -0.3104 -0.9217 -0.2325
vn -0.0935 0.9931 -0.0713
vn -0.3104 0.9217 -0.2325
vn -0.0517 -0.9916 -0.1186
vn -0.4410 -0.0000 -0.8975
vn -0.1699 -0.9085 -0.3818
vn -0.0517 0.9916 -0.1186
vn -0.1699 0.9085 -0.3818
vt 0.379348 0.754545
vt 0.620652 0.754545
vt 0.620652 0.995455
vt 0.379348 0.995455
vt 0.379348 0.506452
vt 0.620652 0.506452
vt 0.620652 0.743548
vt 0.379348 0.743548
vt 0.629546 0.506452
vt 0.870455 0.506452
vt 0.870454 0.743548
vt 0.629546 0.743548
vt 0.379348 0.006452
vt 0.620652 0.006452
vt 0.620652 0.243548
vt 0.379348 0.243548
vt 0.379348 0.254545
vt 0.620652 0.254545
vt 0.620652 0.495455
vt 0.379348 0.495455
vt 0.129545 0.743548
vt 0.129545 0.750000
vt 0.125000 0.743548
vt 0.620652 0.000000
vt 0.625000 0.006452
vt 0.129545 0.506452
vt 0.125000 0.506452
vt 0.129545 0.500000
vt 0.625000 0.243548
vt 0.620652 0.250000
vt 0.370455 0.743548
vt 0.375000 0.743548
vt 0.370455 0.750000
vt 0.625000 0.754545
vt 0.620652 0.750000
vt 0.370455 0.506452
vt 0.370455 0.500000
vt 0.375000 0.506452
vt 0.625000 0.495455
vt 0.620652 0.500000
vt 0.379348 0.000000
vt 0.625000 0.254545
vt 0.625000 0.995455
vt 0.379054 0.760714
vt 0.620946 0.760714
vt 0.620946 0.989286
vt 0.379054 0.989286
vt 0.379054 0.508333
vt 0.620946 0.508333
vt 0.620946 0.741667
vt 0.379054 0.741667
vt 0.635714 0.508333
vt 0.864286 0.508333
vt 0.864286 0.741667
vt 0.635714 0.741667
vt 0.379054 0.008333
vt 0.620946 0.008333
vt 0.620946 0.241667
vt 0.379054 0.241667
vt 0.379054 0.260714
vt 0.620946 0.260714
vt 0.620946 0.489286
vt 0.379054 0.489286
vt 0.135714 0.741667
vt 0.135714 0.750000
vt 0.125000 0.741667
vt 0.620946 0.000000
vt 0.625000 0.008333
vt 0.135714 0.508333
vt 0.125000 0.508333
vt 0.135714 0.500000
vt 0.625000 0.241667
vt 0.620946 0.250000
vt 0.364286 0.741667
vt 0.375000 0.741667
vt 0.364286 0.750000
vt 0.625000 0.760714
vt 0.620946 0.750000
vt 0.364286 0.508333
vt 0.364286 0.500000
vt 0.375000 0.508333
vt 0.625000 0.489286
vt 0.620946 0.500000
vt 0.379054 0.000000
vt 0.625000 0.260714
vt 0.625000 0.989286
vt 1.000000 0.500000
vt 1.000000 1.000000
vt 0.928571 1.000000
vt 0.928571 0.500000
vt 0.857143 1.000000
vt 0.857143 0.500000
vt 0.785714 1.000000
vt 0.785714 0.500000
vt 0.714286 1.000000
vt 0.714286 0.500000
vt 0.642857 1.000000
vt 0.642857 0.500000
vt 0.571428 1.000000
vt 0.571428 0.500000
vt 0.500000 1.000000
vt 0.500000 0.500000
vt 0.428571 1.000000
vt 0.428571 0.500000
vt 0.357143 1.000000
vt 0.357143 0.500000
vt 0.285714 1.000000
vt 0.285714 0.500000
vt 0.214286 1.000000
vt 0.214286 0.500000
vt 0.142857 1.000000
vt 0.142857 0.500000
vt 0.354132 0.466233
vt 0.250000 0.490000
vt 0.145868 0.466233
vt 0.062360 0.399638
vt 0.016017 0.303405
vt 0.016017 0.196595
vt 0.062360 0.100362
vt 0.145868 0.033767
vt 0.250000 0.010000
vt 0.354132 0.033767
vt 0.437640 0.100362
vt 0.483983 0.196595
vt 0.483983 0.303405
vt 0.437640 0.399638
vt 0.071428 1.000000
vt 0.071428 0.500000
vt -0.000000 1.000000
vt -0.000000 0.500000
vt 0.750000 0.490000
vt 0.854132 0.466233
vt 0.937640 0.399638
vt 0.983983 0.303405
vt 0.983983 0.196595
vt 0.937640 0.100362
vt 0.854132 0.033767
vt 0.750000 0.010000
vt 0.645868 0.033767
vt 0.562360 0.100362
vt 0.516017 0.196595
vt 0.516017 0.303405
vt 0.562360 0.399638
vt 0.645868 0.466233
vt 0.714286 0.375000
vt 0.714286 0.500000
vt 0.642857 0.500000
vt 0.642857 0.375000
vt 0.714286 0.625000
vt 0.714286 0.750000
vt 0.642857 0.750000
vt 0.642857 0.625000
vt 0.714286 0.875000
vt 0.678571 1.000000
vt 0.642857 0.875000
vt 0.678571 0.000000
vt 0.714286 0.125000
vt 0.642857 0.125000
vt 0.714286 0.250000
vt 0.642857 0.250000
vt 0.607143 0.000000
vt 0.571429 0.125000
vt 0.571429 0.375000
vt 0.571429 0.250000
vt 0.571429 0.625000
vt 0.571429 0.500000
vt 0.571429 0.875000
vt 0.571429 0.750000
vt 0.607143 1.000000
vt 0.500000 0.875000
vt 0.500000 0.750000
vt 0.500000 0.250000
vt 0.500000 0.125000
vt 0.500000 0.500000
vt 0.500000 0.375000
vt 0.500000 0.625000
vt 0.535714 1.000000
vt 0.535714 0.000000
vt 0.428571 0.250000
vt 0.428571 0.125000
vt 0.428571 0.500000
vt 0.428571 0.375000
vt 0.428571 0.750000
vt 0.428571 0.625000
vt 0.464286 1.000000
vt 0.428571 0.875000
vt 0.464286 0.000000
vt 0.392857 1.000000
vt 0.357143 0.875000
vt 0.392857 0.000000
vt 0.357143 0.125000
vt 0.357143 0.375000
vt 0.357143 0.250000
vt 0.357143 0.625000
vt 0.357143 0.500000
vt 0.357143 0.750000
vt 0.285714 0.375000
vt 0.285714 0.250000
vt 0.285714 0.625000
vt 0.285714 0.500000
vt 0.285714 0.875000
vt 0.285714 0.750000
vt 0.285714 0.125000
vt 0.321429 1.000000
vt 0.321429 0.000000
vt 0.214286 0.250000
vt 0.214286 0.125000
vt 0.214286 0.500000
vt 0.214286 0.375000
vt 0.214286 0.750000
vt 0.214286 0.625000
vt 0.250000 1.000000
vt 0.214286 0.875000
vt 0.250000 0.000000
vt 0.142857 0.500000
vt 0.142857 0.375000
vt 0.142857 0.750000
vt 0.142857 0.625000
vt 0.178571 1.000000
vt 0.142857 0.875000
vt 0.178571 0.000000
vt 0.142857 0.125000
vt 0.142857 0.250000
vt 0.107143 0.000000
vt 0.071429 0.125000
vt 0.071429 0.375000
vt 0.071429 0.250000
vt 0.071429 0.625000
vt 0.071429 0.500000
vt 0.071429 0.875000
vt 0.071429 0.750000
vt 0.107143 1.000000
vt 0.000000 0.625000
vt 0.000000 0.500000
vt 0.000000 0.875000
vt 0.000000 0.750000
vt 0.000000 0.250000
vt 0.000000 0.125000
vt 0.000000 0.375000
vt 0.035714 1.000000
vt 0.035714 0.000000
vt 1.000000 0.125000
vt 1.000000 0.250000
vt 0.928571 0.250000
vt 0.928571 0.125000
vt 1.000000 0.375000
vt 0.928571 0.375000
vt 1.000000 0.625000
vt 1.000000 0.750000
vt 0.928571 0.750000
vt 0.928571 0.625000
vt 1.000000 0.875000
vt 0.964286 1.000000
vt 0.928571 0.875000
vt 0.964286 0.000000
vt 0.857143 0.750000
vt 0.857143 0.625000
vt 0.892857 1.000000
vt 0.857143 0.875000
vt 0.892857 0.000000
vt 0.857143 0.125000
vt 0.857143 0.375000
vt 0.857143 0.250000
vt 0.821429 0.000000
vt 0.785714 0.125000
vt 0.785714 0.375000
vt 0.785714 0.250000
vt 0.785714 0.625000
vt 0.785714 0.500000
vt 0.785714 0.875000
vt 0.785714 0.750000
vt 0.821429 1.000000
vt 0.750000 1.000000
vt 0.750000 0.000000
vt 0.354132 0.466233
vt 0.145868 0.466233
vt 0.062360 0.399638
vt 0.016017 0.303405
vt 0.016017 0.196595
vt 0.062360 0.100362
vt 0.145868 0.033767
vt 0.354132 0.033767
vt 0.854132 0.466233
vt 0.854132 0.033767
vt 0.645868 0.033767
vt 0.645868 0.466233
vt 0.375000 0.000000
vt 0.625000 0.000000
vt 0.625000 0.250000
vt 0.375000 0.250000
vt 0.625000 0.500000
vt 0.375000 0.500000
vt 0.625000 0.750000
vt 0.375000 0.750000
vt 0.625000 1.000000
vt 0.375000 1.000000
vt 0.125000 0.500000
vt 0.125000 0.750000
vt 0.875000 0.500000
vt 0.875000 0.750000
vt 0.875000 1.000000
vt 0.750000 0.500000
vt 0.500000 1.000000
vt 0.250000 0.500000
vt 0.419706 0.419706
vt 0.250000 0.490000
vt 0.080294 0.419706
vt 0.010000 0.250000
vt 0.080294 0.080294
vt 0.250000 0.010000
vt 0.419706 0.080294
vt 0.490000 0.250000
vt 0.125000 1.000000
vt 0.000000 1.000000
vt 0.750000 0.490000
vt 0.919706 0.419706
vt 0.990000 0.250000
vt 0.919706 0.080294
vt 0.750000 0.010000
vt 0.580294 0.080294
vt 0.510000 0.250000
vt 0.580294 0.419706
vt 0.750000 0.750000
vt 0.750000 0.250000
vt 0.687500 1.000000
vt 0.687500 0.000000
vt 0.562500 1.000000
vt 0.562500 0.000000
vt 0.437500 1.000000
vt 0.437500 0.000000
vt 0.250000 0.750000
vt 0.250000 0.250000
vt 0.312500 1.000000
vt 0.312500 0.000000
vt 0.187500 0.000000
vt 0.125000 0.250000
vt 0.187500 1.000000
vt 0.062500 0.000000
vt 0.062500 1.000000
vt 0.937500 0.000000
vt 0.875000 0.250000
vt 0.937500 1.000000
vt 0.812500 0.000000
vt 0.812500 1.000000
vt 0.457846 0.370000
vt 0.457846 0.130000
vt 0.042154 0.130000
vt 0.957846 0.370000
vt 0.957846 0.130000
vt 0.542154 0.130000
vt 0.542154 0.370000
vt 0.042154 0.370000
vt 0.650000 0.000000
vt 0.700000 0.166667
vt 0.600000 0.166667
vt 0.700000 0.333333
vt 0.700000 0.500000
vt 0.600000 0.500000
vt 0.600000 0.333333
vt 0.700000 0.666667
vt 0.700000 0.833333
vt 0.600000 0.833333
vt 0.600000 0.666667
vt 0.650000 1.000000
vt 0.500000 0.333333
vt 0.500000 0.833333
vt 0.500000 0.666667
vt 0.500000 0.166667
vt 0.550000 1.000000
vt 0.550000 0.000000
vt 0.400000 0.833333
vt 0.400000 0.666667
vt 0.400000 0.333333
vt 0.400000 0.166667
vt 0.400000 0.500000
vt 0.450000 1.000000
vt 0.450000 0.000000
vt 0.300000 0.333333
vt 0.300000 0.166667
vt 0.300000 0.666667
vt 0.300000 0.500000
vt 0.350000 1.000000
vt 0.300000 0.833333
vt 0.350000 0.000000
vt 0.200000 0.333333
vt 0.200000 0.166667
vt 0.200000 0.666667
vt 0.200000 0.500000
vt 0.200000 0.833333
vt 0.100000 0.333333
vt 0.100000 0.166667
vt 0.100000 0.666667
vt 0.100000 0.500000
vt 0.150000 1.000000
vt 0.100000 0.833333
vt 0.150000 0.000000
vt 0.000000 0.333333
vt 0.000000 0.166667
vt 0.000000 0.666667
vt 0.050000 1.000000
vt 0.000000 0.833333
vt 0.050000 0.000000
vt 1.000000 0.500000
vt 1.000000 0.666667
vt 0.900000 0.666667
vt 0.900000 0.500000
vt 1.000000 0.833333
vt 0.950000 1.000000
vt 0.900000 0.833333
vt 0.950000 0.000000
vt 1.000000 0.166667
vt 0.900000 0.166667
vt 1.000000 0.333333
vt 0.900000 0.333333
vt 0.850000 1.000000
vt 0.800000 0.833333
vt 0.850000 0.000000
vt 0.800000 0.166667
vt 0.800000 0.500000
vt 0.800000 0.333333
vt 0.800000 0.666667
vt 0.700000 0.833333
vt 0.700000 0.166667
vt 0.600000 0.666667
vt 0.400000 0.500000
vt 0.400000 0.333333
vt 0.400000 0.833333
vt 0.400000 0.666667
vt 0.400000 0.166667
vt 0.350000 1.000000
vt 0.350000 0.000000
vt 0.200000 0.166667
vt 0.200000 0.500000
vt 0.200000 0.833333
vt 0.100000 0.166667
vt 0.150000 1.000000
vt 0.100000 0.833333
vt 0.150000 0.000000
vt 0.000000 0.166667
vt 0.000000 0.833333
vt 1.000000 0.166667
vt 0.900000 0.333333
vt 0.900000 0.666667
vt 1.000000 0.833333
vt 0.800000 0.666667
vt 0.800000 0.833333
vt 0.800000 0.166667
vt 0.354132 0.466232
vt 0.145868 0.466232
vt 0.145868 0.033768
vt 0.354132 0.033768
vt 0.854132 0.466232
vt 0.854132 0.033768
vt 0.645868 0.033768
vt 0.645868 0.466232
vt 0.478254 0.324164
vt 0.391068 0.055836
vt 0.108932 0.055836
vt 0.978254 0.324164
vt 0.891068 0.055836
vt 0.608932 0.055836
vt 0.521746 0.324164
vt 0.021746 0.324164
vt 0.700000 0.666667
vt 0.200000 0.166667
vt 0.200000 0.833333
vt 0.200000 0.666667
vt 0.100000 0.666667
vt 0.000000 0.666667
vt 1.000000 0.666667
vt 0.850000 1.000000
vt 0.850000 0.000000
vt 0.490000 0.250000
vt 0.419706 0.080294
vt 0.250000 0.010000
vt 0.080294 0.080294
vt 0.010000 0.250000
vt 0.919706 0.080294
vt 0.750000 0.010000
vt 0.580294 0.080294
vt 0.080294 0.419706
vt 0.583333 0.000000
vt 0.666667 0.250000
vt 0.666667 0.500000
vt 0.666667 0.750000
vt 0.583333 1.000000
vt 0.333333 0.750000
vt 0.333333 0.500000
vt 0.333333 0.250000
vt 0.416667 1.000000
vt 0.416667 0.000000
vt 0.166667 0.250000
vt 0.166667 0.750000
vt 0.166667 0.500000
vt 0.083333 0.000000
vt 0.083333 1.000000
vt 0.916667 0.000000
vt 1.000000 0.250000
vt 0.833333 0.250000
vt 1.000000 0.750000
vt 0.833333 0.750000
vt 0.833333 0.500000
vt 0.916667 1.000000
vt 0.750000 0.000000
vt 0.750000 1.000000
vt 0.916667 0.500000
vt 0.833333 1.000000
vt 0.833333 0.500000
vt 0.750000 1.000000
vt 0.750000 0.500000
vt 0.666667 1.000000
vt 0.666667 0.500000
vt 0.583333 1.000000
vt 0.583333 0.500000
vt 0.500000 1.000000
vt 0.500000 0.500000
vt 0.416667 1.000000
vt 0.416667 0.500000
vt 0.333333 1.000000
vt 0.333333 0.500000
vt 0.250000 1.000000
vt 0.250000 0.500000
vt 0.166667 1.000000
vt 0.166667 0.500000
vt 0.370000 0.457846
vt 0.130000 0.457846
vt 0.042154 0.370000
vt 0.042154 0.130000
vt 0.130000 0.042154
vt 0.370000 0.042154
vt 0.457846 0.130000
vt 0.457846 0.370000
vt 0.083333 1.000000
vt 0.083333 0.500000
vt 0.000000 1.000000
vt 0.000000 0.500000
vt 0.870000 0.457846
vt 0.957846 0.370000
vt 0.957846 0.130000
vt 0.870000 0.042154
vt 0.630000 0.042154
vt 0.542154 0.130000
vt 0.542154 0.370000
vt 0.630000 0.457846
vt 0.130000 0.457846
vt 0.010000 0.250000
vt 0.042154 0.130000
vt 0.130000 0.042154
vt 0.457846 0.130000
vt 0.957846 0.130000
vt 0.542154 0.130000
vt 0.370000 0.457846
vt 0.130000 0.457846
vt 0.042154 0.370000
vt 0.042154 0.130000
vt 0.130000 0.042154
vt 0.370000 0.042154
vt 0.870000 0.457846
vt 0.870000 0.042154
vt 0.630000 0.042154
vt 0.630000 0.457846
vt 0.130000 0.042154
vt 0.370000 0.042154
vt 0.870000 0.042154
vt 0.630000 0.042154
vt 0.833333 1.000000
vt 0.666667 1.000000
vt 0.666667 0.500000
vt 0.500000 1.000000
vt 0.500000 0.500000
vt 0.333333 1.000000
vt 0.333333 0.500000
vt 0.166667 1.000000
vt 0.166667 0.500000
vt -0.000000 1.000000
vt -0.000000 0.500000
vt 0.600000 0.166667
vt 0.600000 0.833333
vt 0.500000 0.833333
vt 0.500000 0.166667
vt 0.400000 0.166667
vt 0.400000 0.833333
vt 0.900000 0.666667
vt 0.700000 0.333333
vt 0.650000 1.000000
vt 0.650000 0.000000
vt 0.300000 0.333333
vt 0.200000 0.333333
vt 0.100000 0.333333
vt 0.000000 0.333333
vt 1.000000 0.333333
vt 0.900000 0.333333
vt 0.800000 0.333333
vt 0.708333 0.000000
vt 0.750000 0.166667
vt 0.666667 0.166667
vt 0.750000 0.333333
vt 0.666667 0.333333
vt 0.750000 0.666667
vt 0.750000 0.833333
vt 0.666667 0.833333
vt 0.666667 0.666667
vt 0.708333 1.000000
vt 0.583333 0.833333
vt 0.583333 0.666667
vt 0.583333 0.333333
vt 0.583333 0.166667
vt 0.583333 0.500000
vt 0.541667 1.000000
vt 0.541667 0.000000
vt 0.416667 0.333333
vt 0.416667 0.166667
vt 0.416667 0.666667
vt 0.416667 0.500000
vt 0.458333 1.000000
vt 0.416667 0.833333
vt 0.458333 0.000000
vt 0.333333 0.333333
vt 0.333333 0.166667
vt 0.333333 0.666667
vt 0.333333 0.500000
vt 0.333333 0.833333
vt 0.250000 0.333333
vt 0.250000 0.166667
vt 0.250000 0.666667
vt 0.291667 1.000000
vt 0.250000 0.833333
vt 0.291667 0.000000
vt 0.166667 0.666667
vt 0.208333 1.000000
vt 0.166667 0.833333
vt 0.208333 0.000000
vt 0.166667 0.166667
vt 0.166667 0.333333
vt 0.083333 0.833333
vt 0.125000 0.000000
vt 0.083333 0.166667
vt 0.083333 0.500000
vt 0.083333 0.333333
vt 0.083333 0.666667
vt 0.041667 0.000000
vt 0.041667 1.000000
vt 0.958333 0.000000
vt 1.000000 0.166667
vt 0.916667 0.166667
vt 1.000000 0.333333
vt 0.916667 0.500000
vt 0.916667 0.333333
vt 1.000000 0.666667
vt 1.000000 0.833333
vt 0.916667 0.833333
vt 0.916667 0.666667
vt 0.958333 1.000000
vt 0.875000 0.000000
vt 0.833333 0.166667
vt 0.833333 0.333333
vt 0.833333 0.833333
vt 0.833333 0.666667
vt 0.791667 1.000000
vt 0.791667 0.000000
vt 0.750000 0.833333
vt 0.666667 0.833333
vt 0.750000 0.166667
vt 0.666667 0.166667
vt 0.583333 0.166667
vt 0.583333 0.833333
vt 0.500000 0.666667
vt 0.416667 0.833333
vt 0.416667 0.666667
vt 0.416667 0.166667
vt 0.333333 0.166667
vt 0.333333 0.666667
vt 0.333333 0.833333
vt 0.250000 0.166667
vt 0.250000 0.666667
vt 0.250000 0.833333
vt 0.166667 0.166667
vt 0.166667 0.666667
vt 0.166667 0.833333
vt 0.083333 0.333333
vt 0.083333 0.166667
vt 0.083333 0.666667
vt 0.083333 0.833333
vt 1.000000 0.833333
vt 0.916667 0.833333
vt 1.000000 0.166667
vt 0.916667 0.166667
vt 1.000000 0.666667
vt 0.916667 0.666667
vt 0.833333 0.166667
vt 0.833333 0.333333
vt 0.833333 0.833333
vt 0.833333 0.666667
vt 0.250000 0.333333
vt 0.250000 0.666667
vt 0.041667 0.000000
vt 0.041667 1.000000
vt 0.958333 0.000000
vt 0.958333 1.000000
vt 0.083333 0.666667
vt 0.833333 0.666667
vt 0.750000 0.166667
vt 0.750000 0.833333
vt 0.583333 0.666667
vt 0.458333 0.000000
vt 0.458333 1.000000
vt 0.291667 1.000000
vt 0.291667 0.000000
vt 0.208333 1.000000
vt 0.208333 0.000000
vt 0.083333 0.166667
vt 0.083333 0.500000
vt 0.125000 1.000000
vt 0.083333 0.833333
vt 0.125000 0.000000
vt 0.833333 0.500000
vt 0.875000 1.000000
vt 0.833333 0.833333
vt 0.875000 0.000000
vt 0.833333 0.166667
s 0
usemtl LimeBrick
f 15/1/1 17/2/1 4/3/1 2/4/1
f 21/5/2 23/6/2 18/7/2 14/8/2
f 22/9/3 10/10/3 5/11/3 16/12/3
f 3/13/4 6/14/4 12/15/4 8/16/4
f 9/17/5 11/18/5 24/19/5 20/20/5
f 1/21/6 2/22/6 3/23/6
f 4/24/7 5/25/7 6/14/7
f 7/26/8 8/27/8 9/28/8
f 10/29/9 11/30/9 12/15/9
f 13/31/10 14/32/10 15/33/10
f 16/34/11 17/2/11 18/35/11
f 19/36/12 20/37/12 21/38/12
f 22/39/13 23/40/13 24/19/13
f 7/26/14 1/21/14 3/23/14 8/27/14
f 2/41/15 4/24/15 6/14/15 3/13/15
f 5/25/16 10/29/16 12/15/16 6/14/16
f 11/18/17 9/17/17 8/16/17 12/15/17
f 19/36/18 7/26/18 9/28/18 20/37/18
f 10/42/19 22/39/19 24/19/19 11/18/19
f 23/6/20 21/5/20 20/20/20 24/19/20
f 13/31/21 19/36/21 21/5/21 14/8/21
f 22/9/22 16/12/22 18/7/22 23/6/22
f 17/2/23 15/1/23 14/8/23 18/7/23
f 1/21/24 13/31/24 15/33/24 2/22/24
f 16/34/25 5/43/25 4/3/25 17/2/25
f 7/26/26 19/36/26 13/31/26 1/21/26
f 39/44/1 41/45/1 28/46/1 26/47/1
f 45/48/2 47/49/2 42/50/2 38/51/2
f 46/52/3 34/53/3 29/54/3 40/55/3
f 27/56/4 30/57/4 36/58/4 32/59/4
f 33/60/5 35/61/5 48/62/5 44/63/5
f 25/64/27 26/65/27 27/66/27
f 28/67/28 29/68/28 30/57/28
f 31/69/29 32/70/29 33/71/29
f 34/72/30 35/73/30 36/58/30
f 37/74/31 38/75/31 39/76/31
f 40/77/32 41/45/32 42/78/32
f 43/79/33 44/80/33 45/81/33
f 46/82/34 47/83/34 48/62/34
f 31/69/14 25/64/14 27/66/14 32/70/14
f 26/84/15 28/67/15 30/57/15 27/56/15
f 29/68/16 34/72/16 36/58/16 30/57/16
f 35/61/17 33/60/17 32/59/17 36/58/17
f 43/79/18 31/69/18 33/71/18 44/80/18
f 34/85/19 46/82/19 48/62/19 35/61/19
f 47/49/20 45/48/20 44/63/20 48/62/20
f 37/74/21 43/79/21 45/48/21 38/51/21
f 46/52/22 40/55/22 42/50/22 47/49/22
f 41/45/23 39/44/23 38/51/23 42/50/23
f 25/64/24 37/74/24 39/76/24 26/65/24
f 40/77/25 29/86/25 28/46/25 41/45/25
f 31/69/26 43/79/26 37/74/26 25/64/26
f 49/87/35 50/88/35 52/89/35 51/90/35
f 51/90/36 52/89/36 54/91/36 53/92/36
f 53/92/37 54/91/37 56/93/37 55/94/37
f 55/94/2 56/93/2 58/95/2 57/96/2
f 57/96/38 58/95/38 60/97/38 59/98/38
f 59/98/39 60/97/39 62/99/39 61/100/39
f 61/100/40 62/99/40 64/101/40 63/102/40
f 63/102/41 64/101/41 66/103/41 65/104/41
f 65/104/42 66/103/42 68/105/42 67/106/42
f 67/106/43 68/105/43 70/107/43 69/108/43
f 69/108/4 70/107/4 72/109/4 71/110/4
f 71/110/44 72/109/44 74/111/44 73/112/44
f 52/113/3 50/114/3 76/115/3 74/116/3 72/117/3 70/118/3 68/119/3 66/120/3 64/121/3 62/122/3 60/123/3 58/124/3 56/125/3 54/126/3
f 73/112/45 74/111/45 76/127/45 75/128/45
f 75/128/46 76/127/46 50/129/46 49/130/46
f 49/131/26 51/132/26 53/133/26 55/134/26 57/135/26 59/136/26 61/137/26 63/138/26 65/139/26 67/140/26 69/141/26 71/142/26 73/143/26 75/144/26
f 213/287/4 214/288/4 216/289/4 215/290/4
f 215/290/5 216/289/5 220/291/5 219/292/5
f 219/292/2 220/291/2 218/293/2 217/294/2
f 217/294/1 218/293/1 214/295/1 213/296/1
f 215/297/26 219/292/26 217/294/26 213/298/26
f 220/291/3 216/299/3 214/300/3 218/293/3
f 221/287/4 222/288/4 224/289/4 223/290/4
f 223/290/5 224/289/5 228/291/5 227/292/5
f 227/292/2 228/291/2 226/293/2 225/294/2
f 225/294/1 226/293/1 222/295/1 221/296/1
f 223/297/26 227/292/26 225/294/26 221/298/26
f 228/291/3 224/299/3 222/300/3 226/293/3
f 229/287/4 230/288/4 232/289/4 231/290/4
f 231/290/5 232/289/5 236/291/5 235/292/5
f 235/292/2 236/291/2 234/293/2 233/294/2
f 233/294/1 234/293/1 230/295/1 229/296/1
f 231/297/26 235/292/26 233/294/26 229/298/26
f 236/291/3 232/299/3 230/300/3 234/293/3
f 2110/287/4 2111/288/4 2113/289/4 2112/290/4
f 2112/290/5 2113/289/5 2117/291/5 2116/292/5
f 2116/292/2 2117/291/2 2115/293/2 2114/294/2
f 2114/294/1 2115/293/1 2111/295/1 2110/296/1
f 2112/297/26 2116/292/26 2114/294/26 2110/298/26
f 2117/291/3 2113/299/3 2111/300/3 2115/293/3
s 1
usemtl SlimeDark
f 80/145/47 79/146/5 86/147/48 87/148/49
f 78/149/50 174/150/51 84/151/52 85/152/53
f 77/153/54 82/154/3 83/155/55
f 176/156/26 81/157/56 89/158/57
f 175/159/58 80/145/47 87/148/49 88/160/59
f 79/146/5 78/149/50 85/152/53 86/147/48
f 174/150/51 77/153/54 83/155/55 84/151/52
f 81/157/56 175/159/58 88/160/59 89/158/57
f 176/161/26 89/158/57 96/162/60
f 88/160/59 87/148/49 94/163/61 95/164/62
f 86/147/48 85/152/53 92/165/63 93/166/64
f 84/151/52 83/155/55 90/167/65 91/168/66
f 89/158/57 88/160/59 95/164/62 96/162/60
f 87/148/49 86/147/48 93/166/64 94/163/61
f 85/152/53 84/151/52 91/168/66 92/165/63
f 83/155/55 82/169/3 90/167/65
f 91/168/66 90/167/65 97/170/67 98/171/68
f 96/162/60 95/164/62 102/172/69 103/173/70
f 94/163/61 93/166/64 100/174/71 101/175/72
f 92/165/63 91/168/66 98/171/68 99/176/73
f 90/167/65 82/177/3 97/170/67
f 176/178/26 96/162/60 103/173/70
f 95/164/62 94/163/61 101/175/72 102/172/69
f 93/166/64 92/165/63 99/176/73 100/174/71
f 103/173/70 102/172/69 109/179/74 110/180/75
f 101/175/72 100/174/71 107/181/76 108/182/77
f 99/176/73 98/171/68 105/183/78 106/184/79
f 97/170/67 82/185/3 104/186/80
f 176/187/26 103/173/70 110/180/75
f 102/172/69 101/175/72 108/182/77 109/179/74
f 100/174/71 99/176/73 106/184/79 107/181/76
f 98/171/68 97/170/67 104/186/80 105/183/78
f 104/186/80 82/188/3 111/189/81
f 176/190/26 110/180/75 117/191/82
f 109/179/74 108/182/77 115/192/83 116/193/84
f 107/181/76 106/184/79 113/194/85 114/195/86
f 105/183/78 104/186/80 111/189/81 112/196/87
f 110/180/75 109/179/74 116/193/84 117/191/82
f 108/182/77 107/181/76 114/195/86 115/192/83
f 106/184/79 105/183/78 112/196/87 113/194/85
f 116/193/84 115/192/83 122/197/88 123/198/89
f 114/195/86 113/194/85 120/199/90 121/200/91
f 112/196/87 111/189/81 118/201/92 119/202/93
f 117/191/82 116/193/84 123/198/89 124/203/94
f 115/192/83 114/195/86 121/200/91 122/197/88
f 113/194/85 112/196/87 119/202/93 120/199/90
f 111/189/81 82/204/3 118/201/92
f 176/205/26 117/191/82 124/203/94
f 124/203/94 123/198/89 130/206/95 131/207/96
f 122/197/88 121/200/91 128/208/1 129/209/97
f 120/199/90 119/202/93 126/210/98 127/211/99
f 118/201/92 82/212/3 125/213/100
f 176/214/26 124/203/94 131/207/96
f 123/198/89 122/197/88 129/209/97 130/206/95
f 121/200/91 120/199/90 127/211/99 128/208/1
f 119/202/93 118/201/92 125/213/100 126/210/98
f 129/209/97 128/208/1 135/215/101 136/216/102
f 127/211/99 126/210/98 133/217/103 134/218/104
f 125/213/100 82/219/3 132/220/105
f 176/221/26 131/207/96 138/222/106
f 130/206/95 129/209/97 136/216/102 137/223/107
f 128/208/1 127/211/99 134/218/104 135/215/101
f 126/210/98 125/213/100 132/220/105 133/217/103
f 131/207/96 130/206/95 137/223/107 138/222/106
f 176/224/26 138/222/106 145/225/108
f 137/223/107 136/216/102 143/226/109 144/227/110
f 135/215/101 134/218/104 141/228/111 142/229/112
f 133/217/103 132/220/105 139/230/113 140/231/114
f 138/222/106 137/223/107 144/227/110 145/225/108
f 136/216/102 135/215/101 142/229/112 143/226/109
f 134/218/104 133/217/103 140/231/114 141/228/111
f 132/220/105 82/232/3 139/230/113
f 142/229/112 141/228/111 148/233/115 149/234/116
f 140/231/114 139/230/113 146/235/117 147/236/118
f 145/225/108 144/227/110 151/237/119 152/238/120
f 143/226/109 142/229/112 149/234/116 150/239/121
f 141/228/111 140/231/114 147/236/118 148/233/115
f 139/230/113 82/240/3 146/235/117
f 176/241/26 145/225/108 152/238/120
f 144/227/110 143/226/109 150/239/121 151/237/119
f 152/242/120 151/243/119 158/244/122 159/245/123
f 150/246/121 149/87/116 156/90/124 157/247/125
f 148/248/115 147/249/118 154/250/126 155/251/127
f 146/252/117 82/253/3 153/254/128
f 176/255/26 152/242/120 159/245/123
f 151/243/119 150/246/121 157/247/125 158/244/122
f 149/87/116 148/248/115 155/251/127 156/90/124
f 147/249/118 146/252/117 153/254/128 154/250/126
f 155/251/127 154/250/126 161/256/129 162/257/130
f 153/254/128 82/258/3 160/259/131
f 176/260/26 159/245/123 166/261/132
f 158/244/122 157/247/125 164/262/133 165/263/134
f 156/90/124 155/251/127 162/257/130 163/92/135
f 154/250/126 153/254/128 160/259/131 161/256/129
f 159/245/123 158/244/122 165/263/134 166/261/132
f 157/247/125 156/90/124 163/92/135 164/262/133
f 176/264/26 166/261/132 173/265/136
f 165/263/134 164/262/133 171/266/137 172/267/138
f 163/92/135 162/257/130 169/268/139 170/269/140
f 161/256/129 160/259/131 167/270/141 168/271/142
f 166/261/132 165/263/134 172/267/138 173/265/136
f 164/262/133 163/92/135 170/269/140 171/266/137
f 162/257/130 161/256/129 168/271/142 169/268/139
f 160/259/131 82/272/3 167/270/141
f 168/271/142 167/270/141 77/153/54 174/150/51
f 173/265/136 172/267/138 175/159/58 81/157/56
f 171/266/137 170/269/140 79/146/5 80/145/47
f 169/268/139 168/271/142 174/150/51 78/149/50
f 167/270/141 82/273/3 77/153/54
f 176/274/26 173/265/136 81/157/56
f 172/267/138 171/266/137 80/145/47 175/159/58
f 170/269/140 169/268/139 78/149/50 79/146/5
f 177/87/143 178/88/144 180/89/145 179/90/146
f 179/90/146 180/89/145 182/91/147 181/92/148
f 181/92/148 182/91/147 184/93/149 183/94/150
f 183/94/150 184/93/149 186/95/151 185/96/152
f 185/96/152 186/95/151 188/97/153 187/98/154
f 187/98/154 188/97/153 190/99/155 189/100/156
f 189/100/156 190/99/155 192/101/157 191/102/158
f 191/102/158 192/101/157 194/103/159 193/104/160
f 193/104/160 194/103/159 196/105/161 195/106/162
f 195/106/162 196/105/161 198/107/163 197/108/164
f 197/108/164 198/107/163 200/109/165 199/110/166
f 199/110/166 200/109/165 202/111/167 201/112/168
f 180/275/145 178/114/144 204/276/169 202/277/167 200/278/165 198/279/163 196/280/161 194/281/159 192/121/157 190/282/155 188/123/153 186/124/151 184/125/149 182/126/147
f 201/112/168 202/111/167 204/127/169 203/128/170
f 203/128/170 204/127/169 178/129/144 177/130/143
f 177/131/143 179/283/146 181/133/148 183/134/150 185/135/152 187/136/154 189/284/156 191/138/158 193/285/160 195/140/162 197/141/164 199/142/166 201/143/168 203/286/170
f 321/287/195 322/288/196 324/289/197 323/290/198
f 323/290/198 324/289/197 328/291/34 327/292/33
f 327/292/33 328/291/34 326/293/32 325/294/199
f 325/294/199 326/293/32 322/295/196 321/296/195
f 323/297/198 327/292/33 325/294/199 321/298/195
f 328/291/34 324/299/197 322/300/196 326/293/32
f 329/287/195 330/288/196 332/289/197 331/290/198
f 331/290/198 332/289/197 336/291/34 335/292/33
f 335/292/33 336/291/34 334/293/32 333/294/199
f 333/294/199 334/293/32 330/295/196 329/296/195
f 331/297/198 335/292/33 333/294/199 329/298/195
f 336/291/34 332/299/197 330/300/196 334/293/32
f 387/353/26 402/354/206 355/355/207
f 401/356/208 400/357/5 353/358/209 354/359/210
f 399/360/211 398/361/212 351/362/213 352/363/214
f 402/354/206 401/356/208 354/359/210 355/355/207
f 400/357/5 399/360/211 352/363/214 353/358/209
f 398/361/212 381/364/3 351/362/213
f 354/359/210 353/358/209 358/174/215 359/365/216
f 352/363/214 351/362/213 356/366/217 357/367/218
f 355/355/207 354/359/210 359/365/216 360/368/219
f 353/358/209 352/363/214 357/367/218 358/174/215
f 351/362/213 381/369/3 356/366/217
f 387/370/26 355/355/207 360/368/219
f 357/367/218 356/366/217 361/371/220 362/372/221
f 360/368/219 359/365/216 364/373/222 365/374/223
f 358/174/215 357/367/218 362/372/221 363/375/224
f 356/366/217 381/376/3 361/371/220
f 387/377/26 360/368/219 365/374/223
f 359/365/216 358/174/215 363/375/224 364/373/222
f 365/374/223 364/373/222 369/378/225 370/379/226
f 363/375/224 362/372/221 367/380/227 368/381/228
f 361/371/220 381/382/3 366/383/229
f 387/384/26 365/374/223 370/379/226
f 364/373/222 363/375/224 368/381/228 369/378/225
f 362/372/221 361/371/220 366/383/229 367/380/227
f 370/379/226 369/378/225 374/385/230 375/386/231
f 368/381/228 367/380/227 372/387/232 373/388/1
f 366/383/229 381/212/3 371/389/233
f 387/214/26 370/379/226 375/386/231
f 369/378/225 368/381/228 373/388/1 374/385/230
f 367/380/227 366/383/229 371/389/233 372/387/232
f 375/386/231 374/385/230 379/390/234 380/391/235
f 373/388/1 372/387/232 377/392/236 378/393/237
f 371/389/233 381/394/3 376/395/238
f 387/396/26 375/386/231 380/391/235
f 374/385/230 373/388/1 378/393/237 379/390/234
f 372/387/232 371/389/233 376/395/238 377/392/236
f 380/391/235 379/390/234 385/397/239 386/398/240
f 378/393/237 377/392/236 383/399/241 384/234/242
f 376/395/238 381/400/3 382/401/243
f 387/402/26 380/391/235 386/398/240
f 379/390/234 378/393/237 384/234/242 385/397/239
f 377/392/236 376/395/238 382/401/243 383/399/241
f 384/403/242 383/404/241 389/405/244 390/406/245
f 382/407/243 381/408/3 388/409/246
f 387/410/26 386/411/240 392/412/247
f 385/413/239 384/403/242 390/406/245 391/414/248
f 383/404/241 382/407/243 388/409/246 389/405/244
f 386/411/240 385/413/239 391/414/248 392/412/247
f 388/409/246 381/415/3 393/416/249
f 387/417/26 392/412/247 397/418/250
f 391/414/248 390/406/245 395/419/251 396/420/252
f 389/405/244 388/409/246 393/416/249 394/421/253
f 392/412/247 391/414/248 396/420/252 397/418/250
f 390/406/245 389/405/244 394/421/253 395/419/251
f 387/274/26 397/418/250 402/354/206
f 396/420/252 395/419/251 400/357/5 401/356/208
f 394/421/253 393/416/249 398/361/212 399/360/211
f 397/418/250 396/420/252 401/356/208 402/354/206
f 395/419/251 394/421/253 399/360/211 400/357/5
f 393/416/249 381/273/3 398/361/212
f 452/357/5 451/360/211 404/363/214 405/358/209
f 450/361/212 433/364/3 403/362/213
f 439/353/26 454/354/206 407/355/207
f 453/356/208 452/357/5 405/358/209 406/359/210
f 451/360/211 450/361/212 403/362/213 404/363/214
f 454/354/206 453/356/208 406/359/210 407/355/207
f 439/370/26 407/355/207 412/368/219
f 406/359/210 405/358/209 410/174/215 411/365/216
f 404/363/214 403/362/213 408/366/217 409/367/218
f 407/355/207 406/359/210 411/365/216 412/368/219
f 405/358/209 404/363/214 409/367/218 410/174/215
f 403/362/213 433/369/3 408/366/217
f 439/377/26 412/368/219 417/374/223
f 411/365/216 410/174/215 415/375/224 416/373/222
f 409/367/218 408/366/217 413/371/220 414/372/221
f 412/368/219 411/365/216 416/373/222 417/374/223
f 410/174/215 409/367/218 414/372/221 415/375/224
f 408/366/217 433/376/3 413/371/220
f 416/373/222 415/375/224 420/381/228 421/378/225
f 414/372/221 413/371/220 418/383/229 419/380/227
f 417/374/223 416/373/222 421/378/225 422/379/226
f 415/375/224 414/372/221 419/380/227 420/381/228
f 413/371/220 433/382/3 418/383/229
f 439/384/26 417/374/223 422/379/226
f 419/380/227 418/383/229 423/389/233 424/387/232
f 422/379/226 421/378/225 426/385/230 427/386/231
f 420/381/228 419/380/227 424/387/232 425/388/1
f 418/383/229 433/212/3 423/389/233
f 439/214/26 422/379/226 427/386/231
f 421/378/225 420/381/228 425/388/1 426/385/230
f 427/386/231 426/385/230 431/390/234 432/391/235
f 425/388/1 424/387/232 429/392/236 430/393/237
f 423/389/233 433/394/3 428/395/238
f 439/396/26 427/386/231 432/391/235
f 426/385/230 425/388/1 430/393/237 431/390/234
f 424/387/232 423/389/233 428/395/238 429/392/236
f 432/391/235 431/390/234 437/397/239 438/398/240
f 430/393/237 429/392/236 435/399/241 436/234/242
f 428/395/238 433/400/3 434/401/243
f 439/402/26 432/391/235 438/398/240
f 431/390/234 430/393/237 436/234/242 437/397/239
f 429/392/236 428/395/238 434/401/243 435/399/241
f 438/411/240 437/413/239 443/414/248 444/412/247
f 436/403/242 435/404/241 441/405/244 442/406/245
f 434/407/243 433/408/3 440/409/246
f 439/410/26 438/411/240 444/412/247
f 437/413/239 436/403/242 442/406/245 443/414/248
f 435/404/241 434/407/243 440/409/246 441/405/244
f 444/412/247 443/414/248 448/420/252 449/418/250
f 442/406/245 441/405/244 446/421/253 447/419/251
f 440/409/246 433/415/3 445/416/249
f 439/417/26 444/412/247 449/418/250
f 443/414/248 442/406/245 447/419/251 448/420/252
f 441/405/244 440/409/246 445/416/249 446/421/253
f 447/419/251 446/421/253 451/360/211 452/357/5
f 445/416/249 433/273/3 450/361/212
f 439/274/26 449/418/250 454/354/206
f 448/420/252 447/419/251 452/357/5 453/356/208
f 446/421/253 445/416/249 450/361/212 451/360/211
f 449/418/250 448/420/252 453/356/208 454/354/206
f 491/353/26 506/354/206 459/355/207
f 505/356/208 504/357/5 457/358/209 458/359/210
f 503/360/211 502/361/212 455/362/213 456/363/214
f 506/354/206 505/356/208 458/359/210 459/355/207
f 504/357/5 503/360/211 456/363/214 457/358/209
f 502/361/212 485/364/3 455/362/213
f 458/359/210 457/358/209 462/174/215 463/365/216
f 456/363/214 455/362/213 460/366/217 461/367/218
f 459/355/207 458/359/210 463/365/216 464/368/219
f 457/358/209 456/363/214 461/367/218 462/174/215
f 455/362/213 485/369/3 460/366/217
f 491/370/26 459/355/207 464/368/219
f 461/367/218 460/366/217 465/371/220 466/372/221
f 464/368/219 463/365/216 468/373/222 469/374/223
f 462/174/215 461/367/218 466/372/221 467/375/224
f 460/366/217 485/376/3 465/371/220
f 491/377/26 464/368/219 469/374/223
f 463/365/216 462/174/215 467/375/224 468/373/222
f 469/374/223 468/373/222 473/378/225 474/379/226
f 467/375/224 466/372/221 471/380/227 472/381/228
f 465/371/220 485/382/3 470/383/229
f 491/384/26 469/374/223 474/379/226
f 468/373/222 467/375/224 472/381/228 473/378/225
f 466/372/221 465/371/220 470/383/229 471/380/227
f 474/379/226 473/378/225 478/385/230 479/386/231
f 472/381/228 471/380/227 476/387/232 477/388/1
f 470/383/229 485/212/3 475/389/233
f 491/214/26 474/379/226 479/386/231
f 473/378/225 472/381/228 477/388/1 478/385/230
f 471/380/227 470/383/229 475/389/233 476/387/232
f 479/386/231 478/385/230 483/390/234 484/391/235
f 477/388/1 476/387/232 481/392/236 482/393/237
f 475/389/233 485/394/3 480/395/238
f 491/396/26 479/386/231 484/391/235
f 478/385/230 477/388/1 482/393/237 483/390/234
f 476/387/232 475/389/233 480/395/238 481/392/236
f 484/391/235 483/390/234 489/397/239 490/398/240
f 482/393/237 481/392/236 487/399/241 488/234/242
f 480/395/238 485/400/3 486/401/243
f 491/402/26 484/391/235 490/398/240
f 483/390/234 482/393/237 488/234/242 489/397/239
f 481/392/236 480/395/238 486/401/243 487/399/241
f 488/403/242 487/404/241 493/405/244 494/406/245
f 486/407/243 485/408/3 492/409/246
f 491/410/26 490/411/240 496/412/247
f 489/413/239 488/403/242 494/406/245 495/414/248
f 487/404/241 486/407/243 492/409/246 493/405/244
f 490/411/240 489/413/239 495/414/248 496/412/247
f 492/409/246 485/415/3 497/416/249
f 491/417/26 496/412/247 501/418/250
f 495/414/248 494/406/245 499/419/251 500/420/252
f 493/405/244 492/409/246 497/416/249 498/421/253
f 496/412/247 495/414/248 500/420/252 501/418/250
f 494/406/245 493/405/244 498/421/253 499/419/251
f 491/274/26 501/418/250 506/354/206
f 500/420/252 499/419/251 504/357/5 505/356/208
f 498/421/253 497/416/249 502/361/212 503/360/211
f 501/418/250 500/420/252 505/356/208 506/354/206
f 499/419/251 498/421/253 503/360/211 504/357/5
f 497/416/249 485/273/3 502/361/212
f 558/354/206 557/356/208 510/359/210 511/355/207
f 556/357/5 555/360/211 508/363/214 509/358/209
f 554/361/212 537/364/3 507/362/213
f 543/353/26 558/354/206 511/355/207
f 557/356/208 556/357/5 509/358/209 510/359/210
f 555/360/211 554/361/212 507/362/213 508/363/214
f 511/355/207 510/359/210 515/365/216 516/368/219
f 509/358/209 508/363/214 513/367/218 514/174/215
f 507/362/213 537/369/3 512/366/217
f 543/370/26 511/355/207 516/368/219
f 510/359/210 509/358/209 514/174/215 515/365/216
f 508/363/214 507/362/213 512/366/217 513/367/218
f 514/174/215 513/367/218 518/372/221 519/375/224
f 512/366/217 537/376/3 517/371/220
f 543/377/26 516/368/219 521/374/223
f 515/365/216 514/174/215 519/375/224 520/373/222
f 513/367/218 512/366/217 517/371/220 518/372/221
f 516/368/219 515/365/216 520/373/222 521/374/223
f 517/371/220 537/382/3 522/383/229
f 543/384/26 521/374/223 526/379/226
f 520/373/222 519/375/224 524/381/228 525/378/225
f 518/372/221 517/371/220 522/383/229 523/380/227
f 521/374/223 520/373/222 525/378/225 526/379/226
f 519/375/224 518/372/221 523/380/227 524/381/228
f 543/214/26 526/379/226 531/386/231
f 525/378/225 524/381/228 529/388/1 530/385/230
f 523/380/227 522/383/229 527/389/233 528/387/232
f 526/379/226 525/378/225 530/385/230 531/386/231
f 524/381/228 523/380/227 528/387/232 529/388/1
f 522/383/229 537/212/3 527/389/233
f 543/396/26 531/386/231 536/391/235
f 530/385/230 529/388/1 534/393/237 535/390/234
f 528/387/232 527/389/233 532/395/238 533/392/236
f 531/386/231 530/385/230 535/390/234 536/391/235
f 529/388/1 528/387/232 533/392/236 534/393/237
f 527/389/233 537/394/3 532/395/238
f 543/402/26 536/391/235 542/398/240
f 535/390/234 534/393/237 540/234/242 541/397/239
f 533/392/236 532/395/238 538/401/243 539/399/241
f 536/391/235 535/390/234 541/397/239 542/398/240
f 534/393/237 533/392/236 539/399/241 540/234/242
f 532/395/238 537/400/3 538/401/243
f 541/413/239 540/403/242 546/406/245 547/414/248
f 539/404/241 538/407/243 544/409/246 545/405/244
f 542/411/240 541/413/239 547/414/248 548/412/247
f 540/403/242 539/404/241 545/405/244 546/406/245
f 538/407/243 537/408/3 544/409/246
f 543/410/26 542/411/240 548/412/247
f 545/405/244 544/409/246 549/416/249 550/421/253
f 548/412/247 547/414/248 552/420/252 553/418/250
f 546/406/245 545/405/244 550/421/253 551/419/251
f 544/409/246 537/415/3 549/416/249
f 543/417/26 548/412/247 553/418/250
f 547/414/248 546/406/245 551/419/251 552/420/252
f 553/418/250 552/420/252 557/356/208 558/354/206
f 551/419/251 550/421/253 555/360/211 556/357/5
f 549/416/249 537/273/3 554/361/212
f 543/274/26 553/418/250 558/354/206
f 552/420/252 551/419/251 556/357/5 557/356/208
f 550/421/253 549/416/249 554/361/212 555/360/211
f 606/361/212 589/364/3 559/362/213
f 595/353/26 610/354/206 563/355/207
f 609/356/208 608/357/5 561/358/209 562/359/210
f 607/360/211 606/361/212 559/362/213 560/363/214
f 610/354/206 609/356/208 562/359/210 563/355/207
f 608/357/5 607/360/211 560/363/214 561/358/209
f 595/370/26 563/355/207 568/368/219
f 562/359/210 561/358/209 566/174/215 567/365/216
f 560/363/214 559/362/213 564/366/217 565/367/218
f 563/355/207 562/359/210 567/365/216 568/368/219
f 561/358/209 560/363/214 565/367/218 566/174/215
f 559/362/213 589/369/3 564/366/217
f 567/365/216 566/174/215 571/375/224 572/373/222
f 565/367/218 564/366/217 569/371/220 570/372/221
f 568/368/219 567/365/216 572/373/222 573/374/223
f 566/174/215 565/367/218 570/372/221 571/375/224
f 564/366/217 589/376/3 569/371/220
f 595/377/26 568/368/219 573/374/223
f 570/372/221 569/371/220 574/383/229 575/380/227
f 573/374/223 572/373/222 577/378/225 578/379/226
f 571/375/224 570/372/221 575/380/227 576/381/228
f 569/371/220 589/382/3 574/383/229
f 595/384/26 573/374/223 578/379/226
f 572/373/222 571/375/224 576/381/228 577/378/225
f 578/379/226 577/378/225 582/385/230 583/386/231
f 576/381/228 575/380/227 580/387/232 581/388/1
f 574/383/229 589/212/3 579/389/233
f 595/214/26 578/379/226 583/386/231
f 577/378/225 576/381/228 581/388/1 582/385/230
f 575/380/227 574/383/229 579/389/233 580/387/232
f 583/386/231 582/385/230 587/390/234 588/391/235
f 581/388/1 580/387/232 585/392/236 586/393/237
f 579/389/233 589/394/3 584/395/238
f 595/396/26 583/386/231 588/391/235
f 582/385/230 581/388/1 586/393/237 587/390/234
f 580/387/232 579/389/233 584/395/238 585/392/236
f 588/391/235 587/390/234 593/397/239 594/398/240
f 586/393/237 585/392/236 591/399/241 592/234/242
f 584/395/238 589/400/3 590/401/243
f 595/402/26 588/391/235 594/398/240
f 587/390/234 586/393/237 592/234/242 593/397/239
f 585/392/236 584/395/238 590/401/243 591/399/241
f 594/411/240 593/413/239 599/414/248 600/412/247
f 592/403/242 591/404/241 597/405/244 598/406/245
f 590/407/243 589/408/3 596/409/246
f 595/410/26 594/411/240 600/412/247
f 593/413/239 592/403/242 598/406/245 599/414/248
f 591/404/241 590/407/243 596/409/246 597/405/244
f 598/406/245 597/405/244 602/421/253 603/419/251
f 596/409/246 589/415/3 601/416/249
f 595/417/26 600/412/247 605/418/250
f 599/414/248 598/406/245 603/419/251 604/420/252
f 597/405/244 596/409/246 601/416/249 602/421/253
f 600/412/247 599/414/248 604/420/252 605/418/250
f 601/416/249 589/273/3 606/361/212
f 595/274/26 605/418/250 610/354/206
f 604/420/252 603/419/251 608/357/5 609/356/208
f 602/421/253 601/416/249 606/361/212 607/360/211
f 605/418/250 604/420/252 609/356/208 610/354/206
f 603/419/251 602/421/253 607/360/211 608/357/5
f 662/354/206 661/356/208 614/359/210 615/355/207
f 660/357/5 659/360/211 612/363/214 613/358/209
f 658/361/212 641/364/3 611/362/213
f 647/353/26 662/354/206 615/355/207
f 661/356/208 660/357/5 613/358/209 614/359/210
f 659/360/211 658/361/212 611/362/213 612/363/214
f 647/370/26 615/355/207 620/368/219
f 614/359/210 613/358/209 618/174/215 619/365/216
f 612/363/214 611/362/213 616/366/217 617/367/218
f 615/355/207 614/359/210 619/365/216 620/368/219
f 613/358/209 612/363/214 617/367/218 618/174/215
f 611/362/213 641/369/3 616/366/217
f 647/377/26 620/368/219 625/374/223
f 619/365/216 618/174/215 623/375/224 624/373/222
f 617/367/218 616/366/217 621/371/220 622/372/221
f 620/368/219 619/365/216 624/373/222 625/374/223
f 618/174/215 617/367/218 622/372/221 623/375/224
f 616/366/217 641/376/3 621/371/220
f 647/384/26 625/374/223 630/379/226
f 624/373/222 623/375/224 628/381/228 629/378/225
f 622/372/221 621/371/220 626/383/229 627/380/227
f 625/374/223 624/373/222 629/378/225 630/379/226
f 623/375/224 622/372/221 627/380/227 628/381/228
f 621/371/220 641/382/3 626/383/229
f 629/378/225 628/381/228 633/388/1 634/385/230
f 627/380/227 626/383/229 631/389/233 632/387/232
f 630/379/226 629/378/225 634/385/230 635/386/231
f 628/381/228 627/380/227 632/387/232 633/388/1
f 626/383/229 641/212/3 631/389/233
f 647/214/26 630/379/226 635/386/231
f 632/387/232 631/389/233 636/395/238 637/392/236
f 635/386/231 634/385/230 639/390/234 640/391/235
f 633/388/1 632/387/232 637/392/236 638/393/237
f 631/389/233 641/394/3 636/395/238
f 647/396/26 635/386/231 640/391/235
f 634/385/230 633/388/1 638/393/237 639/390/234
f 640/391/235 639/390/234 645/397/239 646/398/240
f 638/393/237 637/392/236 643/399/241 644/234/242
f 636/395/238 641/400/3 642/401/243
f 647/402/26 640/391/235 646/398/240
f 639/390/234 638/393/237 644/234/242 645/397/239
f 637/392/236 636/395/238 642/401/243 643/399/241
f 646/411/240 645/413/239 651/414/248 652/412/247
f 644/403/242 643/404/241 649/405/244 650/406/245
f 642/407/243 641/408/3 648/409/246
f 647/410/26 646/411/240 652/412/247
f 645/413/239 644/403/242 650/406/245 651/414/248
f 643/404/241 642/407/243 648/409/246 649/405/244
f 652/412/247 651/414/248 656/420/252 657/418/250
f 650/406/245 649/405/244 654/421/253 655/419/251
f 648/409/246 641/415/3 653/416/249
f 647/417/26 652/412/247 657/418/250
f 651/414/248 650/406/245 655/419/251 656/420/252
f 649/405/244 648/409/246 653/416/249 654/421/253
f 657/418/250 656/420/252 661/356/208 662/354/206
f 655/419/251 654/421/253 659/360/211 660/357/5
f 653/416/249 641/273/3 658/361/212
f 647/274/26 657/418/250 662/354/206
f 656/420/252 655/419/251 660/357/5 661/356/208
f 654/421/253 653/416/249 658/361/212 659/360/211
f 711/360/211 710/361/212 663/362/213 664/363/214
f 714/354/206 713/356/208 666/359/210 667/355/207
f 712/357/5 711/360/211 664/363/214 665/358/209
f 710/361/212 693/364/3 663/362/213
f 699/353/26 714/354/206 667/355/207
f 713/356/208 712/357/5 665/358/209 666/359/210
f 667/355/207 666/359/210 671/365/216 672/368/219
f 665/358/209 664/363/214 669/367/218 670/174/215
f 663/362/213 693/369/3 668/366/217
f 699/370/26 667/355/207 672/368/219
f 666/359/210 665/358/209 670/174/215 671/365/216
f 664/363/214 663/362/213 668/366/217 669/367/218
f 672/368/219 671/365/216 676/373/222 677/374/223
f 670/174/215 669/367/218 674/372/221 675/375/224
f 668/366/217 693/376/3 673/371/220
f 699/377/26 672/368/219 677/374/223
f 671/365/216 670/174/215 675/375/224 676/373/222
f 669/367/218 668/366/217 673/371/220 674/372/221
f 675/375/224 674/372/221 679/380/227 680/381/228
f 673/371/220 693/382/3 678/383/229
f 699/384/26 677/374/223 682/379/226
f 676/373/222 675/375/224 680/381/228 681/378/225
f 674/372/221 673/371/220 678/383/229 679/380/227
f 677/374/223 676/373/222 681/378/225 682/379/226
f 678/383/229 693/212/3 683/389/233
f 699/214/26 682/379/226 687/386/231
f 681/378/225 680/381/228 685/388/1 686/385/230
f 679/380/227 678/383/229 683/389/233 684/387/232
f 682/379/226 681/378/225 686/385/230 687/386/231
f 680/381/228 679/380/227 684/387/232 685/388/1
f 699/396/26 687/386/231 692/391/235
f 686/385/230 685/388/1 690/393/237 691/390/234
f 684/387/232 683/389/233 688/395/238 689/392/236
f 687/386/231 686/385/230 691/390/234 692/391/235
f 685/388/1 684/387/232 689/392/236 690/393/237
f 683/389/233 693/394/3 688/395/238
f 699/402/26 692/391/235 698/398/240
f 691/390/234 690/393/237 696/234/242 697/397/239
f 689/392/236 688/395/238 694/401/243 695/399/241
f 692/391/235 691/390/234 697/397/239 698/398/240
f 690/393/237 689/392/236 695/399/241 696/234/242
f 688/395/238 693/400/3 694/401/243
f 699/410/26 698/411/240 704/412/247
f 697/413/239 696/403/242 702/406/245 703/414/248
f 695/404/241 694/407/243 700/409/246 701/405/244
f 698/411/240 697/413/239 703/414/248 704/412/247
f 696/403/242 695/404/241 701/405/244 702/406/245
f 694/407/243 693/408/3 700/409/246
f 703/414/248 702/406/245 707/419/251 708/420/252
f 701/405/244 700/409/246 705/416/249 706/421/253
f 704/412/247 703/414/248 708/420/252 709/418/250
f 702/406/245 701/405/244 706/421/253 707/419/251
f 700/409/246 693/415/3 705/416/249
f 699/417/26 704/412/247 709/418/250
f 706/421/253 705/416/249 710/361/212 711/360/211
f 709/418/250 708/420/252 713/356/208 714/354/206
f 707/419/251 706/421/253 711/360/211 712/357/5
f 705/416/249 693/273/3 710/361/212
f 699/274/26 709/418/250 714/354/206
f 708/420/252 707/419/251 712/357/5 713/356/208
f 762/422/254 745/364/3 715/362/255
f 751/353/26 766/423/256 719/355/257
f 765/356/258 764/357/5 717/358/209 718/359/259
f 763/360/260 762/422/254 715/362/255 716/424/261
f 766/423/256 765/356/258 718/359/259 719/355/257
f 764/357/5 763/360/260 716/424/261 717/358/209
f 751/370/26 719/355/257 724/368/262
f 718/359/259 717/358/209 722/174/215 723/365/263
f 716/424/261 715/362/255 720/366/264 721/367/265
f 719/355/257 718/359/259 723/365/263 724/368/262
f 717/358/209 716/424/261 721/367/265 722/174/215
f 715/362/255 745/369/3 720/366/264
f 723/365/263 722/174/215 727/425/224 728/426/266
f 721/367/265 720/366/264 725/427/267 726/428/268
f 724/368/262 723/365/263 728/426/266 729/429/269
f 722/174/215 721/367/265 726/428/268 727/425/224
f 720/366/264 745/376/3 725/427/267
f 751/377/26 724/368/262 729/429/269
f 726/428/268 725/427/267 730/383/270 731/380/271
f 729/429/269 728/426/266 733/378/272 734/379/273
f 727/425/224 726/428/268 731/380/271 732/381/228
f 725/427/267 745/430/3 730/383/270
f 751/431/26 729/429/269 734/379/273
f 728/426/266 727/425/224 732/381/228 733/378/272
f 734/379/273 733/378/272 738/385/274 739/432/275
f 732/381/228 731/380/271 736/387/276 737/433/1
f 730/383/270 745/212/3 735/434/277
f 751/214/26 734/379/273 739/432/275
f 733/378/272 732/381/228 737/433/1 738/385/274
f 731/380/271 730/383/270 735/434/277 736/387/276
f 739/432/275 738/385/274 743/390/278 744/435/279
f 737/433/1 736/387/276 741/392/280 742/393/237
f 735/434/277 745/436/3 740/437/281
f 751/438/26 739/432/275 744/435/279
f 738/385/274 737/433/1 742/393/237 743/390/278
f 736/387/276 735/434/277 740/437/281 741/392/280
f 744/435/279 743/390/278 749/397/282 750/439/283
f 742/393/237 741/392/280 747/399/284 748/234/242
f 740/437/281 745/400/3 746/440/285
f 751/402/26 744/435/279 750/439/283
f 743/390/278 742/393/237 748/234/242 749/397/282
f 741/392/280 740/437/281 746/440/285 747/399/284
f 750/441/283 749/413/282 755/442/286 756/412/287
f 748/403/242 747/404/284 753/443/288 754/406/245
f 746/444/285 745/408/3 752/409/289
f 751/410/26 750/441/283 756/412/287
f 749/413/282 748/403/242 754/406/245 755/442/286
f 747/404/284 746/444/285 752/409/289 753/443/288
f 754/406/245 753/443/288 758/445/290 759/419/251
f 752/409/289 745/415/3 757/446/291
f 751/417/26 756/412/287 761/447/292
f 755/442/286 754/406/245 759/419/251 760/420/293
f 753/443/288 752/409/289 757/446/291 758/445/290
f 756/412/287 755/442/286 760/420/293 761/447/292
f 757/446/291 745/273/3 762/422/254
f 751/274/26 761/447/292 766/423/256
f 760/420/293 759/419/251 764/357/5 765/356/258
f 758/445/290 757/446/291 762/422/254 763/360/260
f 761/447/292 760/420/293 765/356/258 766/423/256
f 759/419/251 758/445/290 763/360/260 764/357/5
f 818/423/256 817/356/258 770/359/259 771/355/257
f 816/357/5 815/360/260 768/424/261 769/358/209
f 814/422/254 797/364/3 767/362/255
f 803/353/26 818/423/256 771/355/257
f 817/356/258 816/357/5 769/358/209 770/359/259
f 815/360/260 814/422/254 767/362/255 768/424/261
f 803/370/26 771/355/257 776/368/262
f 770/359/259 769/358/209 774/174/215 775/365/263
f 768/424/261 767/362/255 772/366/264 773/367/265
f 771/355/257 770/359/259 775/365/263 776/368/262
f 769/358/209 768/424/261 773/367/265 774/174/215
f 767/362/255 797/369/3 772/366/264
f 803/377/26 776/368/262 781/429/269
f 775/365/263 774/174/215 779/425/224 780/426/266
f 773/367/265 772/366/264 777/427/267 778/428/268
f 776/368/262 775/365/263 780/426/266 781/429/269
f 774/174/215 773/367/265 778/428/268 779/425/224
f 772/366/264 797/376/3 777/427/267
f 803/431/26 781/429/269 786/379/273
f 780/426/266 779/425/224 784/381/228 785/378/272
f 778/428/268 777/427/267 782/383/270 783/380/271
f 781/429/269 780/426/266 785/378/272 786/379/273
f 779/425/224 778/428/268 783/380/271 784/381/228
f 777/427/267 797/430/3 782/383/270
f 785/378/272 784/381/228 789/433/1 790/385/274
f 783/380/271 782/383/270 787/434/277 788/387/276
f 786/379/273 785/378/272 790/385/274 791/432/275
f 784/381/228 783/380/271 788/387/276 789/433/1
f 782/383/270 797/212/3 787/434/277
f 803/214/26 786/379/273 791/432/275
f 788/387/276 787/434/277 792/437/281 793/392/280
f 791/432/275 790/385/274 795/390/278 796/435/279
f 789/433/1 788/387/276 793/392/280 794/393/237
f 787/434/277 797/436/3 792/437/281
f 803/438/26 791/432/275 796/435/279
f 790/385/274 789/433/1 794/393/237 795/390/278
f 796/435/279 795/390/278 801/397/282 802/439/283
f 794/393/237 793/392/280 799/399/284 800/234/242
f 792/437/281 797/400/3 798/440/285
f 803/402/26 796/435/279 802/439/283
f 795/390/278 794/393/237 800/234/242 801/397/282
f 793/392/280 792/437/281 798/440/285 799/399/284
f 802/441/283 801/413/282 807/442/286 808/412/287
f 800/403/242 799/404/284 805/443/288 806/406/245
f 798/444/285 797/408/3 804/409/289
f 803/410/26 802/441/283 808/412/287
f 801/413/282 800/403/242 806/406/245 807/442/286
f 799/404/284 798/444/285 804/409/289 805/443/288
f 808/412/287 807/442/286 812/420/293 813/447/292
f 806/406/245 805/443/288 810/445/290 811/419/251
f 804/409/289 797/415/3 809/446/291
f 803/417/26 808/412/287 813/447/292
f 807/442/286 806/406/245 811/419/251 812/420/293
f 805/443/288 804/409/289 809/446/291 810/445/290
f 813/447/292 812/420/293 817/356/258 818/423/256
f 811/419/251 810/445/290 815/360/260 816/357/5
f 809/446/291 797/273/3 814/422/254
f 803/274/26 813/447/292 818/423/256
f 812/420/293 811/419/251 816/357/5 817/356/258
f 810/445/290 809/446/291 814/422/254 815/360/260
f 870/423/256 869/356/258 822/359/259 823/355/257
f 868/357/5 867/360/260 820/424/261 821/358/209
f 866/422/254 849/364/3 819/362/255
f 855/353/26 870/423/256 823/355/257
f 869/356/258 868/357/5 821/358/209 822/359/259
f 867/360/260 866/422/254 819/362/255 820/424/261
f 819/362/255 849/369/3 824/366/264
f 855/370/26 823/355/257 828/368/262
f 822/359/259 821/358/209 826/174/215 827/365/263
f 820/424/261 819/362/255 824/366/264 825/367/265
f 823/355/257 822/359/259 827/365/263 828/368/262
f 821/358/209 820/424/261 825/367/265 826/174/215
f 855/377/26 828/368/262 833/429/269
f 827/365/263 826/174/215 831/425/224 832/426/266
f 825/367/265 824/366/264 829/427/267 830/428/268
f 828/368/262 827/365/263 832/426/266 833/429/269
f 826/174/215 825/367/265 830/428/268 831/425/224
f 824/366/264 849/376/3 829/427/267
f 855/431/26 833/429/269 838/379/273
f 832/426/266 831/425/224 836/381/228 837/378/272
f 830/428/268 829/427/267 834/383/270 835/380/271
f 833/429/269 832/426/266 837/378/272 838/379/273
f 831/425/224 830/428/268 835/380/271 836/381/228
f 829/427/267 849/430/3 834/383/270
f 855/214/26 838/379/273 843/432/275
f 837/378/272 836/381/228 841/433/1 842/385/274
f 835/380/271 834/383/270 839/434/277 840/387/276
f 838/379/273 837/378/272 842/385/274 843/432/275
f 836/381/228 835/380/271 840/387/276 841/433/1
f 834/383/270 849/212/3 839/434/277
f 842/385/274 841/433/1 846/393/237 847/390/278
f 840/387/276 839/434/277 844/437/281 845/392/280
f 843/432/275 842/385/274 847/390/278 848/435/279
f 841/433/1 840/387/276 845/392/280 846/393/237
f 839/434/277 849/436/3 844/437/281
f 855/438/26 843/432/275 848/435/279
f 845/392/280 844/437/281 850/440/285 851/399/284
f 848/435/279 847/390/278 853/397/282 854/439/283
f 846/393/237 845/392/280 851/399/284 852/234/242
f 844/437/281 849/400/3 850/440/285
f 855/402/26 848/435/279 854/439/283
f 847/390/278 846/393/237 852/234/242 853/397/282
f 854/441/283 853/413/282 859/442/286 860/412/287
f 852/403/242 851/404/284 857/443/288 858/406/245
f 850/444/285 849/408/3 856/409/289
f 855/410/26 854/441/283 860/412/287
f 853/413/282 852/403/242 858/406/245 859/442/286
f 851/404/284 850/444/285 856/409/289 857/443/288
f 860/412/287 859/442/286 864/420/293 865/447/292
f 858/406/245 857/443/288 862/445/290 863/419/251
f 856/409/289 849/415/3 861/446/291
f 855/417/26 860/412/287 865/447/292
f 859/442/286 858/406/245 863/419/251 864/420/293
f 857/443/288 856/409/289 861/446/291 862/445/290
f 865/447/292 864/420/293 869/356/258 870/423/256
f 863/419/251 862/445/290 867/360/260 868/357/5
f 861/446/291 849/273/3 866/422/254
f 855/274/26 865/447/292 870/423/256
f 864/420/293 863/419/251 868/357/5 869/356/258
f 862/445/290 861/446/291 866/422/254 867/360/260
f 919/360/294 918/422/295 871/362/296 872/424/297
f 922/423/298 921/356/299 874/359/300 875/355/301
f 920/357/5 919/360/294 872/424/297 873/358/209
f 918/422/295 901/364/3 871/362/296
f 907/353/26 922/423/298 875/355/301
f 921/356/299 920/357/5 873/358/209 874/359/300
f 875/355/301 874/359/300 879/365/302 880/368/303
f 873/358/209 872/424/297 877/367/304 878/174/215
f 871/362/296 901/369/3 876/366/305
f 907/370/26 875/355/301 880/368/303
f 874/359/300 873/358/209 878/174/215 879/365/302
f 872/424/297 871/362/296 876/366/305 877/367/304
f 880/368/303 879/365/302 884/426/306 885/429/307
f 878/174/215 877/367/304 882/428/308 883/425/224
f 876/366/305 901/376/3 881/427/309
f 907/377/26 880/368/303 885/429/307
f 879/365/302 878/174/215 883/425/224 884/426/306
f 877/367/304 876/366/305 881/427/309 882/428/308
f 883/425/224 882/428/308 887/380/310 888/381/228
f 881/427/309 901/430/3 886/383/311
f 907/431/26 885/429/307 890/379/312
f 884/426/306 883/425/224 888/381/228 889/378/313
f 882/428/308 881/427/309 886/383/311 887/380/310
f 885/429/307 884/426/306 889/378/313 890/379/312
f 886/383/311 901/212/3 891/434/314
f 907/214/26 890/379/312 895/432/315
f 889/378/313 888/381/228 893/433/1 894/385/316
f 887/380/310 886/383/311 891/434/314 892/387/317
f 890/379/312 889/378/313 894/385/316 895/432/315
f 888/381/228 887/380/310 892/387/317 893/433/1
f 907/438/26 895/432/315 900/435/318
f 894/385/316 893/433/1 898/393/237 899/390/319
f 892/387/317 891/434/314 896/437/320 897/392/321
f 895/432/315 894/385/316 899/390/319 900/435/318
f 893/433/1 892/387/317 897/392/321 898/393/237
f 891/434/314 901/436/3 896/437/320
f 907/402/26 900/435/318 906/439/322
f 899/390/319 898/393/237 904/234/242 905/397/323
f 897/392/321 896/437/320 902/440/324 903/399/325
f 900/435/318 899/390/319 905/397/323 906/439/322
f 898/393/237 897/392/321 903/399/325 904/234/242
f 896/437/320 901/400/3 902/440/324
f 907/410/26 906/441/322 912/412/326
f 905/413/323 904/403/242 910/406/245 911/442/327
f 903/404/325 902/444/324 908/409/328 909/443/329
f 906/441/322 905/413/323 911/442/327 912/412/326
f 904/403/242 903/404/325 909/443/329 910/406/245
f 902/444/324 901/408/3 908/409/328
f 911/442/327 910/406/245 915/419/251 916/420/330
f 909/443/329 908/409/328 913/446/331 914/445/332
f 912/412/326 911/442/327 916/420/330 917/447/333
f 910/406/245 909/443/329 914/445/332 915/419/251
f 908/409/328 901/415/3 913/446/331
f 907/417/26 912/412/326 917/447/333
f 914/445/332 913/446/331 918/422/295 919/360/294
f 917/447/333 916/420/330 921/356/299 922/423/298
f 915/419/251 914/445/332 919/360/294 920/357/5
f 913/446/331 901/273/3 918/422/295
f 907/274/26 917/447/333 922/423/298
f 916/420/330 915/419/251 920/357/5 921/356/299
f 959/353/26 974/423/298 927/355/301
f 973/356/299 972/357/5 925/358/209 926/359/300
f 971/360/294 970/422/295 923/362/296 924/424/297
f 974/423/298 973/356/299 926/359/300 927/355/301
f 972/357/5 971/360/294 924/424/297 925/358/209
f 970/422/295 953/364/3 923/362/296
f 926/359/300 925/358/209 930/174/215 931/365/302
f 924/424/297 923/362/296 928/366/305 929/367/304
f 927/355/301 926/359/300 931/365/302 932/368/303
f 925/358/209 924/424/297 929/367/304 930/174/215
f 923/362/296 953/369/3 928/366/305
f 959/370/26 927/355/301 932/368/303
f 929/367/304 928/366/305 933/427/309 934/428/308
f 932/368/303 931/365/302 936/426/306 937/429/307
f 930/174/215 929/367/304 934/428/308 935/425/224
f 928/366/305 953/376/3 933/427/309
f 959/377/26 932/368/303 937/429/307
f 931/365/302 930/174/215 935/425/224 936/426/306
f 937/429/307 936/426/306 941/378/313 942/379/312
f 935/425/224 934/428/308 939/380/310 940/381/228
f 933/427/309 953/430/3 938/383/311
f 959/431/26 937/429/307 942/379/312
f 936/426/306 935/425/224 940/381/228 941/378/313
f 934/428/308 933/427/309 938/383/311 939/380/310
f 942/379/312 941/378/313 946/385/316 947/432/315
f 940/381/228 939/380/310 944/387/317 945/433/1
f 938/383/311 953/212/3 943/434/314
f 959/214/26 942/379/312 947/432/315
f 941/378/313 940/381/228 945/433/1 946/385/316
f 939/380/310 938/383/311 943/434/314 944/387/317
f 947/432/315 946/385/316 951/390/319 952/435/318
f 945/433/1 944/387/317 949/392/321 950/393/237
f 943/434/314 953/436/3 948/437/320
f 959/438/26 947/432/315 952/435/318
f 946/385/316 945/433/1 950/393/237 951/390/319
f 944/387/317 943/434/314 948/437/320 949/392/321
f 952/435/318 951/390/319 957/397/323 958/439/322
f 950/393/237 949/392/321 955/399/325 956/234/242
f 948/437/320 953/400/3 954/440/324
f 959/402/26 952/435/318 958/439/322
f 951/390/319 950/393/237 956/234/242 957/397/323
f 949/392/321 948/437/320 954/440/324 955/399/325
f 956/403/242 955/404/325 961/443/329 962/406/245
f 954/444/324 953/408/3 960/409/328
f 959/410/26 958/441/322 964/412/326
f 957/413/323 956/403/242 962/406/245 963/442/327
f 955/404/325 954/444/324 960/409/328 961/443/329
f 958/441/322 957/413/323 963/442/327 964/412/326
f 960/409/328 953/415/3 965/446/331
f 959/417/26 964/412/326 969/447/333
f 963/442/327 962/406/245 967/419/251 968/420/330
f 961/443/329 960/409/328 965/446/331 966/445/332
f 964/412/326 963/442/327 968/420/330 969/447/333
f 962/406/245 961/443/329 966/445/332 967/419/251
f 959/274/26 969/447/333 974/423/298
f 968/420/330 967/419/251 972/357/5 973/356/299
f 966/445/332 965/446/331 970/422/295 971/360/294
f 969/447/333 968/420/330 973/356/299 974/423/298
f 967/419/251 966/445/332 971/360/294 972/357/5
f 965/446/331 953/273/3 970/422/295
f 1026/423/298 1025/356/299 978/359/300 979/355/301
f 1024/357/5 1023/360/294 976/424/297 977/358/209
f 1022/422/295 1005/364/3 975/362/296
f 1011/353/26 1026/423/298 979/355/301
f 1025/356/299 1024/357/5 977/358/209 978/359/300
f 1023/360/294 1022/422/295 975/362/296 976/424/297
f 979/355/301 978/359/300 983/365/302 984/368/303
f 977/358/209 976/424/297 981/367/304 982/174/215
f 975/362/296 1005/369/3 980/366/305
f 1011/370/26 979/355/301 984/368/303
f 978/359/300 977/358/209 982/174/215 983/365/302
f 976/424/297 975/362/296 980/366/305 981/367/304
f 982/174/215 981/367/304 986/428/308 987/425/224
f 980/366/305 1005/376/3 985/427/309
f 1011/377/26 984/368/303 989/429/307
f 983/365/302 982/174/215 987/425/224 988/426/306
f 981/367/304 980/366/305 985/427/309 986/428/308
f 984/368/303 983/365/302 988/426/306 989/429/307
f 985/427/309 1005/430/3 990/383/311
f 1011/431/26 989/429/307 994/379/312
f 988/426/306 987/425/224 992/381/228 993/378/313
f 986/428/308 985/427/309 990/383/311 991/380/310
f 989/429/307 988/426/306 993/378/313 994/379/312
f 987/425/224 986/428/308 991/380/310 992/381/228
f 1011/214/26 994/379/312 999/432/315
f 993/378/313 992/381/228 997/433/1 998/385/316
f 991/380/310 990/383/311 995/434/314 996/387/317
f 994/379/312 993/378/313 998/385/316 999/432/315
f 992/381/228 991/380/310 996/387/317 997/433/1
f 990/383/311 1005/212/3 995/434/314
f 1011/438/26 999/432/315 1004/435/318
f 998/385/316 997/433/1 1002/393/237 1003/390/319
f 996/387/317 995/434/314 1000/437/320 1001/392/321
f 999/432/315 998/385/316 1003/390/319 1004/435/318
f 997/433/1 996/387/317 1001/392/321 1002/393/237
f 995/434/314 1005/436/3 1000/437/320
f 1011/402/26 1004/435/318 1010/439/322
f 1003/390/319 1002/393/237 1008/234/242 1009/397/323
f 1001/392/321 1000/437/320 1006/440/324 1007/399/325
f 1004/435/318 1003/390/319 1009/397/323 1010/439/322
f 1002/393/237 1001/392/321 1007/399/325 1008/234/242
f 1000/437/320 1005/400/3 1006/440/324
f 1009/413/323 1008/403/242 1014/406/245 1015/442/327
f 1007/404/325 1006/444/324 1012/409/328 1013/443/329
f 1010/441/322 1009/413/323 1015/442/327 1016/412/326
f 1008/403/242 1007/404/325 1013/443/329 1014/406/245
f 1006/444/324 1005/408/3 1012/409/328
f 1011/410/26 1010/441/322 1016/412/326
f 1013/443/329 1012/409/328 1017/446/331 1018/445/332
f 1016/412/326 1015/442/327 1020/420/330 1021/447/333
f 1014/406/245 1013/443/329 1018/445/332 1019/419/251
f 1012/409/328 1005/415/3 1017/446/331
f 1011/417/26 1016/412/326 1021/447/333
f 1015/442/327 1014/406/245 1019/419/251 1020/420/330
f 1021/447/333 1020/420/330 1025/356/299 1026/423/298
f 1019/419/251 1018/445/332 1023/360/294 1024/357/5
f 1017/446/331 1005/273/3 1022/422/295
f 1011/274/26 1021/447/333 1026/423/298
f 1020/420/330 1019/419/251 1024/357/5 1025/356/299
f 1018/445/332 1017/446/331 1022/422/295 1023/360/294
f 1321/354/463 1320/356/464 1273/359/465 1274/355/466
f 1319/357/5 1318/360/467 1271/363/468 1272/358/209
f 1317/361/469 1300/364/3 1270/362/470
f 1306/353/26 1321/354/463 1274/355/466
f 1320/356/464 1319/357/5 1272/358/209 1273/359/465
f 1318/360/467 1317/361/469 1270/362/470 1271/363/468
f 1272/358/209 1271/363/468 1276/367/471 1277/174/215
f 1270/362/470 1300/369/3 1275/366/472
f 1306/370/26 1274/355/466 1279/368/473
f 1273/359/465 1272/358/209 1277/174/215 1278/365/474
f 1271/363/468 1270/362/470 1275/366/472 1276/367/471
f 1274/355/466 1273/359/465 1278/365/474 1279/368/473
f 1275/366/472 1300/376/3 1280/371/475
f 1306/377/26 1279/368/473 1284/374/476
f 1278/365/474 1277/174/215 1282/375/224 1283/373/477
f 1276/367/471 1275/366/472 1280/371/475 1281/372/478
f 1279/368/473 1278/365/474 1283/373/477 1284/374/476
f 1277/174/215 1276/367/471 1281/372/478 1282/375/224
f 1306/384/26 1284/374/476 1289/379/479
f 1283/373/477 1282/375/224 1287/381/228 1288/378/480
f 1281/372/478 1280/371/475 1285/383/481 1286/380/482
f 1284/374/476 1283/373/477 1288/378/480 1289/379/479
f 1282/375/224 1281/372/478 1286/380/482 1287/381/228
f 1280/371/475 1300/382/3 1285/383/481
f 1306/214/26 1289/379/479 1294/386/483
f 1288/378/480 1287/381/228 1292/388/1 1293/385/484
f 1286/380/482 1285/383/481 1290/389/485 1291/387/486
f 1289/379/479 1288/378/480 1293/385/484 1294/386/483
f 1287/381/228 1286/380/482 1291/387/486 1292/388/1
f 1285/383/481 1300/212/3 1290/389/485
f 1306/396/26 1294/386/483 1299/391/487
f 1293/385/484 1292/388/1 1297/393/237 1298/390/488
f 1291/387/486 1290/389/485 1295/395/489 1296/392/490
f 1294/386/483 1293/385/484 1298/390/488 1299/391/487
f 1292/388/1 1291/387/486 1296/392/490 1297/393/237
f 1290/389/485 1300/394/3 1295/395/489
f 1298/390/488 1297/393/237 1303/234/242 1304/397/491
f 1296/392/490 1295/395/489 1301/401/492 1302/399/493
f 1299/391/487 1298/390/488 1304/397/491 1305/398/494
f 1297/393/237 1296/392/490 1302/399/493 1303/234/242
f 1295/395/489 1300/400/3 1301/401/492
f 1306/402/26 1299/391/487 1305/398/494
f 1302/404/493 1301/407/492 1307/409/495 1308/405/496
f 1305/411/494 1304/413/491 1310/414/497 1311/412/498
f 1303/403/242 1302/404/493 1308/405/496 1309/406/245
f 1301/407/492 1300/408/3 1307/409/495
f 1306/410/26 1305/411/494 1311/412/498
f 1304/413/491 1303/403/242 1309/406/245 1310/414/497
f 1311/412/498 1310/414/497 1315/420/499 1316/418/500
f 1309/406/245 1308/405/496 1313/421/501 1314/419/251
f 1307/409/495 1300/415/3 1312/416/502
f 1306/417/26 1311/412/498 1316/418/500
f 1310/414/497 1309/406/245 1314/419/251 1315/420/499
f 1308/405/496 1307/409/495 1312/416/502 1313/421/501
f 1316/418/500 1315/420/499 1320/356/464 1321/354/463
f 1314/419/251 1313/421/501 1318/360/467 1319/357/5
f 1312/416/502 1300/273/3 1317/361/469
f 1306/274/26 1316/418/500 1321/354/463
f 1315/420/499 1314/419/251 1319/357/5 1320/356/464
f 1313/421/501 1312/416/502 1317/361/469 1318/360/467
f 1466/360/467 1465/361/469 1418/362/470 1419/363/468
f 1469/354/463 1468/356/464 1421/359/465 1422/355/466
f 1467/357/5 1466/360/467 1419/363/468 1420/358/209
f 1465/361/469 1448/364/3 1418/362/470
f 1454/353/26 1469/354/463 1422/355/466
f 1468/356/464 1467/357/5 1420/358/209 1421/359/465
f 1422/355/466 1421/359/465 1426/365/474 1427/368/473
f 1420/358/209 1419/363/468 1424/367/471 1425/174/215
f 1418/362/470 1448/369/3 1423/366/472
f 1454/370/26 1422/355/466 1427/368/473
f 1421/359/465 1420/358/209 1425/174/215 1426/365/474
f 1419/363/468 1418/362/470 1423/366/472 1424/367/471
f 1427/368/473 1426/365/474 1431/373/477 1432/374/476
f 1425/174/215 1424/367/471 1429/372/478 1430/375/224
f 1423/366/472 1448/376/3 1428/371/475
f 1454/377/26 1427/368/473 1432/374/476
f 1426/365/474 1425/174/215 1430/375/224 1431/373/477
f 1424/367/471 1423/366/472 1428/371/475 1429/372/478
f 1430/375/224 1429/372/478 1434/380/482 1435/381/228
f 1428/371/475 1448/382/3 1433/383/481
f 1454/384/26 1432/374/476 1437/379/479
f 1431/373/477 1430/375/224 1435/381/228 1436/378/480
f 1429/372/478 1428/371/475 1433/383/481 1434/380/482
f 1432/374/476 1431/373/477 1436/378/480 1437/379/479
f 1433/383/481 1448/212/3 1438/389/485
f 1454/214/26 1437/379/479 1442/386/483
f 1436/378/480 1435/381/228 1440/388/1 1441/385/484
f 1434/380/482 1433/383/481 1438/389/485 1439/387/486
f 1437/379/479 1436/378/480 1441/385/484 1442/386/483
f 1435/381/228 1434/380/482 1439/387/486 1440/388/1
f 1454/396/26 1442/386/483 1447/391/487
f 1441/385/484 1440/388/1 1445/393/237 1446/390/488
f 1439/387/486 1438/389/485 1443/395/489 1444/392/490
f 1442/386/483 1441/385/484 1446/390/488 1447/391/487
f 1440/388/1 1439/387/486 1444/392/490 1445/393/237
f 1438/389/485 1448/394/3 1443/395/489
f 1454/402/26 1447/391/487 1453/398/494
f 1446/390/488 1445/393/237 1451/234/242 1452/397/491
f 1444/392/490 1443/395/489 1449/401/492 1450/399/493
f 1447/391/487 1446/390/488 1452/397/491 1453/398/494
f 1445/393/237 1444/392/490 1450/399/493 1451/234/242
f 1443/395/489 1448/400/3 1449/401/492
f 1454/410/26 1453/411/494 1459/412/498
f 1452/413/491 1451/403/242 1457/406/245 1458/414/497
f 1450/404/493 1449/407/492 1455/409/495 1456/405/496
f 1453/411/494 1452/413/491 1458/414/497 1459/412/498
f 1451/403/242 1450/404/493 1456/405/496 1457/406/245
f 1449/407/492 1448/408/3 1455/409/495
f 1458/414/497 1457/406/245 1462/419/251 1463/420/499
f 1456/405/496 1455/409/495 1460/416/502 1461/421/501
f 1459/412/498 1458/414/497 1463/420/499 1464/418/500
f 1457/406/245 1456/405/496 1461/421/501 1462/419/251
f 1455/409/495 1448/415/3 1460/416/502
f 1454/417/26 1459/412/498 1464/418/500
f 1461/421/501 1460/416/502 1465/361/469 1466/360/467
f 1464/418/500 1463/420/499 1468/356/464 1469/354/463
f 1462/419/251 1461/421/501 1466/360/467 1467/357/5
f 1460/416/502 1448/273/3 1465/361/469
f 1454/274/26 1464/418/500 1469/354/463
f 1463/420/499 1462/419/251 1467/357/5 1468/356/464
f 1615/357/5 1614/360/467 1567/363/468 1568/358/209
f 1613/361/469 1596/364/3 1566/362/470
f 1602/353/26 1617/354/463 1570/355/466
f 1616/356/464 1615/357/5 1568/358/209 1569/359/465
f 1614/360/467 1613/361/469 1566/362/470 1567/363/468
f 1617/354/463 1616/356/464 1569/359/465 1570/355/466
f 1602/370/26 1570/355/466 1575/368/473
f 1569/359/465 1568/358/209 1573/174/215 1574/365/474
f 1567/363/468 1566/362/470 1571/366/472 1572/367/471
f 1570/355/466 1569/359/465 1574/365/474 1575/368/473
f 1568/358/209 1567/363/468 1572/367/471 1573/174/215
f 1566/362/470 1596/369/3 1571/366/472
f 1602/377/26 1575/368/473 1580/374/476
f 1574/365/474 1573/174/215 1578/375/224 1579/373/477
f 1572/367/471 1571/366/472 1576/371/475 1577/372/478
f 1575/368/473 1574/365/474 1579/373/477 1580/374/476
f 1573/174/215 1572/367/471 1577/372/478 1578/375/224
f 1571/366/472 1596/376/3 1576/371/475
f 1579/373/477 1578/375/224 1583/381/228 1584/378/480
f 1577/372/478 1576/371/475 1581/383/481 1582/380/482
f 1580/374/476 1579/373/477 1584/378/480 1585/379/479
f 1578/375/224 1577/372/478 1582/380/482 1583/381/228
f 1576/371/475 1596/382/3 1581/383/481
f 1602/384/26 1580/374/476 1585/379/479
f 1582/380/482 1581/383/481 1586/389/485 1587/387/486
f 1585/379/479 1584/378/480 1589/385/484 1590/386/483
f 1583/381/228 1582/380/482 1587/387/486 1588/388/1
f 1581/383/481 1596/212/3 1586/389/485
f 1602/214/26 1585/379/479 1590/386/483
f 1584/378/480 1583/381/228 1588/388/1 1589/385/484
f 1590/386/483 1589/385/484 1594/390/488 1595/391/487
f 1588/388/1 1587/387/486 1592/392/490 1593/393/237
f 1586/389/485 1596/394/3 1591/395/489
f 1602/396/26 1590/386/483 1595/391/487
f 1589/385/484 1588/388/1 1593/393/237 1594/390/488
f 1587/387/486 1586/389/485 1591/395/489 1592/392/490
f 1595/391/487 1594/390/488 1600/397/491 1601/398/494
f 1593/393/237 1592/392/490 1598/399/493 1599/234/242
f 1591/395/489 1596/400/3 1597/401/492
f 1602/402/26 1595/391/487 1601/398/494
f 1594/390/488 1593/393/237 1599/234/242 1600/397/491
f 1592/392/490 1591/395/489 1597/401/492 1598/399/493
f 1601/411/494 1600/413/491 1606/414/497 1607/412/498
f 1599/403/242 1598/404/493 1604/405/496 1605/406/245
f 1597/407/492 1596/408/3 1603/409/495
f 1602/410/26 1601/411/494 1607/412/498
f 1600/413/491 1599/403/242 1605/406/245 1606/414/497
f 1598/404/493 1597/407/492 1603/409/495 1604/405/496
f 1607/412/498 1606/414/497 1611/420/499 1612/418/500
f 1605/406/245 1604/405/496 1609/421/501 1610/419/251
f 1603/409/495 1596/415/3 1608/416/502
f 1602/417/26 1607/412/498 1612/418/500
f 1606/414/497 1605/406/245 1610/419/251 1611/420/499
f 1604/405/496 1603/409/495 1608/416/502 1609/421/501
f 1610/419/251 1609/421/501 1614/360/467 1615/357/5
f 1608/416/502 1596/273/3 1613/361/469
f 1602/274/26 1612/418/500 1617/354/463
f 1611/420/499 1610/419/251 1615/357/5 1616/356/464
f 1609/421/501 1608/416/502 1613/361/469 1614/360/467
f 1612/418/500 1611/420/499 1616/356/464 1617/354/463
f 1763/357/5 1762/360/467 1715/363/468 1716/358/209
f 1761/361/469 1744/364/3 1714/362/470
f 1750/353/26 1765/354/463 1718/355/466
f 1764/356/464 1763/357/5 1716/358/209 1717/359/465
f 1762/360/467 1761/361/469 1714/362/470 1715/363/468
f 1765/354/463 1764/356/464 1717/359/465 1718/355/466
f 1750/370/26 1718/355/466 1723/368/473
f 1717/359/465 1716/358/209 1721/174/215 1722/365/474
f 1715/363/468 1714/362/470 1719/366/472 1720/367/471
f 1718/355/466 1717/359/465 1722/365/474 1723/368/473
f 1716/358/209 1715/363/468 1720/367/471 1721/174/215
f 1714/362/470 1744/369/3 1719/366/472
f 1750/377/26 1723/368/473 1728/374/476
f 1722/365/474 1721/174/215 1726/375/224 1727/373/477
f 1720/367/471 1719/366/472 1724/371/475 1725/372/478
f 1723/368/473 1722/365/474 1727/373/477 1728/374/476
f 1721/174/215 1720/367/471 1725/372/478 1726/375/224
f 1719/366/472 1744/376/3 1724/371/475
f 1727/373/477 1726/375/224 1731/381/228 1732/378/480
f 1725/372/478 1724/371/475 1729/383/481 1730/380/482
f 1728/374/476 1727/373/477 1732/378/480 1733/379/479
f 1726/375/224 1725/372/478 1730/380/482 1731/381/228
f 1724/371/475 1744/382/3 1729/383/481
f 1750/384/26 1728/374/476 1733/379/479
f 1730/380/482 1729/383/481 1734/389/485 1735/387/486
f 1733/379/479 1732/378/480 1737/385/484 1738/386/483
f 1731/381/228 1730/380/482 1735/387/486 1736/388/1
f 1729/383/481 1744/212/3 1734/389/485
f 1750/214/26 1733/379/479 1738/386/483
f 1732/378/480 1731/381/228 1736/388/1 1737/385/484
f 1738/386/483 1737/385/484 1742/390/488 1743/391/487
f 1736/388/1 1735/387/486 1740/392/490 1741/393/237
f 1734/389/485 1744/394/3 1739/395/489
f 1750/396/26 1738/386/483 1743/391/487
f 1737/385/484 1736/388/1 1741/393/237 1742/390/488
f 1735/387/486 1734/389/485 1739/395/489 1740/392/490
f 1743/391/487 1742/390/488 1748/397/491 1749/398/494
f 1741/393/237 1740/392/490 1746/399/493 1747/234/242
f 1739/395/489 1744/400/3 1745/401/492
f 1750/402/26 1743/391/487 1749/398/494
f 1742/390/488 1741/393/237 1747/234/242 1748/397/491
f 1740/392/490 1739/395/489 1745/401/492 1746/399/493
f 1749/411/494 1748/413/491 1754/414/497 1755/412/498
f 1747/403/242 1746/404/493 1752/405/496 1753/406/245
f 1745/407/492 1744/408/3 1751/409/495
f 1750/410/26 1749/411/494 1755/412/498
f 1748/413/491 1747/403/242 1753/406/245 1754/414/497
f 1746/404/493 1745/407/492 1751/409/495 1752/405/496
f 1755/412/498 1754/414/497 1759/420/499 1760/418/500
f 1753/406/245 1752/405/496 1757/421/501 1758/419/251
f 1751/409/495 1744/415/3 1756/416/502
f 1750/417/26 1755/412/498 1760/418/500
f 1754/414/497 1753/406/245 1758/419/251 1759/420/499
f 1752/405/496 1751/409/495 1756/416/502 1757/421/501
f 1758/419/251 1757/421/501 1762/360/467 1763/357/5
f 1756/416/502 1744/273/3 1761/361/469
f 1750/274/26 1760/418/500 1765/354/463
f 1759/420/499 1758/419/251 1763/357/5 1764/356/464
f 1757/421/501 1756/416/502 1761/361/469 1762/360/467
f 1760/418/500 1759/420/499 1764/356/464 1765/354/463
f 1910/360/467 1909/361/469 1862/362/470 1863/363/468
f 1913/354/463 1912/356/464 1865/359/465 1866/355/466
f 1911/357/5 1910/360/467 1863/363/468 1864/358/209
f 1909/361/469 1892/364/3 1862/362/470
f 1898/353/26 1913/354/463 1866/355/466
f 1912/356/464 1911/357/5 1864/358/209 1865/359/465
f 1866/355/466 1865/359/465 1870/365/474 1871/368/473
f 1864/358/209 1863/363/468 1868/367/471 1869/174/215
f 1862/362/470 1892/369/3 1867/366/472
f 1898/370/26 1866/355/466 1871/368/473
f 1865/359/465 1864/358/209 1869/174/215 1870/365/474
f 1863/363/468 1862/362/470 1867/366/472 1868/367/471
f 1871/368/473 1870/365/474 1875/373/477 1876/374/476
f 1869/174/215 1868/367/471 1873/372/478 1874/375/224
f 1867/366/472 1892/376/3 1872/371/475
f 1898/377/26 1871/368/473 1876/374/476
f 1870/365/474 1869/174/215 1874/375/224 1875/373/477
f 1868/367/471 1867/366/472 1872/371/475 1873/372/478
f 1874/375/224 1873/372/478 1878/380/482 1879/381/228
f 1872/371/475 1892/382/3 1877/383/481
f 1898/384/26 1876/374/476 1881/379/479
f 1875/373/477 1874/375/224 1879/381/228 1880/378/480
f 1873/372/478 1872/371/475 1877/383/481 1878/380/482
f 1876/374/476 1875/373/477 1880/378/480 1881/379/479
f 1877/383/481 1892/212/3 1882/389/485
f 1898/214/26 1881/379/479 1886/386/483
f 1880/378/480 1879/381/228 1884/388/1 1885/385/484
f 1878/380/482 1877/383/481 1882/389/485 1883/387/486
f 1881/379/479 1880/378/480 1885/385/484 1886/386/483
f 1879/381/228 1878/380/482 1883/387/486 1884/388/1
f 1898/396/26 1886/386/483 1891/391/487
f 1885/385/484 1884/388/1 1889/393/237 1890/390/488
f 1883/387/486 1882/389/485 1887/395/489 1888/392/490
f 1886/386/483 1885/385/484 1890/390/488 1891/391/487
f 1884/388/1 1883/387/486 1888/392/490 1889/393/237
f 1882/389/485 1892/394/3 1887/395/489
f 1898/402/26 1891/391/487 1897/398/494
f 1890/390/488 1889/393/237 1895/234/242 1896/397/491
f 1888/392/490 1887/395/489 1893/401/492 1894/399/493
f 1891/391/487 1890/390/488 1896/397/491 1897/398/494
f 1889/393/237 1888/392/490 1894/399/493 1895/234/242
f 1887/395/489 1892/400/3 1893/401/492
f 1898/410/26 1897/411/494 1903/412/498
f 1896/413/491 1895/403/242 1901/406/245 1902/414/497
f 1894/404/493 1893/407/492 1899/409/495 1900/405/496
f 1897/411/494 1896/413/491 1902/414/497 1903/412/498
f 1895/403/242 1894/404/493 1900/405/496 1901/406/245
f 1893/407/492 1892/408/3 1899/409/495
f 1902/414/497 1901/406/245 1906/419/251 1907/420/499
f 1900/405/496 1899/409/495 1904/416/502 1905/421/501
f 1903/412/498 1902/414/497 1907/420/499 1908/418/500
f 1901/406/245 1900/405/496 1905/421/501 1906/419/251
f 1899/409/495 1892/415/3 1904/416/502
f 1898/417/26 1903/412/498 1908/418/500
f 1905/421/501 1904/416/502 1909/361/469 1910/360/467
f 1908/418/500 1907/420/499 1912/356/464 1913/354/463
f 1906/419/251 1905/421/501 1910/360/467 1911/357/5
f 1904/416/502 1892/273/3 1909/361/469
f 1898/274/26 1908/418/500 1913/354/463
f 1907/420/499 1906/419/251 1911/357/5 1912/356/464
f 2057/361/469 2040/364/3 2010/362/470
f 2046/353/26 2061/354/463 2014/355/466
f 2060/356/464 2059/357/5 2012/358/209 2013/359/465
f 2058/360/467 2057/361/469 2010/362/470 2011/363/468
f 2061/354/463 2060/356/464 2013/359/465 2014/355/466
f 2059/357/5 2058/360/467 2011/363/468 2012/358/209
f 2046/370/26 2014/355/466 2019/368/473
f 2013/359/465 2012/358/209 2017/174/215 2018/365/474
f 2011/363/468 2010/362/470 2015/366/472 2016/367/471
f 2014/355/466 2013/359/465 2018/365/474 2019/368/473
f 2012/358/209 2011/363/468 2016/367/471 2017/174/215
f 2010/362/470 2040/369/3 2015/366/472
f 2018/365/474 2017/174/215 2022/375/224 2023/373/477
f 2016/367/471 2015/366/472 2020/371/475 2021/372/478
f 2019/368/473 2018/365/474 2023/373/477 2024/374/476
f 2017/174/215 2016/367/471 2021/372/478 2022/375/224
f 2015/366/472 2040/376/3 2020/371/475
f 2046/377/26 2019/368/473 2024/374/476
f 2021/372/478 2020/371/475 2025/383/481 2026/380/482
f 2024/374/476 2023/373/477 2028/378/480 2029/379/479
f 2022/375/224 2021/372/478 2026/380/482 2027/381/228
f 2020/371/475 2040/382/3 2025/383/481
f 2046/384/26 2024/374/476 2029/379/479
f 2023/373/477 2022/375/224 2027/381/228 2028/378/480
f 2029/379/479 2028/378/480 2033/385/484 2034/386/483
f 2027/381/228 2026/380/482 2031/387/486 2032/388/1
f 2025/383/481 2040/212/3 2030/389/485
f 2046/214/26 2029/379/479 2034/386/483
f 2028/378/480 2027/381/228 2032/388/1 2033/385/484
f 2026/380/482 2025/383/481 2030/389/485 2031/387/486
f 2034/386/483 2033/385/484 2038/390/488 2039/391/487
f 2032/388/1 2031/387/486 2036/392/490 2037/393/237
f 2030/389/485 2040/394/3 2035/395/489
f 2046/396/26 2034/386/483 2039/391/487
f 2033/385/484 2032/388/1 2037/393/237 2038/390/488
f 2031/387/486 2030/389/485 2035/395/489 2036/392/490
f 2039/391/487 2038/390/488 2044/397/491 2045/398/494
f 2037/393/237 2036/392/490 2042/399/493 2043/234/242
f 2035/395/489 2040/400/3 2041/401/492
f 2046/402/26 2039/391/487 2045/398/494
f 2038/390/488 2037/393/237 2043/234/242 2044/397/491
f 2036/392/490 2035/395/489 2041/401/492 2042/399/493
f 2045/411/494 2044/413/491 2050/414/497 2051/412/498
f 2043/403/242 2042/404/493 2048/405/496 2049/406/245
f 2041/407/492 2040/408/3 2047/409/495
f 2046/410/26 2045/411/494 2051/412/498
f 2044/413/491 2043/403/242 2049/406/245 2050/414/497
f 2042/404/493 2041/407/492 2047/409/495 2048/405/496
f 2049/406/245 2048/405/496 2053/421/501 2054/419/251
f 2047/409/495 2040/415/3 2052/416/502
f 2046/417/26 2051/412/498 2056/418/500
f 2050/414/497 2049/406/245 2054/419/251 2055/420/499
f 2048/405/496 2047/409/495 2052/416/502 2053/421/501
f 2051/412/498 2050/414/497 2055/420/499 2056/418/500
f 2052/416/502 2040/273/3 2057/361/469
f 2046/274/26 2056/418/500 2061/354/463
f 2055/420/499 2054/419/251 2059/357/5 2060/356/464
f 2053/421/501 2052/416/502 2057/361/469 2058/360/467
f 2056/418/500 2055/420/499 2060/356/464 2061/354/463
f 2054/419/251 2053/421/501 2058/360/467 2059/357/5
s 0
usemtl BrickDark
f 205/287/4 206/288/4 208/289/4 207/290/4
f 207/290/5 208/289/5 212/291/5 211/292/5
f 211/292/2 212/291/2 210/293/2 209/294/2
f 209/294/1 210/293/1 206/295/1 205/296/1
f 207/297/26 211/292/26 209/294/26 205/298/26
f 212/291/3 208/299/3 206/300/3 210/293/3
usemtl GoldTrim
f 237/87/171 238/88/171 240/301/171 239/299/171
f 239/299/172 240/301/172 242/273/172 241/302/172
f 241/302/173 242/273/173 244/295/173 243/291/173
f 243/291/174 244/295/174 246/303/174 245/174/174
f 245/174/175 246/303/175 248/296/175 247/292/175
f 247/292/176 248/296/176 250/212/176 249/304/176
f 240/305/3 238/306/3 252/307/3 250/308/3 248/309/3 246/310/3 244/311/3 242/312/3
f 249/304/177 250/212/177 252/313/177 251/297/177
f 251/297/178 252/313/178 238/314/178 237/234/178
f 237/315/26 239/316/26 241/317/26 243/318/26 245/319/26 247/320/26 249/321/26 251/322/26
s 1
f 277/302/5 276/323/179 253/293/180 254/291/20
f 278/324/181 277/302/5 254/291/20 255/289/182
f 276/323/179 275/325/3 253/293/180
f 268/326/26 278/324/181 255/289/182
f 255/289/182 254/291/20 257/174/2 258/172/183
f 253/293/180 275/327/3 256/171/184
f 268/328/26 255/289/182 258/172/183
f 254/291/20 253/293/180 256/171/184 257/174/2
f 258/172/183 257/174/2 260/292/23 261/290/185
f 256/171/184 275/329/3 259/294/186
f 268/330/26 258/172/183 261/290/185
f 257/174/2 256/171/184 259/294/186 260/292/23
f 260/292/23 259/294/186 262/331/187 263/304/1
f 261/290/185 260/292/23 263/304/1 264/332/188
f 259/294/186 275/333/3 262/331/187
f 268/334/26 261/290/185 264/332/188
f 268/335/26 264/332/188 267/336/189
f 263/304/1 262/331/187 265/298/190 266/297/15
f 264/332/188 263/304/1 266/297/15 267/336/189
f 262/331/187 275/337/3 265/298/190
f 268/338/26 267/336/189 271/237/191
f 266/297/15 265/298/190 269/236/192 270/234/4
f 267/336/189 266/297/15 270/234/4 271/237/191
f 265/298/190 275/339/3 269/236/192
f 268/340/26 271/243/191 274/341/193
f 270/87/4 269/249/192 272/300/194 273/299/17
f 271/243/191 270/87/4 273/299/17 274/341/193
f 269/249/192 275/342/3 272/300/194
f 268/343/26 274/341/193 278/324/181
f 273/299/17 272/300/194 276/323/179 277/302/5
f 274/341/193 273/299/17 277/302/5 278/324/181
f 272/300/194 275/344/3 276/323/179
s 0
f 279/87/171 280/88/171 282/301/171 281/299/171
f 281/299/172 282/301/172 284/273/172 283/302/172
f 283/302/173 284/273/173 286/295/173 285/291/173
f 285/291/174 286/295/174 288/303/174 287/174/174
f 287/174/175 288/303/175 290/296/175 289/292/175
f 289/292/176 290/296/176 292/212/176 291/304/176
f 282/305/3 280/306/3 294/307/3 292/308/3 290/309/3 288/310/3 286/311/3 284/312/3
f 291/304/177 292/212/177 294/313/177 293/297/177
f 293/297/178 294/313/178 280/314/178 279/234/178
f 279/315/26 281/316/26 283/317/26 285/318/26 287/319/26 289/320/26 291/321/26 293/322/26
s 1
f 320/324/181 319/302/5 296/291/20 297/289/182
f 318/323/179 317/325/3 295/293/180
f 310/326/26 320/324/181 297/289/182
f 319/302/5 318/323/179 295/293/180 296/291/20
f 297/289/182 296/291/20 299/174/2 300/172/183
f 295/293/180 317/327/3 298/171/184
f 310/328/26 297/289/182 300/172/183
f 296/291/20 295/293/180 298/171/184 299/174/2
f 300/172/183 299/174/2 302/292/23 303/290/185
f 298/171/184 317/329/3 301/294/186
f 310/330/26 300/172/183 303/290/185
f 299/174/2 298/171/184 301/294/186 302/292/23
f 303/290/185 302/292/23 305/304/1 306/332/188
f 301/294/186 317/333/3 304/331/187
f 310/334/26 303/290/185 306/332/188
f 302/292/23 301/294/186 304/331/187 305/304/1
f 305/304/1 304/331/187 307/298/190 308/297/15
f 306/332/188 305/304/1 308/297/15 309/336/189
f 304/331/187 317/337/3 307/298/190
f 310/335/26 306/332/188 309/336/189
f 310/338/26 309/336/189 313/237/191
f 308/297/15 307/298/190 311/236/192 312/234/4
f 309/336/189 308/297/15 312/234/4 313/237/191
f 307/298/190 317/339/3 311/236/192
f 310/340/26 313/243/191 316/341/193
f 312/87/4 311/249/192 314/300/194 315/299/17
f 313/243/191 312/87/4 315/299/17 316/341/193
f 311/249/192 317/342/3 314/300/194
f 310/343/26 316/341/193 320/324/181
f 315/299/17 314/300/194 318/323/179 319/302/5
f 316/341/193 315/299/17 319/302/5 320/324/181
f 314/300/194 317/344/3 318/323/179
s 0
f 337/114/200 343/332/200 338/345/200
f 338/345/201 343/332/201 339/346/201
f 339/346/202 343/332/202 340/121/202
f 340/121/203 343/332/203 341/347/203
f 337/131/26 338/348/26 339/349/26 340/138/26 341/350/26 342/351/26
f 341/347/204 343/332/204 342/352/204
f 342/352/205 343/332/205 337/114/205
f 344/114/200 350/332/200 345/345/200
f 345/345/201 350/332/201 346/346/201
f 346/346/202 350/332/202 347/121/202
f 347/121/203 350/332/203 348/347/203
f 344/131/26 345/348/26 346/349/26 347/138/26 348/350/26 349/351/26
f 348/347/204 350/332/204 349/352/204
f 349/352/205 350/332/205 344/114/205
s 1
f 1035/87/334 1036/88/335 1038/89/336 1037/90/337
f 1037/90/337 1038/89/336 1040/91/338 1039/92/339
f 1039/92/339 1040/91/338 1042/93/340 1041/94/341
f 1041/94/341 1042/93/340 1044/95/342 1043/96/343
f 1043/96/343 1044/95/342 1046/97/344 1045/98/345
f 1045/98/345 1046/97/344 1048/99/346 1047/100/347
f 1047/100/347 1048/99/346 1050/101/348 1049/102/349
f 1049/102/349 1050/101/348 1052/103/350 1051/104/351
f 1051/104/351 1052/103/350 1054/105/352 1053/106/353
f 1053/106/353 1054/105/352 1056/107/354 1055/108/355
f 1055/108/355 1056/107/354 1058/109/356 1057/110/357
f 1057/110/357 1058/109/356 1060/111/358 1059/112/359
f 1038/448/336 1036/306/335 1062/449/360 1060/116/358 1058/278/356 1056/279/354 1054/119/352 1052/450/350 1050/310/348 1048/451/346 1046/123/344 1044/124/342 1042/125/340 1040/126/338
f 1059/112/359 1060/111/358 1062/127/360 1061/128/361
f 1061/128/361 1062/127/360 1036/129/335 1035/130/334
f 1035/315/334 1037/452/337 1039/133/339 1041/134/341 1043/135/343 1045/136/345 1047/453/347 1049/319/349 1051/454/351 1053/140/353 1055/141/355 1057/142/357 1059/143/359 1061/455/361
s 0
f 1063/287/4 1064/288/4 1066/289/4 1065/290/4
f 1065/290/5 1066/289/5 1070/291/5 1069/292/5
f 1069/292/2 1070/291/2 1068/293/2 1067/294/2
f 1067/294/1 1068/293/1 1064/295/1 1063/296/1
f 1065/297/26 1069/292/26 1067/294/26 1063/298/26
f 1070/291/3 1066/299/3 1064/300/3 1068/293/3
f 1071/287/4 1072/288/4 1074/289/4 1073/290/4
f 1073/290/5 1074/289/5 1078/291/5 1077/292/5
f 1077/292/2 1078/291/2 1076/293/2 1075/294/2
f 1075/294/1 1076/293/1 1072/295/1 1071/296/1
f 1073/297/26 1077/292/26 1075/294/26 1071/298/26
f 1078/291/3 1074/299/3 1072/300/3 1076/293/3
f 1079/114/362 1084/332/362 1080/456/362
f 1080/456/363 1084/332/363 1081/457/363
f 1081/457/364 1084/332/364 1082/458/364
f 1079/131/26 1080/459/26 1081/460/26 1082/461/26 1083/462/26
f 1082/458/365 1084/332/365 1083/463/365
f 1083/463/366 1084/332/366 1079/114/366
f 1085/114/362 1090/332/362 1086/456/362
f 1086/456/363 1090/332/363 1087/457/363
f 1087/457/364 1090/332/364 1088/458/364
f 1085/131/26 1086/459/26 1087/460/26 1088/461/26 1089/462/26
f 1088/458/365 1090/332/365 1089/463/365
f 1089/463/366 1090/332/366 1085/114/366
f 1091/114/362 1096/332/362 1092/456/362
f 1092/456/363 1096/332/363 1093/457/363
f 1093/457/364 1096/332/364 1094/458/364
f 1091/131/26 1092/459/26 1093/460/26 1094/461/26 1095/462/26
f 1094/458/365 1096/332/365 1095/463/365
f 1095/463/366 1096/332/366 1091/114/366
f 1166/287/4 1167/288/4 1169/289/4 1168/290/4
f 1168/290/5 1169/289/5 1173/291/5 1172/292/5
f 1172/292/2 1173/291/2 1171/293/2 1170/294/2
f 1170/294/1 1171/293/1 1167/295/1 1166/296/1
f 1168/297/26 1172/292/26 1170/294/26 1166/298/26
f 1173/291/3 1169/299/3 1167/300/3 1171/293/3
f 1194/287/4 1195/288/4 1197/289/4 1196/290/4
f 1196/290/5 1197/289/5 1201/291/5 1200/292/5
f 1200/292/2 1201/291/2 1199/293/2 1198/294/2
f 1198/294/1 1199/293/1 1195/295/1 1194/296/1
f 1196/297/26 1200/292/26 1198/294/26 1194/298/26
f 1201/291/3 1197/299/3 1195/300/3 1199/293/3
f 1254/287/4 1255/288/4 1257/289/4 1256/290/4
f 1256/290/5 1257/289/5 1261/291/5 1260/292/5
f 1260/292/2 1261/291/2 1259/293/2 1258/294/2
f 1258/294/1 1259/293/1 1255/295/1 1254/296/1
f 1256/297/26 1260/292/26 1258/294/26 1254/298/26
f 1261/291/3 1257/299/3 1255/300/3 1259/293/3
f 1262/287/4 1263/288/4 1265/289/4 1264/290/4
f 1264/290/5 1265/289/5 1269/291/5 1268/292/5
f 1268/292/2 1269/291/2 1267/293/2 1266/294/2
f 1266/294/1 1267/293/1 1263/295/1 1262/296/1
f 1264/297/26 1268/292/26 1266/294/26 1262/298/26
f 1269/291/3 1265/299/3 1263/300/3 1267/293/3
f 1354/287/4 1355/288/4 1357/289/4 1356/290/4
f 1356/290/5 1357/289/5 1361/291/5 1360/292/5
f 1360/292/2 1361/291/2 1359/293/2 1358/294/2
f 1358/294/1 1359/293/1 1355/295/1 1354/296/1
f 1356/297/26 1360/292/26 1358/294/26 1354/298/26
f 1361/291/3 1357/299/3 1355/300/3 1359/293/3
f 1362/287/4 1363/288/4 1365/289/4 1364/290/4
f 1364/290/5 1365/289/5 1369/291/5 1368/292/5
f 1368/292/2 1369/291/2 1367/293/2 1366/294/2
f 1366/294/1 1367/293/1 1363/295/1 1362/296/1
f 1364/297/26 1368/292/26 1366/294/26 1362/298/26
f 1369/291/3 1365/299/3 1363/300/3 1367/293/3
f 1402/287/4 1403/288/4 1405/289/4 1404/290/4
f 1404/290/5 1405/289/5 1409/291/5 1408/292/5
f 1408/292/2 1409/291/2 1407/293/2 1406/294/2
f 1406/294/1 1407/293/1 1403/295/1 1402/296/1
f 1404/297/26 1408/292/26 1406/294/26 1402/298/26
f 1409/291/3 1405/299/3 1403/300/3 1407/293/3
f 1410/287/4 1411/288/4 1413/289/4 1412/290/4
f 1412/290/5 1413/289/5 1417/291/5 1416/292/5
f 1416/292/2 1417/291/2 1415/293/2 1414/294/2
f 1414/294/1 1415/293/1 1411/295/1 1410/296/1
f 1412/297/26 1416/292/26 1414/294/26 1410/298/26
f 1417/291/3 1413/299/3 1411/300/3 1415/293/3
f 1502/287/4 1503/288/4 1505/289/4 1504/290/4
f 1504/290/5 1505/289/5 1509/291/5 1508/292/5
f 1508/292/2 1509/291/2 1507/293/2 1506/294/2
f 1506/294/1 1507/293/1 1503/295/1 1502/296/1
f 1504/297/26 1508/292/26 1506/294/26 1502/298/26
f 1509/291/3 1505/299/3 1503/300/3 1507/293/3
f 1510/287/4 1511/288/4 1513/289/4 1512/290/4
f 1512/290/5 1513/289/5 1517/291/5 1516/292/5
f 1516/292/2 1517/291/2 1515/293/2 1514/294/2
f 1514/294/1 1515/293/1 1511/295/1 1510/296/1
f 1512/297/26 1516/292/26 1514/294/26 1510/298/26
f 1517/291/3 1513/299/3 1511/300/3 1515/293/3
f 1550/287/4 1551/288/4 1553/289/4 1552/290/4
f 1552/290/5 1553/289/5 1557/291/5 1556/292/5
f 1556/292/2 1557/291/2 1555/293/2 1554/294/2
f 1554/294/1 1555/293/1 1551/295/1 1550/296/1
f 1552/297/26 1556/292/26 1554/294/26 1550/298/26
f 1557/291/3 1553/299/3 1551/300/3 1555/293/3
f 1558/287/4 1559/288/4 1561/289/4 1560/290/4
f 1560/290/5 1561/289/5 1565/291/5 1564/292/5
f 1564/292/2 1565/291/2 1563/293/2 1562/294/2
f 1562/294/1 1563/293/1 1559/295/1 1558/296/1
f 1560/297/26 1564/292/26 1562/294/26 1558/298/26
f 1565/291/3 1561/299/3 1559/300/3 1563/293/3
f 1650/287/4 1651/288/4 1653/289/4 1652/290/4
f 1652/290/5 1653/289/5 1657/291/5 1656/292/5
f 1656/292/2 1657/291/2 1655/293/2 1654/294/2
f 1654/294/1 1655/293/1 1651/295/1 1650/296/1
f 1652/297/26 1656/292/26 1654/294/26 1650/298/26
f 1657/291/3 1653/299/3 1651/300/3 1655/293/3
f 1658/287/4 1659/288/4 1661/289/4 1660/290/4
f 1660/290/5 1661/289/5 1665/291/5 1664/292/5
f 1664/292/2 1665/291/2 1663/293/2 1662/294/2
f 1662/294/1 1663/293/1 1659/295/1 1658/296/1
f 1660/297/26 1664/292/26 1662/294/26 1658/298/26
f 1665/291/3 1661/299/3 1659/300/3 1663/293/3
f 1698/287/4 1699/288/4 1701/289/4 1700/290/4
f 1700/290/5 1701/289/5 1705/291/5 1704/292/5
f 1704/292/2 1705/291/2 1703/293/2 1702/294/2
f 1702/294/1 1703/293/1 1699/295/1 1698/296/1
f 1700/297/26 1704/292/26 1702/294/26 1698/298/26
f 1705/291/3 1701/299/3 1699/300/3 1703/293/3
f 1706/287/4 1707/288/4 1709/289/4 1708/290/4
f 1708/290/5 1709/289/5 1713/291/5 1712/292/5
f 1712/292/2 1713/291/2 1711/293/2 1710/294/2
f 1710/294/1 1711/293/1 1707/295/1 1706/296/1
f 1708/297/26 1712/292/26 1710/294/26 1706/298/26
f 1713/291/3 1709/299/3 1707/300/3 1711/293/3
f 1798/287/4 1799/288/4 1801/289/4 1800/290/4
f 1800/290/5 1801/289/5 1805/291/5 1804/292/5
f 1804/292/2 1805/291/2 1803/293/2 1802/294/2
f 1802/294/1 1803/293/1 1799/295/1 1798/296/1
f 1800/297/26 1804/292/26 1802/294/26 1798/298/26
f 1805/291/3 1801/299/3 1799/300/3 1803/293/3
f 1806/287/4 1807/288/4 1809/289/4 1808/290/4
f 1808/290/5 1809/289/5 1813/291/5 1812/292/5
f 1812/292/2 1813/291/2 1811/293/2 1810/294/2
f 1810/294/1 1811/293/1 1807/295/1 1806/296/1
f 1808/297/26 1812/292/26 1810/294/26 1806/298/26
f 1813/291/3 1809/299/3 1807/300/3 1811/293/3
f 1846/287/4 1847/288/4 1849/289/4 1848/290/4
f 1848/290/5 1849/289/5 1853/291/5 1852/292/5
f 1852/292/2 1853/291/2 1851/293/2 1850/294/2
f 1850/294/1 1851/293/1 1847/295/1 1846/296/1
f 1848/297/26 1852/292/26 1850/294/26 1846/298/26
f 1853/291/3 1849/299/3 1847/300/3 1851/293/3
f 1854/287/4 1855/288/4 1857/289/4 1856/290/4
f 1856/290/5 1857/289/5 1861/291/5 1860/292/5
f 1860/292/2 1861/291/2 1859/293/2 1858/294/2
f 1858/294/1 1859/293/1 1855/295/1 1854/296/1
f 1856/297/26 1860/292/26 1858/294/26 1854/298/26
f 1861/291/3 1857/299/3 1855/300/3 1859/293/3
f 1946/287/4 1947/288/4 1949/289/4 1948/290/4
f 1948/290/5 1949/289/5 1953/291/5 1952/292/5
f 1952/292/2 1953/291/2 1951/293/2 1950/294/2
f 1950/294/1 1951/293/1 1947/295/1 1946/296/1
f 1948/297/26 1952/292/26 1950/294/26 1946/298/26
f 1953/291/3 1949/299/3 1947/300/3 1951/293/3
f 1954/287/4 1955/288/4 1957/289/4 1956/290/4
f 1956/290/5 1957/289/5 1961/291/5 1960/292/5
f 1960/292/2 1961/291/2 1959/293/2 1958/294/2
f 1958/294/1 1959/293/1 1955/295/1 1954/296/1
f 1956/297/26 1960/292/26 1958/294/26 1954/298/26
f 1961/291/3 1957/299/3 1955/300/3 1959/293/3
f 1994/287/4 1995/288/4 1997/289/4 1996/290/4
f 1996/290/5 1997/289/5 2001/291/5 2000/292/5
f 2000/292/2 2001/291/2 1999/293/2 1998/294/2
f 1998/294/1 1999/293/1 1995/295/1 1994/296/1
f 1996/297/26 2000/292/26 1998/294/26 1994/298/26
f 2001/291/3 1997/299/3 1995/300/3 1999/293/3
f 2002/287/4 2003/288/4 2005/289/4 2004/290/4
f 2004/290/5 2005/289/5 2009/291/5 2008/292/5
f 2008/292/2 2009/291/2 2007/293/2 2006/294/2
f 2006/294/1 2007/293/1 2003/295/1 2002/296/1
f 2004/297/26 2008/292/26 2006/294/26 2002/298/26
f 2009/291/3 2005/299/3 2003/300/3 2007/293/3
f 2094/287/4 2095/288/4 2097/289/4 2096/290/4
f 2096/290/5 2097/289/5 2101/291/5 2100/292/5
f 2100/292/2 2101/291/2 2099/293/2 2098/294/2
f 2098/294/1 2099/293/1 2095/295/1 2094/296/1
f 2096/297/26 2100/292/26 2098/294/26 2094/298/26
f 2101/291/3 2097/299/3 2095/300/3 2099/293/3
f 2102/287/4 2103/288/4 2105/289/4 2104/290/4
f 2104/290/5 2105/289/5 2109/291/5 2108/292/5
f 2108/292/2 2109/291/2 2107/293/2 2106/294/2
f 2106/294/1 2107/293/1 2103/295/1 2102/296/1
f 2104/297/26 2108/292/26 2106/294/26 2102/298/26
f 2109/291/3 2105/299/3 2103/300/3 2107/293/3
f 2118/287/4 2119/288/4 2121/289/4 2120/290/4
f 2120/290/5 2121/289/5 2125/291/5 2124/292/5
f 2124/292/2 2125/291/2 2123/293/2 2122/294/2
f 2122/294/1 2123/293/1 2119/295/1 2118/296/1
f 2120/297/26 2124/292/26 2122/294/26 2118/298/26
f 2125/291/3 2121/299/3 2119/300/3 2123/293/3
f 2126/87/503 2127/88/503 2129/566/503 2128/502/503
f 2128/502/2 2129/566/2 2131/567/2 2130/568/2
f 2130/568/504 2131/567/504 2133/569/504 2132/570/504
f 2132/570/505 2133/569/505 2135/571/505 2134/572/505
f 2129/532/3 2127/114/3 2137/527/3 2135/547/3 2133/121/3 2131/549/3
f 2134/572/4 2135/571/4 2137/573/4 2136/574/4
f 2136/574/506 2137/573/506 2127/575/506 2126/576/506
f 2126/131/26 2128/538/26 2130/550/26 2132/138/26 2134/551/26 2136/543/26
f 2138/87/503 2139/88/503 2141/566/503 2140/502/503
f 2140/502/2 2141/566/2 2143/567/2 2142/568/2
f 2142/568/504 2143/567/504 2145/569/504 2144/570/504
f 2144/570/505 2145/569/505 2147/571/505 2146/572/505
f 2141/532/3 2139/114/3 2149/527/3 2147/547/3 2145/121/3 2143/549/3
f 2146/572/4 2147/571/4 2149/573/4 2148/574/4
f 2148/574/506 2149/573/506 2139/575/506 2138/576/506
f 2138/131/26 2140/538/26 2142/550/26 2144/138/26 2146/551/26 2148/543/26
f 2150/87/503 2151/88/503 2153/566/503 2152/502/503
f 2152/502/2 2153/566/2 2155/567/2 2154/568/2
f 2154/568/504 2155/567/504 2157/569/504 2156/570/504
f 2156/570/505 2157/569/505 2159/571/505 2158/572/505
f 2153/532/3 2151/114/3 2161/527/3 2159/547/3 2157/121/3 2155/549/3
f 2158/572/4 2159/571/4 2161/573/4 2160/574/4
f 2160/574/506 2161/573/506 2151/575/506 2150/576/506
f 2150/131/26 2152/538/26 2154/550/26 2156/138/26 2158/551/26 2160/543/26
f 2162/87/503 2163/88/503 2165/566/503 2164/502/503
f 2164/502/2 2165/566/2 2167/567/2 2166/568/2
f 2166/568/504 2167/567/504 2169/569/504 2168/570/504
f 2168/570/505 2169/569/505 2171/571/505 2170/572/505
f 2165/532/3 2163/114/3 2173/527/3 2171/547/3 2169/121/3 2167/549/3
f 2170/572/4 2171/571/4 2173/573/4 2172/574/4
f 2172/574/506 2173/573/506 2163/575/506 2162/576/506
f 2162/131/26 2164/538/26 2166/550/26 2168/138/26 2170/551/26 2172/543/26
f 2182/287/4 2183/288/4 2185/289/4 2184/290/4
f 2184/290/5 2185/289/5 2189/291/5 2188/292/5
f 2188/292/2 2189/291/2 2187/293/2 2186/294/2
f 2186/294/1 2187/293/1 2183/295/1 2182/296/1
f 2184/297/26 2188/292/26 2186/294/26 2182/298/26
f 2189/291/3 2185/299/3 2183/300/3 2187/293/3
f 2328/287/4 2329/288/4 2331/289/4 2330/290/4
f 2330/290/5 2331/289/5 2335/291/5 2334/292/5
f 2334/292/2 2335/291/2 2333/293/2 2332/294/2
f 2332/294/1 2333/293/1 2329/295/1 2328/296/1
f 2330/297/26 2334/292/26 2332/294/26 2328/298/26
f 2335/291/3 2331/299/3 2329/300/3 2333/293/3
f 2397/287/4 2398/288/4 2400/289/4 2399/290/4
f 2399/290/5 2400/289/5 2404/291/5 2403/292/5
f 2403/292/2 2404/291/2 2402/293/2 2401/294/2
f 2401/294/1 2402/293/1 2398/295/1 2397/296/1
f 2399/297/26 2403/292/26 2401/294/26 2397/298/26
f 2404/291/3 2400/299/3 2398/300/3 2402/293/3
f 2405/287/4 2406/288/4 2408/289/4 2407/290/4
f 2407/290/5 2408/289/5 2412/291/5 2411/292/5
f 2411/292/2 2412/291/2 2410/293/2 2409/294/2
f 2409/294/1 2410/293/1 2406/295/1 2405/296/1
f 2407/297/26 2411/292/26 2409/294/26 2405/298/26
f 2412/291/3 2408/299/3 2406/300/3 2410/293/3
usemtl MagentaDoor
f 1027/287/4 1028/288/4 1030/289/4 1029/290/4
f 1029/290/5 1030/289/5 1034/291/5 1033/292/5
f 1033/292/2 1034/291/2 1032/293/2 1031/294/2
f 1031/294/1 1032/293/1 1028/295/1 1027/296/1
f 1029/297/26 1033/292/26 1031/294/26 1027/298/26
f 1034/291/3 1030/299/3 1028/300/3 1032/293/3
f 2251/287/4 2252/288/4 2254/289/4 2253/290/4
f 2253/290/5 2254/289/5 2258/291/5 2257/292/5
f 2257/292/2 2258/291/2 2256/293/2 2255/294/2
f 2255/294/1 2256/293/1 2252/295/1 2251/296/1
f 2253/297/26 2257/292/26 2255/294/26 2251/298/26
f 2258/291/3 2254/299/3 2252/300/3 2256/293/3
f 2320/287/4 2321/288/4 2323/289/4 2322/290/4
f 2322/290/5 2323/289/5 2327/291/5 2326/292/5
f 2326/292/2 2327/291/2 2325/293/2 2324/294/2
f 2324/294/1 2325/293/1 2321/295/1 2320/296/1
f 2322/297/26 2326/292/26 2324/294/26 2320/298/26
f 2327/291/3 2323/299/3 2321/300/3 2325/293/3
usemtl PlaqueGreen
f 1097/287/4 1098/288/4 1100/289/4 1099/290/4
f 1099/290/5 1100/289/5 1104/291/5 1103/292/5
f 1103/292/2 1104/291/2 1102/293/2 1101/294/2
f 1101/294/1 1102/293/1 1098/295/1 1097/296/1
f 1099/297/26 1103/292/26 1101/294/26 1097/298/26
f 1104/291/3 1100/299/3 1098/300/3 1102/293/3
f 2174/287/4 2175/288/4 2177/289/4 2176/290/4
f 2176/290/5 2177/289/5 2181/291/5 2180/292/5
f 2180/292/2 2181/291/2 2179/293/2 2178/294/2
f 2178/294/1 2179/293/1 2175/295/1 2174/296/1
f 2176/297/26 2180/292/26 2178/294/26 2174/298/26
f 2181/291/3 2177/299/3 2175/300/3 2179/293/3
s 1
usemtl SlimeNeon
f 1156/354/367 1155/356/368 1108/359/369 1109/355/370
f 1154/357/5 1153/464/371 1106/363/372 1107/358/373
f 1152/361/374 1135/364/3 1105/362/375
f 1141/353/26 1156/354/367 1109/355/370
f 1155/356/368 1154/357/5 1107/358/373 1108/359/369
f 1153/464/371 1152/361/374 1105/362/375 1106/363/372
f 1109/355/370 1108/359/369 1113/365/376 1114/368/377
f 1107/358/373 1106/363/372 1111/367/378 1112/174/379
f 1105/362/375 1135/369/3 1110/366/380
f 1141/370/26 1109/355/370 1114/368/377
f 1108/359/369 1107/358/373 1112/174/379 1113/365/376
f 1106/363/372 1105/362/375 1110/366/380 1111/367/378
f 1112/174/379 1111/367/378 1116/372/381 1117/375/382
f 1110/366/380 1135/376/3 1115/371/383
f 1141/377/26 1114/368/377 1119/374/384
f 1113/365/376 1112/174/379 1117/375/382 1118/373/385
f 1111/367/378 1110/366/380 1115/371/383 1116/372/381
f 1114/368/377 1113/365/376 1118/373/385 1119/374/384
f 1115/371/383 1135/382/3 1120/383/386
f 1141/384/26 1119/374/384 1124/379/387
f 1118/373/385 1117/375/382 1122/381/388 1123/378/389
f 1116/372/381 1115/371/383 1120/383/386 1121/380/390
f 1119/374/384 1118/373/385 1123/378/389 1124/379/387
f 1117/375/382 1116/372/381 1121/380/390 1122/381/388
f 1141/214/26 1124/379/387 1129/465/391
f 1123/378/389 1122/381/388 1127/433/1 1128/385/392
f 1121/380/390 1120/383/386 1125/466/393 1126/467/394
f 1124/379/387 1123/378/389 1128/385/392 1129/465/391
f 1122/381/388 1121/380/390 1126/467/394 1127/433/1
f 1120/383/386 1135/212/3 1125/466/393
f 1141/438/26 1129/465/391 1134/391/395
f 1128/385/392 1127/433/1 1132/393/396 1133/390/397
f 1126/467/394 1125/466/393 1130/395/398 1131/468/399
f 1129/465/391 1128/385/392 1133/390/397 1134/391/395
f 1127/433/1 1126/467/394 1131/468/399 1132/393/396
f 1125/466/393 1135/436/3 1130/395/398
f 1141/402/26 1134/391/395 1140/398/400
f 1133/390/397 1132/393/396 1138/234/401 1139/397/402
f 1131/468/399 1130/395/398 1136/401/403 1137/469/404
f 1134/391/395 1133/390/397 1139/397/402 1140/398/400
f 1132/393/396 1131/468/399 1137/469/404 1138/234/401
f 1130/395/398 1135/400/3 1136/401/403
f 1139/413/402 1138/403/401 1144/406/405 1145/442/406
f 1137/470/404 1136/407/403 1142/409/407 1143/443/408
f 1140/411/400 1139/413/402 1145/442/406 1146/412/409
f 1138/403/401 1137/470/404 1143/443/408 1144/406/405
f 1136/407/403 1135/408/3 1142/409/407
f 1141/410/26 1140/411/400 1146/412/409
f 1143/443/408 1142/409/407 1147/416/410 1148/445/411
f 1146/412/409 1145/442/406 1150/420/412 1151/418/413
f 1144/406/405 1143/443/408 1148/445/411 1149/419/414
f 1142/409/407 1135/471/3 1147/416/410
f 1141/472/26 1146/412/409 1151/418/413
f 1145/442/406 1144/406/405 1149/419/414 1150/420/412
f 1151/418/413 1150/420/412 1155/356/368 1156/354/367
f 1149/419/414 1148/445/411 1153/464/371 1154/357/5
f 1147/416/410 1135/273/3 1152/361/374
f 1141/274/26 1151/418/413 1156/354/367
f 1150/420/412 1149/419/414 1154/357/5 1155/356/368
f 1148/445/411 1147/416/410 1152/361/374 1153/464/371
f 1157/114/415 1165/332/3 1158/305/416
f 1158/305/416 1165/332/3 1159/473/417
f 1159/473/417 1165/332/3 1160/474/418
f 1160/474/418 1165/332/3 1161/475/419
f 1161/475/419 1165/332/3 1162/476/420
f 1162/476/420 1165/332/3 1163/477/421
f 1157/131/415 1158/316/416 1159/317/417 1160/478/418 1161/479/419 1162/480/420 1163/321/421 1164/322/422
f 1163/477/421 1165/332/3 1164/481/422
f 1164/481/422 1165/332/3 1157/114/415
f 2241/354/367 2240/356/368 2193/359/369 2194/577/370
f 2239/357/5 2238/464/371 2191/363/372 2192/358/373
f 2237/361/374 2220/364/3 2190/578/375
f 2226/353/26 2241/354/367 2194/577/370
f 2240/356/368 2239/357/5 2192/358/373 2193/359/369
f 2238/464/371 2237/361/374 2190/578/375 2191/363/372
f 2190/578/375 2220/369/3 2195/579/380
f 2226/370/26 2194/577/370 2199/580/377
f 2193/359/369 2192/358/373 2197/174/379 2198/365/376
f 2191/363/372 2190/578/375 2195/579/380 2196/367/378
f 2194/577/370 2193/359/369 2198/365/376 2199/580/377
f 2192/358/373 2191/363/372 2196/367/378 2197/174/379
f 2226/377/26 2199/580/377 2204/581/384
f 2198/365/376 2197/174/379 2202/375/382 2203/426/385
f 2196/367/378 2195/579/380 2200/582/383 2201/428/381
f 2199/580/377 2198/365/376 2203/426/385 2204/581/384
f 2197/174/379 2196/367/378 2201/428/381 2202/375/382
f 2195/579/380 2220/376/3 2200/582/383
f 2226/431/26 2204/581/384 2209/379/387
f 2203/426/385 2202/375/382 2207/381/388 2208/378/389
f 2201/428/381 2200/582/383 2205/383/507 2206/380/390
f 2204/581/384 2203/426/385 2208/378/389 2209/379/387
f 2202/375/382 2201/428/381 2206/380/390 2207/381/388
f 2200/582/383 2220/430/3 2205/383/507
f 2226/214/26 2209/379/387 2214/465/391
f 2208/378/389 2207/381/388 2212/433/1 2213/385/392
f 2206/380/390 2205/383/507 2210/466/393 2211/467/394
f 2209/379/387 2208/378/389 2213/385/392 2214/465/391
f 2207/381/388 2206/380/390 2211/467/394 2212/433/1
f 2205/383/507 2220/212/3 2210/466/393
f 2213/385/392 2212/433/1 2217/393/396 2218/390/397
f 2211/467/394 2210/466/393 2215/395/398 2216/468/399
f 2214/465/391 2213/385/392 2218/390/397 2219/391/395
f 2212/433/1 2211/467/394 2216/468/399 2217/393/396
f 2210/466/393 2220/436/3 2215/395/398
f 2226/438/26 2214/465/391 2219/391/395
f 2216/468/399 2215/395/398 2221/401/403 2222/469/404
f 2219/391/395 2218/390/397 2224/397/402 2225/398/400
f 2217/393/396 2216/468/399 2222/469/404 2223/234/401
f 2215/395/398 2220/400/3 2221/401/403
f 2226/402/26 2219/391/395 2225/398/400
f 2218/390/397 2217/393/396 2223/234/401 2224/397/402
f 2225/411/400 2224/413/402 2230/414/406 2231/412/409
f 2223/403/401 2222/470/404 2228/583/408 2229/406/405
f 2221/407/403 2220/408/3 2227/409/407
f 2226/410/26 2225/411/400 2231/412/409
f 2224/413/402 2223/403/401 2229/406/405 2230/414/406
f 2222/470/404 2221/407/403 2227/409/407 2228/583/408
f 2231/412/409 2230/414/406 2235/420/412 2236/418/413
f 2229/406/405 2228/583/408 2233/445/411 2234/419/414
f 2227/409/407 2220/415/3 2232/416/508
f 2226/417/26 2231/412/409 2236/418/413
f 2230/414/406 2229/406/405 2234/419/414 2235/420/412
f 2228/583/408 2227/409/407 2232/416/508 2233/445/411
f 2236/418/413 2235/420/412 2240/356/368 2241/354/367
f 2234/419/414 2233/445/411 2238/464/371 2239/357/5
f 2232/416/508 2220/273/3 2237/361/374
f 2226/274/26 2236/418/413 2241/354/367
f 2235/420/412 2234/419/414 2239/357/5 2240/356/368
f 2233/445/411 2232/416/508 2237/361/374 2238/464/371
f 2242/306/415 2250/332/3 2243/305/416
f 2243/305/416 2250/332/3 2244/312/417
f 2244/312/417 2250/332/3 2245/311/418
f 2245/311/418 2250/332/3 2246/310/419
f 2246/310/419 2250/332/3 2247/309/420
f 2247/309/420 2250/332/3 2248/308/421
f 2242/315/415 2243/316/416 2244/317/417 2245/318/418 2246/319/419 2247/320/420 2248/321/421 2249/322/422
f 2248/308/421 2250/332/3 2249/307/422
f 2249/307/422 2250/332/3 2242/306/415
f 2384/464/371 2383/361/374 2336/362/375 2337/363/372
f 2387/354/367 2386/584/368 2339/359/369 2340/355/370
f 2385/357/5 2384/464/371 2337/363/372 2338/358/373
f 2383/361/374 2366/585/3 2336/362/375
f 2372/586/26 2387/354/367 2340/355/370
f 2386/584/368 2385/357/5 2338/358/373 2339/359/369
f 2340/355/370 2339/359/369 2344/365/376 2345/368/377
f 2338/358/373 2337/363/372 2342/367/378 2343/174/379
f 2336/362/375 2366/369/3 2341/366/380
f 2372/370/26 2340/355/370 2345/368/377
f 2339/359/369 2338/358/373 2343/174/379 2344/365/376
f 2337/363/372 2336/362/375 2341/366/380 2342/367/378
f 2345/368/377 2344/365/376 2349/373/385 2350/429/384
f 2343/174/379 2342/367/378 2347/372/381 2348/425/382
f 2341/366/380 2366/376/3 2346/427/383
f 2372/377/26 2345/368/377 2350/429/384
f 2344/365/376 2343/174/379 2348/425/382 2349/373/385
f 2342/367/378 2341/366/380 2346/427/383 2347/372/381
f 2348/425/382 2347/372/381 2352/380/390 2353/381/388
f 2346/427/383 2366/430/3 2351/383/386
f 2372/431/26 2350/429/384 2355/379/387
f 2349/373/385 2348/425/382 2353/381/388 2354/587/389
f 2347/372/381 2346/427/383 2351/383/386 2352/380/390
f 2350/429/384 2349/373/385 2354/587/389 2355/379/387
f 2351/383/386 2366/212/3 2356/466/393
f 2372/214/26 2355/379/387 2360/465/391
f 2354/587/389 2353/381/388 2358/433/1 2359/588/392
f 2352/380/390 2351/383/386 2356/466/393 2357/467/394
f 2355/379/387 2354/587/389 2359/588/392 2360/465/391
f 2353/381/388 2352/380/390 2357/467/394 2358/433/1
f 2372/438/26 2360/465/391 2365/391/510
f 2359/588/392 2358/433/1 2363/393/396 2364/589/397
f 2357/467/394 2356/466/393 2361/395/398 2362/468/399
f 2360/465/391 2359/588/392 2364/589/397 2365/391/510
f 2358/433/1 2357/467/394 2362/468/399 2363/393/396
f 2356/466/393 2366/436/3 2361/395/398
f 2372/402/26 2365/391/510 2371/398/400
f 2364/589/397 2363/393/396 2369/234/401 2370/590/402
f 2362/468/399 2361/395/398 2367/401/403 2368/469/404
f 2365/391/510 2364/589/397 2370/590/402 2371/398/400
f 2363/393/396 2362/468/399 2368/469/404 2369/234/401
f 2361/395/398 2366/400/3 2367/401/403
f 2372/410/26 2371/411/400 2377/412/409
f 2370/591/402 2369/403/401 2375/406/405 2376/592/406
f 2368/470/404 2367/407/403 2373/409/407 2374/443/408
f 2371/411/400 2370/591/402 2376/592/406 2377/412/409
f 2369/403/401 2368/470/404 2374/443/408 2375/406/405
f 2367/407/403 2366/408/3 2373/409/407
f 2376/592/406 2375/406/405 2380/419/414 2381/593/412
f 2374/443/408 2373/409/407 2378/416/508 2379/445/411
f 2377/412/409 2376/592/406 2381/593/412 2382/418/413
f 2375/406/405 2374/443/408 2379/445/411 2380/419/414
f 2373/409/407 2366/415/3 2378/416/508
f 2372/417/26 2377/412/409 2382/418/413
f 2379/445/411 2378/416/508 2383/361/374 2384/464/371
f 2382/418/413 2381/593/412 2386/584/368 2387/354/367
f 2380/419/414 2379/445/411 2384/464/371 2385/357/5
f 2378/416/508 2366/273/3 2383/361/374
f 2372/274/26 2382/418/413 2387/354/367
f 2381/593/412 2380/419/414 2385/357/5 2386/584/368
f 2388/114/415 2396/332/3 2389/305/416
f 2389/305/416 2396/332/3 2390/473/417
f 2390/473/417 2396/332/3 2391/474/418
f 2391/474/418 2396/332/3 2392/121/419
f 2392/121/419 2396/332/3 2393/476/420
f 2393/476/420 2396/332/3 2394/546/421
f 2388/131/415 2389/316/416 2390/317/417 2391/478/418 2392/138/419 2393/480/420 2394/321/421 2395/322/422
f 2394/546/421 2396/332/3 2395/481/422
f 2395/481/422 2396/332/3 2388/114/415
f 2453/594/26 2474/595/511 2417/596/512
f 2473/597/513 2472/302/5 2415/484/514 2416/598/515
f 2471/599/516 2470/600/517 2413/601/518 2414/602/519
f 2474/595/511 2473/597/513 2416/598/515 2417/596/512
f 2472/302/5 2471/599/516 2414/602/519 2415/484/514
f 2470/600/517 2469/603/3 2413/601/518
f 2414/602/519 2413/601/518 2418/604/520 2419/605/521
f 2417/596/512 2416/598/515 2421/606/522 2422/607/523
f 2415/484/514 2414/602/519 2419/605/521 2420/608/524
f 2413/601/518 2469/295/3 2418/604/520
f 2453/288/26 2417/596/512 2422/607/523
f 2416/598/515 2415/484/514 2420/608/524 2421/606/522
f 2422/607/523 2421/606/522 2426/365/525 2427/580/526
f 2420/608/524 2419/605/521 2424/367/527 2425/174/2
f 2418/604/520 2469/609/3 2423/579/528
f 2453/610/26 2422/607/523 2427/580/526
f 2421/606/522 2420/608/524 2425/174/2 2426/365/525
f 2419/605/521 2418/604/520 2423/579/528 2424/367/527
f 2427/580/526 2426/365/525 2431/611/529 2432/612/530
f 2425/174/2 2424/367/527 2429/613/531 2430/614/532
f 2423/579/528 2469/615/3 2428/616/533
f 2453/617/26 2427/580/526 2432/612/530
f 2426/365/525 2425/174/2 2430/614/532 2431/611/529
f 2424/367/527 2423/579/528 2428/616/533 2429/613/531
f 2432/612/530 2431/611/529 2436/618/534 2437/619/535
f 2430/614/532 2429/613/531 2434/620/536 2435/621/537
f 2428/616/533 2469/296/3 2433/622/538
f 2453/287/26 2432/612/530 2437/619/535
f 2431/611/529 2430/614/532 2435/621/537 2436/618/534
f 2429/613/531 2428/616/533 2433/622/538 2434/620/536
f 2437/619/535 2436/618/534 2441/623/539 2442/624/540
f 2435/621/537 2434/620/536 2439/625/541 2440/304/1
f 2433/622/538 2469/626/3 2438/627/542
f 2453/628/26 2437/619/535 2442/624/540
f 2436/618/534 2435/621/537 2440/304/1 2441/623/539
f 2434/620/536 2433/622/538 2438/627/542 2439/625/541
f 2440/304/1 2439/625/541 2444/629/543 2445/494/544
f 2438/627/542 2469/630/3 2443/631/545
f 2453/632/26 2442/624/540 2447/633/546
f 2441/623/539 2440/304/1 2445/494/544 2446/634/547
f 2439/625/541 2438/627/542 2443/631/545 2444/629/543
f 2442/624/540 2441/623/539 2446/634/547 2447/633/546
f 2443/631/545 2469/313/3 2448/635/548
f 2453/636/26 2447/633/546 2452/637/549
f 2446/634/547 2445/494/544 2450/638/550 2451/639/551
f 2444/629/543 2443/631/545 2448/635/548 2449/640/552
f 2447/633/546 2446/634/547 2451/639/551 2452/637/549
f 2445/494/544 2444/629/543 2449/640/552 2450/638/550
f 2453/641/26 2452/637/549 2458/439/553
f 2451/639/551 2450/638/550 2456/234/4 2457/397/554
f 2449/640/552 2448/635/548 2454/440/555 2455/469/556
f 2452/637/549 2451/639/551 2457/397/554 2458/439/553
f 2450/638/550 2449/640/552 2455/469/556 2456/234/4
f 2448/635/548 2469/642/3 2454/440/555
f 2453/643/26 2458/644/553 2463/645/557
f 2457/646/554 2456/87/4 2461/647/558 2462/648/559
f 2455/649/556 2454/650/555 2459/651/560 2460/652/561
f 2458/644/553 2457/646/554 2462/648/559 2463/645/557
f 2456/87/4 2455/649/556 2460/652/561 2461/647/558
f 2454/650/555 2469/653/3 2459/651/560
f 2453/654/26 2463/645/557 2468/655/562
f 2462/648/559 2461/647/558 2466/508/563 2467/656/564
f 2460/652/561 2459/651/560 2464/657/565 2465/658/566
f 2463/645/557 2462/648/559 2467/656/564 2468/655/562
f 2461/647/558 2460/652/561 2465/658/566 2466/508/563
f 2459/651/560 2469/301/3 2464/657/565
f 2467/656/564 2466/508/563 2472/302/5 2473/597/513
f 2465/658/566 2464/657/565 2470/600/517 2471/599/516
f 2468/655/562 2467/656/564 2473/597/513 2474/595/511
f 2466/508/563 2465/658/566 2471/599/516 2472/302/5
f 2464/657/565 2469/659/3 2470/600/517
f 2453/660/26 2468/655/562 2474/595/511
f 2534/661/517 2507/603/3 2477/662/518
f 2513/594/26 2536/663/511 2481/664/512
f 2476/597/513 2535/302/5 2479/484/514 2480/598/515
f 2475/599/516 2534/661/517 2477/662/518 2478/602/519
f 2536/663/511 2476/597/513 2480/598/515 2481/664/512
f 2535/302/5 2475/599/516 2478/602/519 2479/484/514
f 2513/288/26 2481/664/512 2486/665/523
f 2480/598/515 2479/484/514 2484/608/524 2485/606/522
f 2478/602/519 2477/662/518 2482/666/520 2483/605/521
f 2481/664/512 2480/598/515 2485/606/522 2486/665/523
f 2479/484/514 2478/602/519 2483/605/521 2484/608/524
f 2477/662/518 2507/295/3 2482/666/520
f 2485/606/522 2484/608/524 2489/174/2 2490/365/525
f 2483/605/521 2482/666/520 2487/366/528 2488/667/527
f 2486/665/523 2485/606/522 2490/365/525 2491/368/526
f 2484/608/524 2483/605/521 2488/667/527 2489/174/2
f 2482/666/520 2507/609/3 2487/366/528
f 2513/610/26 2486/665/523 2491/368/526
f 2488/667/527 2487/366/528 2492/668/533 2493/669/531
f 2491/368/526 2490/365/525 2495/611/529 2496/670/530
f 2489/174/2 2488/667/527 2493/669/531 2494/614/532
f 2487/366/528 2507/615/3 2492/668/533
f 2513/617/26 2491/368/526 2496/670/530
f 2490/365/525 2489/174/2 2494/614/532 2495/611/529
f 2496/670/530 2495/611/529 2500/618/534 2501/671/535
f 2494/614/532 2493/669/531 2498/672/536 2499/621/537
f 2492/668/533 2507/296/3 2497/673/538
f 2513/287/26 2496/670/530 2501/671/535
f 2495/611/529 2494/614/532 2499/621/537 2500/618/534
f 2493/669/531 2492/668/533 2497/673/538 2498/672/536
f 2501/671/535 2500/618/534 2505/623/539 2506/674/540
f 2499/621/537 2498/672/536 2503/675/541 2504/304/1
f 2497/673/538 2507/626/3 2502/676/542
f 2513/628/26 2501/671/535 2506/674/540
f 2500/618/534 2499/621/537 2504/304/1 2505/623/539
f 2498/672/536 2497/673/538 2502/676/542 2503/675/541
f 2506/674/540 2505/623/539 2511/634/547 2512/677/546
f 2504/304/1 2503/675/541 2509/678/543 2510/494/544
f 2502/676/542 2507/630/3 2508/679/545
f 2513/632/26 2506/674/540 2512/677/546
f 2505/623/539 2504/304/1 2510/494/544 2511/634/547
f 2503/675/541 2502/676/542 2508/679/545 2509/678/543
f 2512/677/546 2511/634/547 2517/680/551 2518/681/549
f 2510/494/544 2509/678/543 2515/682/552 2516/638/550
f 2508/679/545 2507/313/3 2514/683/548
f 2513/636/26 2512/677/546 2518/681/549
f 2511/634/547 2510/494/544 2516/638/550 2517/680/551
f 2509/678/543 2508/679/545 2514/683/548 2515/682/552
f 2516/638/550 2515/682/552 2520/399/556 2521/234/4
f 2514/683/548 2507/642/3 2519/401/555
f 2513/641/26 2518/681/549 2523/398/553
f 2517/680/551 2516/638/550 2521/234/4 2522/397/554
f 2515/682/552 2514/683/548 2519/401/555 2520/399/556
f 2518/681/549 2517/680/551 2522/397/554 2523/398/553
f 2519/684/555 2507/653/3 2524/685/560
f 2513/643/26 2523/686/553 2528/687/557
f 2522/646/554 2521/87/4 2526/647/558 2527/648/559
f 2520/688/556 2519/684/555 2524/685/560 2525/689/561
f 2523/686/553 2522/646/554 2527/648/559 2528/687/557
f 2521/87/4 2520/688/556 2525/689/561 2526/647/558
f 2513/654/26 2528/687/557 2533/690/562
f 2527/648/559 2526/647/558 2531/508/563 2532/691/564
f 2525/689/561 2524/685/560 2529/692/565 2530/693/566
f 2528/687/557 2527/648/559 2532/691/564 2533/690/562
f 2526/647/558 2525/689/561 2530/693/566 2531/508/563
f 2524/685/560 2507/301/3 2529/692/565
f 2513/660/26 2533/690/562 2536/663/511
f 2532/691/564 2531/508/563 2535/302/5 2476/597/513
f 2530/693/566 2529/692/565 2534/661/517 2475/599/516
f 2533/690/562 2532/691/564 2476/597/513 2536/663/511
f 2531/508/563 2530/693/566 2475/599/516 2535/302/5
f 2529/692/565 2507/659/3 2534/661/517
f 2575/594/26 2598/595/511 2543/596/512
f 2538/597/513 2597/302/5 2541/484/514 2542/598/515
f 2537/599/516 2596/600/517 2539/601/518 2540/602/519
f 2598/595/511 2538/597/513 2542/598/515 2543/596/512
f 2597/302/5 2537/599/516 2540/602/519 2541/484/514
f 2596/600/517 2569/603/3 2539/601/518
f 2540/602/519 2539/601/518 2544/604/520 2545/605/521
f 2543/596/512 2542/598/515 2547/606/522 2548/607/523
f 2541/484/514 2540/602/519 2545/605/521 2546/608/524
f 2539/601/518 2569/295/3 2544/604/520
f 2575/288/26 2543/596/512 2548/607/523
f 2542/598/515 2541/484/514 2546/608/524 2547/606/522
f 2548/607/523 2547/606/522 2552/365/525 2553/580/526
f 2546/608/524 2545/605/521 2550/667/527 2551/174/2
f 2544/604/520 2569/609/3 2549/579/528
f 2575/610/26 2548/607/523 2553/580/526
f 2547/606/522 2546/608/524 2551/174/2 2552/365/525
f 2545/605/521 2544/604/520 2549/579/528 2550/667/527
f 2553/580/526 2552/365/525 2557/611/529 2558/612/530
f 2551/174/2 2550/667/527 2555/669/531 2556/614/532
f 2549/579/528 2569/615/3 2554/616/533
f 2575/617/26 2553/580/526 2558/612/530
f 2552/365/525 2551/174/2 2556/614/532 2557/611/529
f 2550/667/527 2549/579/528 2554/616/533 2555/669/531
f 2558/612/530 2557/611/529 2562/618/534 2563/619/535
f 2556/614/532 2555/669/531 2560/672/536 2561/621/537
f 2554/616/533 2569/296/3 2559/622/538
f 2575/287/26 2558/612/530 2563/619/535
f 2557/611/529 2556/614/532 2561/621/537 2562/618/534
f 2555/669/531 2554/616/533 2559/622/538 2560/672/536
f 2563/619/535 2562/618/534 2567/694/539 2568/624/540
f 2561/621/537 2560/672/536 2565/695/541 2566/304/1
f 2559/622/538 2569/626/3 2564/627/542
f 2575/628/26 2563/619/535 2568/624/540
f 2562/618/534 2561/621/537 2566/304/1 2567/694/539
f 2560/672/536 2559/622/538 2564/627/542 2565/695/541
f 2566/304/1 2565/695/541 2571/678/543 2572/494/544
f 2564/627/542 2569/630/3 2570/631/545
f 2575/632/26 2568/624/540 2574/633/546
f 2567/694/539 2566/304/1 2572/494/544 2573/634/547
f 2565/695/541 2564/627/542 2570/631/545 2571/678/543
f 2568/624/540 2567/694/539 2573/634/547 2574/633/546
f 2570/631/545 2569/313/3 2576/635/548
f 2575/636/26 2574/633/546 2580/637/549
f 2573/634/547 2572/494/544 2578/638/550 2579/680/551
f 2571/678/543 2570/631/545 2576/635/548 2577/682/552
f 2574/633/546 2573/634/547 2579/680/551 2580/637/549
f 2572/494/544 2571/678/543 2577/682/552 2578/638/550
f 2575/696/26 2580/637/549 2585/439/553
f 2579/680/551 2578/638/550 2583/234/4 2584/397/554
f 2577/682/552 2576/635/548 2581/440/555 2582/399/556
f 2580/637/549 2579/680/551 2584/397/554 2585/439/553
f 2578/638/550 2577/682/552 2582/399/556 2583/234/4
f 2576/635/548 2569/697/3 2581/440/555
f 2575/698/26 2585/644/553 2590/645/557
f 2584/646/554 2583/87/4 2588/647/558 2589/648/559
f 2582/688/556 2581/650/555 2586/651/560 2587/689/561
f 2585/644/553 2584/646/554 2589/648/559 2590/645/557
f 2583/87/4 2582/688/556 2587/689/561 2588/647/558
f 2581/650/555 2569/699/3 2586/651/560
f 2575/654/26 2590/645/557 2595/655/562
f 2589/648/559 2588/647/558 2593/508/563 2594/691/564
f 2587/689/561 2586/651/560 2591/657/565 2592/693/566
f 2590/645/557 2589/648/559 2594/691/564 2595/655/562
f 2588/647/558 2587/689/561 2592/693/566 2593/508/563
f 2586/651/560 2569/301/3 2591/657/565
f 2594/691/564 2593/508/563 2597/302/5 2538/597/513
f 2592/693/566 2591/657/565 2596/600/517 2537/599/516
f 2595/655/562 2594/691/564 2538/597/513 2598/595/511
f 2593/508/563 2592/693/566 2537/599/516 2597/302/5
f 2591/657/565 2569/659/3 2596/600/517
f 2575/660/26 2595/655/562 2598/595/511
f 2639/594/26 2660/595/511 2603/664/512
f 2659/597/513 2658/302/5 2601/484/514 2602/598/515
f 2657/599/516 2656/600/517 2599/662/518 2600/602/519
f 2660/595/511 2659/597/513 2602/598/515 2603/664/512
f 2658/302/5 2657/599/516 2600/602/519 2601/484/514
f 2656/600/517 2655/603/3 2599/662/518
f 2603/664/512 2602/598/515 2607/606/522 2608/607/523
f 2601/484/514 2600/602/519 2605/605/521 2606/608/524
f 2599/662/518 2655/295/3 2604/604/520
f 2639/288/26 2603/664/512 2608/607/523
f 2602/598/515 2601/484/514 2606/608/524 2607/606/522
f 2600/602/519 2599/662/518 2604/604/520 2605/605/521
f 2608/607/523 2607/606/522 2612/365/525 2613/580/526
f 2606/608/524 2605/605/521 2610/667/527 2611/174/2
f 2604/604/520 2655/609/3 2609/579/528
f 2639/610/26 2608/607/523 2613/580/526
f 2607/606/522 2606/608/524 2611/174/2 2612/365/525
f 2605/605/521 2604/604/520 2609/579/528 2610/667/527
f 2613/580/526 2612/365/525 2617/611/529 2618/612/530
f 2611/174/2 2610/667/527 2615/669/531 2616/614/532
f 2609/579/528 2655/615/3 2614/616/533
f 2639/617/26 2613/580/526 2618/612/530
f 2612/365/525 2611/174/2 2616/614/532 2617/611/529
f 2610/667/527 2609/579/528 2614/616/533 2615/669/531
f 2618/612/530 2617/611/529 2622/618/534 2623/619/535
f 2616/614/532 2615/669/531 2620/672/536 2621/621/537
f 2614/616/533 2655/296/3 2619/622/538
f 2639/287/26 2618/612/530 2623/619/535
f 2617/611/529 2616/614/532 2621/621/537 2622/618/534
f 2615/669/531 2614/616/533 2619/622/538 2620/672/536
f 2621/621/537 2620/672/536 2625/675/541 2626/304/1
f 2619/622/538 2655/626/3 2624/627/542
f 2639/628/26 2623/619/535 2628/624/540
f 2622/618/534 2621/621/537 2626/304/1 2627/623/539
f 2620/672/536 2619/622/538 2624/627/542 2625/675/541
f 2623/619/535 2622/618/534 2627/623/539 2628/624/540
f 2624/627/542 2655/630/3 2629/631/545
f 2639/632/26 2628/624/540 2633/633/546
f 2627/623/539 2626/304/1 2631/494/544 2632/634/547
f 2625/675/541 2624/627/542 2629/631/545 2630/678/543
f 2628/624/540 2627/623/539 2632/634/547 2633/633/546
f 2626/304/1 2625/675/541 2630/678/543 2631/494/544
f 2639/636/26 2633/633/546 2638/637/549
f 2632/634/547 2631/494/544 2636/638/550 2637/639/551
f 2630/678/543 2629/631/545 2634/635/548 2635/700/552
f 2633/633/546 2632/634/547 2637/639/551 2638/637/549
f 2631/494/544 2630/678/543 2635/700/552 2636/638/550
f 2629/631/545 2655/313/3 2634/635/548
f 2639/641/26 2638/637/549 2644/439/553
f 2637/639/551 2636/638/550 2642/234/4 2643/397/554
f 2635/700/552 2634/635/548 2640/440/555 2641/469/556
f 2638/637/549 2637/639/551 2643/397/554 2644/439/553
f 2636/638/550 2635/700/552 2641/469/556 2642/234/4
f 2634/635/548 2655/642/3 2640/440/555
f 2639/643/26 2644/644/553 2649/645/557
f 2643/646/554 2642/87/4 2647/647/558 2648/648/559
f 2641/649/556 2640/650/555 2645/651/560 2646/652/561
f 2644/644/553 2643/646/554 2648/648/559 2649/645/557
f 2642/87/4 2641/649/556 2646/652/561 2647/647/558
f 2640/650/555 2655/653/3 2645/651/560
f 2648/648/559 2647/647/558 2652/508/563 2653/656/564
f 2646/652/561 2645/651/560 2650/657/565 2651/701/566
f 2649/645/557 2648/648/559 2653/656/564 2654/655/562
f 2647/647/558 2646/652/561 2651/701/566 2652/508/563
f 2645/651/560 2655/301/3 2650/657/565
f 2639/654/26 2649/645/557 2654/655/562
f 2651/701/566 2650/657/565 2656/600/517 2657/599/516
f 2654/655/562 2653/656/564 2659/597/513 2660/595/511
f 2652/508/563 2651/701/566 2657/599/516 2658/302/5
f 2650/657/565 2655/659/3 2656/600/517
f 2639/660/26 2654/655/562 2660/595/511
f 2653/656/564 2652/508/563 2658/302/5 2659/597/513
f 2722/702/511 2663/597/513 2667/598/515 2668/664/512
f 2662/302/5 2661/599/516 2665/602/519 2666/484/514
f 2721/703/517 2694/603/3 2664/662/518
f 2705/594/26 2722/702/511 2668/664/512
f 2663/597/513 2662/302/5 2666/484/514 2667/598/515
f 2661/599/516 2721/703/517 2664/662/518 2665/602/519
f 2705/288/26 2668/664/512 2673/665/523
f 2667/598/515 2666/484/514 2671/608/524 2672/606/522
f 2665/602/519 2664/662/518 2669/666/520 2670/704/521
f 2668/664/512 2667/598/515 2672/606/522 2673/665/523
f 2666/484/514 2665/602/519 2670/704/521 2671/608/524
f 2664/662/518 2694/295/3 2669/666/520
f 2705/610/26 2673/665/523 2678/368/526
f 2672/606/522 2671/608/524 2676/174/2 2677/365/525
f 2670/704/521 2669/666/520 2674/366/528 2675/667/527
f 2673/665/523 2672/606/522 2677/365/525 2678/368/526
f 2671/608/524 2670/704/521 2675/667/527 2676/174/2
f 2669/666/520 2694/609/3 2674/366/528
f 2705/705/26 2678/368/526 2683/670/530
f 2677/365/525 2676/174/2 2681/614/532 2682/611/529
f 2675/667/527 2674/366/528 2679/668/533 2680/669/531
f 2678/368/526 2677/365/525 2682/611/529 2683/670/530
f 2676/174/2 2675/667/527 2680/669/531 2681/614/532
f 2674/366/528 2694/706/3 2679/668/533
f 2682/611/529 2681/614/532 2686/621/537 2687/618/534
f 2680/669/531 2679/668/533 2684/622/538 2685/672/536
f 2683/670/530 2682/611/529 2687/618/534 2688/619/535
f 2681/614/532 2680/669/531 2685/672/536 2686/621/537
f 2679/668/533 2694/296/3 2684/622/538
f 2705/287/26 2683/670/530 2688/619/535
f 2685/672/536 2684/622/538 2689/627/542 2690/675/541
f 2688/619/535 2687/618/534 2692/623/539 2693/624/540
f 2686/621/537 2685/672/536 2690/675/541 2691/304/1
f 2684/622/538 2694/707/3 2689/627/542
f 2705/708/26 2688/619/535 2693/624/540
f 2687/618/534 2686/621/537 2691/304/1 2692/623/539
f 2693/624/540 2692/623/539 2698/634/547 2699/633/546
f 2691/304/1 2690/675/541 2696/678/543 2697/494/544
f 2689/627/542 2694/709/3 2695/631/545
f 2705/710/26 2693/624/540 2699/633/546
f 2692/623/539 2691/304/1 2697/494/544 2698/634/547
f 2690/675/541 2689/627/542 2695/631/545 2696/678/543
f 2699/633/546 2698/634/547 2703/680/551 2704/711/549
f 2697/494/544 2696/678/543 2701/682/552 2702/712/550
f 2695/631/545 2694/713/3 2700/714/548
f 2705/715/26 2699/633/546 2704/711/549
f 2698/634/547 2697/494/544 2702/712/550 2703/680/551
f 2696/678/543 2695/631/545 2700/714/548 2701/682/552
f 2704/711/549 2703/680/551 2709/397/554 2710/439/553
f 2702/712/550 2701/682/552 2707/399/556 2708/234/4
f 2700/714/548 2694/697/3 2706/440/555
f 2705/696/26 2704/711/549 2710/439/553
f 2703/680/551 2702/712/550 2708/234/4 2709/397/554
f 2701/682/552 2700/714/548 2706/440/555 2707/399/556
f 2710/644/553 2709/646/554 2714/648/559 2715/645/557
f 2708/87/4 2707/688/556 2712/689/561 2713/647/558
f 2706/650/555 2694/653/3 2711/651/560
f 2705/643/26 2710/644/553 2715/645/557
f 2709/646/554 2708/87/4 2713/647/558 2714/648/559
f 2707/688/556 2706/650/555 2711/651/560 2712/689/561
f 2713/647/558 2712/689/561 2717/693/566 2718/716/563
f 2711/651/560 2694/717/3 2716/718/565
f 2705/719/26 2715/645/557 2720/720/562
f 2714/648/559 2713/647/558 2718/716/563 2719/691/564
f 2712/689/561 2711/651/560 2716/718/565 2717/693/566
f 2715/645/557 2714/648/559 2719/691/564 2720/720/562
f 2716/718/565 2694/659/3 2721/703/517
f 2705/660/26 2720/720/562 2722/702/511
f 2719/691/564 2718/716/563 2662/302/5 2663/597/513
f 2717/693/566 2716/718/565 2721/703/517 2661/599/516
f 2720/720/562 2719/691/564 2663/597/513 2722/702/511
f 2718/716/563 2717/693/566 2661/599/516 2662/302/5
f 2725/597/513 2724/302/5 2728/484/514 2729/598/515
f 2723/599/516 2783/703/517 2726/662/518 2727/602/519
f 2784/702/511 2725/597/513 2729/598/515 2730/664/512
f 2724/302/5 2723/599/516 2727/602/519 2728/484/514
f 2783/703/517 2756/603/3 2726/662/518
f 2767/594/26 2784/702/511 2730/664/512
f 2730/664/512 2729/598/515 2734/606/522 2735/665/523
f 2728/484/514 2727/602/519 2732/704/521 2733/608/524
f 2726/662/518 2756/295/3 2731/666/520
f 2767/288/26 2730/664/512 2735/665/523
f 2729/598/515 2728/484/514 2733/608/524 2734/606/522
f 2727/602/519 2726/662/518 2731/666/520 2732/704/521
f 2735/665/523 2734/606/522 2739/365/525 2740/368/526
f 2733/608/524 2732/704/521 2737/667/527 2738/174/2
f 2731/666/520 2756/609/3 2736/366/528
f 2767/610/26 2735/665/523 2740/368/526
f 2734/606/522 2733/608/524 2738/174/2 2739/365/525
f 2732/704/521 2731/666/520 2736/366/528 2737/667/527
f 2740/368/526 2739/365/525 2744/611/529 2745/670/530
f 2738/174/2 2737/667/527 2742/669/531 2743/614/532
f 2736/366/528 2756/706/3 2741/668/533
f 2767/705/26 2740/368/526 2745/670/530
f 2739/365/525 2738/174/2 2743/614/532 2744/611/529
f 2737/667/527 2736/366/528 2741/668/533 2742/669/531
f 2743/614/532 2742/669/531 2747/672/536 2748/621/537
f 2741/668/533 2756/296/3 2746/622/538
f 2767/287/26 2745/670/530 2750/619/535
f 2744/611/529 2743/614/532 2748/621/537 2749/618/534
f 2742/669/531 2741/668/533 2746/622/538 2747/672/536
f 2745/670/530 2744/611/529 2749/618/534 2750/619/535
f 2746/622/538 2756/707/3 2751/627/542
f 2767/708/26 2750/619/535 2755/624/540
f 2749/618/534 2748/621/537 2753/304/1 2754/623/539
f 2747/672/536 2746/622/538 2751/627/542 2752/675/541
f 2750/619/535 2749/618/534 2754/623/539 2755/624/540
f 2748/621/537 2747/672/536 2752/675/541 2753/304/1
f 2767/710/26 2755/624/540 2761/633/546
f 2754/623/539 2753/304/1 2759/494/544 2760/634/547
f 2752/675/541 2751/627/542 2757/631/545 2758/678/543
f 2755/624/540 2754/623/539 2760/634/547 2761/633/546
f 2753/304/1 2752/675/541 2758/678/543 2759/494/544
f 2751/627/542 2756/709/3 2757/631/545
f 2767/715/26 2761/633/546 2766/711/549
f 2760/634/547 2759/494/544 2764/712/550 2765/680/551
f 2758/678/543 2757/631/545 2762/714/548 2763/682/552
f 2761/633/546 2760/634/547 2765/680/551 2766/711/549
f 2759/494/544 2758/678/543 2763/682/552 2764/712/550
f 2757/631/545 2756/713/3 2762/714/548
f 2767/696/26 2766/711/549 2772/439/553
f 2765/680/551 2764/712/550 2770/234/4 2771/397/554
f 2763/682/552 2762/714/548 2768/440/555 2769/399/556
f 2766/711/549 2765/680/551 2771/397/554 2772/439/553
f 2764/712/550 2763/682/552 2769/399/556 2770/234/4
f 2762/714/548 2756/697/3 2768/440/555
f 2771/646/554 2770/87/4 2775/647/558 2776/648/559
f 2769/688/556 2768/650/555 2773/651/560 2774/689/561
f 2772/644/553 2771/646/554 2776/648/559 2777/645/557
f 2770/87/4 2769/688/556 2774/689/561 2775/647/558
f 2768/650/555 2756/653/3 2773/651/560
f 2767/643/26 2772/644/553 2777/645/557
f 2774/689/561 2773/651/560 2778/718/565 2779/693/566
f 2777/645/557 2776/648/559 2781/691/564 2782/720/562
f 2775/647/558 2774/689/561 2779/693/566 2780/716/563
f 2773/651/560 2756/717/3 2778/718/565
f 2767/719/26 2777/645/557 2782/720/562
f 2776/648/559 2775/647/558 2780/716/563 2781/691/564
f 2782/720/562 2781/691/564 2725/597/513 2784/702/511
f 2780/716/563 2779/693/566 2723/599/516 2724/302/5
f 2778/718/565 2756/659/3 2783/703/517
f 2767/660/26 2782/720/562 2784/702/511
f 2781/691/564 2780/716/563 2724/302/5 2725/597/513
f 2779/693/566 2778/718/565 2783/703/517 2723/599/516
usemtl WindowGlow
f 1186/482/26 1176/483/423 1179/172/424
f 1175/484/5 1174/485/425 1177/171/426 1178/174/427
f 1176/483/423 1175/484/5 1178/174/427 1179/172/424
f 1174/485/425 1187/486/3 1177/171/426
f 1178/174/427 1177/171/426 1180/487/428 1181/488/429
f 1179/172/424 1178/174/427 1181/488/429 1182/489/430
f 1177/171/426 1187/490/3 1180/487/428
f 1186/491/26 1179/172/424 1182/489/430
f 1186/214/26 1182/489/430 1185/492/431
f 1181/488/429 1180/487/428 1183/493/432 1184/494/1
f 1182/489/430 1181/488/429 1184/494/1 1185/492/431
f 1180/487/428 1187/212/3 1183/493/432
f 1186/495/26 1185/492/431 1190/237/433
f 1184/494/1 1183/493/432 1188/236/434 1189/234/435
f 1185/492/431 1184/494/1 1189/234/435 1190/237/433
f 1183/493/432 1187/496/3 1188/236/434
f 1186/497/26 1190/498/433 1193/499/436
f 1189/403/435 1188/500/434 1191/501/437 1192/502/438
f 1190/498/433 1189/403/435 1192/502/438 1193/499/436
f 1188/500/434 1187/503/3 1191/501/437
f 1186/504/26 1193/499/436 1176/483/423
f 1192/502/438 1191/501/437 1174/485/425 1175/484/5
f 1193/499/436 1192/502/438 1175/484/5 1176/483/423
f 1191/501/437 1187/505/3 1174/485/425
f 1214/482/26 1204/483/423 1207/172/424
f 1203/484/5 1202/485/425 1205/171/426 1206/174/427
f 1204/483/423 1203/484/5 1206/174/427 1207/172/424
f 1202/485/425 1215/486/3 1205/171/426
f 1214/491/26 1207/172/424 1210/489/430
f 1206/174/427 1205/171/426 1208/487/428 1209/488/429
f 1207/172/424 1206/174/427 1209/488/429 1210/489/430
f 1205/171/426 1215/490/3 1208/487/428
f 1214/214/26 1210/489/430 1213/492/431
f 1209/488/429 1208/487/428 1211/493/432 1212/494/1
f 1210/489/430 1209/488/429 1212/494/1 1213/492/431
f 1208/487/428 1215/212/3 1211/493/432
f 1214/495/26 1213/492/431 1218/237/433
f 1212/494/1 1211/493/432 1216/236/434 1217/234/435
f 1213/492/431 1212/494/1 1217/234/435 1218/237/433
f 1211/493/432 1215/496/3 1216/236/434
f 1216/500/434 1215/503/3 1219/501/437
f 1214/497/26 1218/498/433 1221/499/436
f 1217/403/435 1216/500/434 1219/501/437 1220/502/438
f 1218/498/433 1217/403/435 1220/502/438 1221/499/436
f 1221/499/436 1220/502/438 1203/484/5 1204/483/423
f 1219/501/437 1215/505/3 1202/485/425
f 1214/504/26 1221/499/436 1204/483/423
f 1220/502/438 1219/501/437 1202/485/425 1203/484/5
s 0
f 1222/287/4 1223/288/4 1225/289/4 1224/290/4
f 1224/290/5 1225/289/5 1229/291/5 1228/292/5
f 1228/292/2 1229/291/2 1227/293/2 1226/294/2
f 1226/294/1 1227/293/1 1223/295/1 1222/296/1
f 1224/297/26 1228/292/26 1226/294/26 1222/298/26
f 1229/291/3 1225/299/3 1223/300/3 1227/293/3
s 1
f 1230/87/439 1231/88/440 1233/503/441 1232/506/442
f 1232/506/442 1233/503/441 1235/507/443 1234/508/444
f 1234/508/444 1235/507/443 1237/509/445 1236/510/446
f 1236/510/446 1237/509/445 1239/511/447 1238/512/448
f 1238/512/448 1239/511/447 1241/513/449 1240/514/450
f 1240/514/450 1241/513/449 1243/515/451 1242/516/452
f 1242/516/452 1243/515/451 1245/517/453 1244/518/454
f 1244/518/454 1245/517/453 1247/519/455 1246/520/456
f 1246/520/456 1247/519/455 1249/521/457 1248/522/458
f 1248/522/458 1249/521/457 1251/523/459 1250/524/460
f 1233/525/441 1231/306/440 1253/526/461 1251/527/459 1249/308/457 1247/528/455 1245/529/453 1243/310/451 1241/530/449 1239/531/447 1237/312/445 1235/532/443
f 1250/524/460 1251/523/459 1253/533/461 1252/534/462
f 1252/534/462 1253/533/461 1231/535/440 1230/536/439
f 1230/315/439 1232/537/442 1234/538/444 1236/317/446 1238/539/448 1240/540/450 1242/319/452 1244/541/454 1246/542/456 1248/321/458 1250/543/460 1252/544/462
s 0
f 1322/287/4 1323/288/4 1325/289/4 1324/290/4
f 1324/290/5 1325/289/5 1329/291/5 1328/292/5
f 1328/292/2 1329/291/2 1327/293/2 1326/294/2
f 1326/294/1 1327/293/1 1323/295/1 1322/296/1
f 1324/297/26 1328/292/26 1326/294/26 1322/298/26
f 1329/291/3 1325/299/3 1323/300/3 1327/293/3
s 1
f 1330/87/439 1331/88/440 1333/503/441 1332/506/442
f 1332/506/442 1333/503/441 1335/507/443 1334/508/444
f 1334/508/444 1335/507/443 1337/509/445 1336/510/446
f 1336/510/446 1337/509/445 1339/511/447 1338/512/448
f 1338/512/448 1339/511/447 1341/513/449 1340/514/450
f 1340/514/450 1341/513/449 1343/515/451 1342/516/452
f 1342/516/452 1343/515/451 1345/517/453 1344/518/454
f 1344/518/454 1345/517/453 1347/519/455 1346/520/456
f 1346/520/456 1347/519/455 1349/521/457 1348/522/458
f 1348/522/458 1349/521/457 1351/523/459 1350/524/460
f 1333/525/441 1331/306/440 1353/526/461 1351/527/459 1349/308/457 1347/528/455 1345/529/453 1343/310/451 1341/530/449 1339/531/447 1337/312/445 1335/532/443
f 1350/524/460 1351/523/459 1353/533/461 1352/534/462
f 1352/534/462 1353/533/461 1331/535/440 1330/536/439
f 1330/315/439 1332/537/442 1334/538/444 1336/317/446 1338/539/448 1340/540/450 1342/319/452 1344/541/454 1346/542/456 1348/321/458 1350/543/460 1352/544/462
s 0
f 1370/287/4 1371/288/4 1373/289/4 1372/290/4
f 1372/290/5 1373/289/5 1377/291/5 1376/292/5
f 1376/292/2 1377/291/2 1375/293/2 1374/294/2
f 1374/294/1 1375/293/1 1371/295/1 1370/296/1
f 1372/297/26 1376/292/26 1374/294/26 1370/298/26
f 1377/291/3 1373/299/3 1371/300/3 1375/293/3
s 1
f 1378/87/439 1379/88/440 1381/503/441 1380/506/442
f 1380/506/442 1381/503/441 1383/507/443 1382/508/444
f 1382/508/444 1383/507/443 1385/509/445 1384/510/446
f 1384/510/446 1385/509/445 1387/511/447 1386/512/448
f 1386/512/448 1387/511/447 1389/513/449 1388/514/450
f 1388/514/450 1389/513/449 1391/515/451 1390/516/452
f 1390/516/452 1391/515/451 1393/517/453 1392/518/454
f 1392/518/454 1393/517/453 1395/519/455 1394/520/456
f 1394/520/456 1395/519/455 1397/521/457 1396/522/458
f 1396/522/458 1397/521/457 1399/523/459 1398/524/460
f 1381/525/441 1379/114/440 1401/545/461 1399/527/459 1397/546/457 1395/547/455 1393/548/453 1391/121/451 1389/530/449 1387/549/447 1385/473/445 1383/532/443
f 1398/524/460 1399/523/459 1401/533/461 1400/534/462
f 1400/534/462 1401/533/461 1379/535/440 1378/536/439
f 1378/131/439 1380/537/442 1382/538/444 1384/317/446 1386/550/448 1388/540/450 1390/138/452 1392/541/454 1394/551/456 1396/321/458 1398/543/460 1400/544/462
s 0
f 1470/287/4 1471/288/4 1473/289/4 1472/290/4
f 1472/290/5 1473/289/5 1477/291/5 1476/292/5
f 1476/292/2 1477/291/2 1475/293/2 1474/294/2
f 1474/294/1 1475/293/1 1471/295/1 1470/296/1
f 1472/297/26 1476/292/26 1474/294/26 1470/298/26
f 1477/291/3 1473/299/3 1471/300/3 1475/293/3
s 1
f 1478/87/439 1479/88/440 1481/503/441 1480/506/442
f 1480/506/442 1481/503/441 1483/507/443 1482/508/444
f 1482/508/444 1483/507/443 1485/509/445 1484/510/446
f 1484/510/446 1485/509/445 1487/511/447 1486/512/448
f 1486/512/448 1487/511/447 1489/513/449 1488/514/450
f 1488/514/450 1489/513/449 1491/515/451 1490/516/452
f 1490/516/452 1491/515/451 1493/517/453 1492/518/454
f 1492/518/454 1493/517/453 1495/519/455 1494/520/456
f 1494/520/456 1495/519/455 1497/521/457 1496/522/458
f 1496/522/458 1497/521/457 1499/523/459 1498/524/460
f 1481/525/441 1479/114/440 1501/545/461 1499/527/459 1497/546/457 1495/547/455 1493/548/453 1491/121/451 1489/530/449 1487/549/447 1485/473/445 1483/532/443
f 1498/524/460 1499/523/459 1501/533/461 1500/534/462
f 1500/534/462 1501/533/461 1479/535/440 1478/536/439
f 1478/131/439 1480/537/442 1482/538/444 1484/317/446 1486/550/448 1488/540/450 1490/138/452 1492/541/454 1494/551/456 1496/321/458 1498/543/460 1500/544/462
s 0
f 1518/287/4 1519/288/4 1521/289/4 1520/290/4
f 1520/290/5 1521/289/5 1525/291/5 1524/292/5
f 1524/292/2 1525/291/2 1523/293/2 1522/294/2
f 1522/294/1 1523/293/1 1519/295/1 1518/296/1
f 1520/297/26 1524/292/26 1522/294/26 1518/298/26
f 1525/291/3 1521/299/3 1519/300/3 1523/293/3
s 1
f 1526/87/439 1527/88/440 1529/503/441 1528/506/442
f 1528/506/442 1529/503/441 1531/507/443 1530/508/444
f 1530/508/444 1531/507/443 1533/509/445 1532/510/446
f 1532/510/446 1533/509/445 1535/511/447 1534/512/448
f 1534/512/448 1535/511/447 1537/513/449 1536/514/450
f 1536/514/450 1537/513/449 1539/515/451 1538/516/452
f 1538/516/452 1539/515/451 1541/517/453 1540/518/454
f 1540/518/454 1541/517/453 1543/519/455 1542/520/456
f 1542/520/456 1543/519/455 1545/521/457 1544/522/458
f 1544/522/458 1545/521/457 1547/523/459 1546/524/460
f 1529/525/441 1527/114/440 1549/545/461 1547/527/459 1545/546/457 1543/547/455 1541/548/453 1539/121/451 1537/530/449 1535/549/447 1533/473/445 1531/532/443
f 1546/524/460 1547/523/459 1549/533/461 1548/534/462
f 1548/534/462 1549/533/461 1527/535/440 1526/536/439
f 1526/131/439 1528/537/442 1530/538/444 1532/317/446 1534/550/448 1536/540/450 1538/138/452 1540/541/454 1542/551/456 1544/321/458 1546/543/460 1548/544/462
s 0
f 1618/287/4 1619/288/4 1621/289/4 1620/290/4
f 1620/290/5 1621/289/5 1625/291/5 1624/292/5
f 1624/292/2 1625/291/2 1623/293/2 1622/294/2
f 1622/294/1 1623/293/1 1619/295/1 1618/296/1
f 1620/297/26 1624/292/26 1622/294/26 1618/298/26
f 1625/291/3 1621/299/3 1619/300/3 1623/293/3
s 1
f 1626/87/439 1627/88/440 1629/503/441 1628/506/442
f 1628/506/442 1629/503/441 1631/507/443 1630/508/444
f 1630/508/444 1631/507/443 1633/509/445 1632/510/446
f 1632/510/446 1633/509/445 1635/511/447 1634/512/448
f 1634/512/448 1635/511/447 1637/513/449 1636/514/450
f 1636/514/450 1637/513/449 1639/515/451 1638/516/452
f 1638/516/452 1639/515/451 1641/517/453 1640/518/454
f 1640/518/454 1641/517/453 1643/519/455 1642/520/456
f 1642/520/456 1643/519/455 1645/521/457 1644/522/458
f 1644/522/458 1645/521/457 1647/523/459 1646/524/460
f 1629/552/441 1627/114/440 1649/553/461 1647/554/459 1645/546/457 1643/555/455 1641/556/453 1639/121/451 1637/557/449 1635/346/447 1633/473/445 1631/345/443
f 1646/524/460 1647/523/459 1649/533/461 1648/534/462
f 1648/534/462 1649/533/461 1627/535/440 1626/536/439
f 1626/131/439 1628/558/442 1630/348/444 1632/317/446 1634/349/448 1636/559/450 1638/138/452 1640/560/454 1642/350/456 1644/321/458 1646/351/460 1648/561/462
s 0
f 1666/287/4 1667/288/4 1669/289/4 1668/290/4
f 1668/290/5 1669/289/5 1673/291/5 1672/292/5
f 1672/292/2 1673/291/2 1671/293/2 1670/294/2
f 1670/294/1 1671/293/1 1667/295/1 1666/296/1
f 1668/297/26 1672/292/26 1670/294/26 1666/298/26
f 1673/291/3 1669/299/3 1667/300/3 1671/293/3
s 1
f 1674/87/439 1675/88/440 1677/503/441 1676/506/442
f 1676/506/442 1677/503/441 1679/507/443 1678/508/444
f 1678/508/444 1679/507/443 1681/509/445 1680/510/446
f 1680/510/446 1681/509/445 1683/511/447 1682/512/448
f 1682/512/448 1683/511/447 1685/513/449 1684/514/450
f 1684/514/450 1685/513/449 1687/515/451 1686/516/452
f 1686/516/452 1687/515/451 1689/517/453 1688/518/454
f 1688/518/454 1689/517/453 1691/519/455 1690/520/456
f 1690/520/456 1691/519/455 1693/521/457 1692/522/458
f 1692/522/458 1693/521/457 1695/523/459 1694/524/460
f 1677/552/441 1675/114/440 1697/553/461 1695/554/459 1693/546/457 1691/555/455 1689/556/453 1687/121/451 1685/557/449 1683/346/447 1681/473/445 1679/345/443
f 1694/524/460 1695/523/459 1697/533/461 1696/534/462
f 1696/534/462 1697/533/461 1675/535/440 1674/536/439
f 1674/131/439 1676/558/442 1678/348/444 1680/317/446 1682/349/448 1684/559/450 1686/138/452 1688/560/454 1690/350/456 1692/321/458 1694/351/460 1696/561/462
s 0
f 1766/287/4 1767/288/4 1769/289/4 1768/290/4
f 1768/290/5 1769/289/5 1773/291/5 1772/292/5
f 1772/292/2 1773/291/2 1771/293/2 1770/294/2
f 1770/294/1 1771/293/1 1767/295/1 1766/296/1
f 1768/297/26 1772/292/26 1770/294/26 1766/298/26
f 1773/291/3 1769/299/3 1767/300/3 1771/293/3
s 1
f 1774/87/439 1775/88/440 1777/503/441 1776/506/442
f 1776/506/442 1777/503/441 1779/507/443 1778/508/444
f 1778/508/444 1779/507/443 1781/509/445 1780/510/446
f 1780/510/446 1781/509/445 1783/511/447 1782/512/448
f 1782/512/448 1783/511/447 1785/513/449 1784/514/450
f 1784/514/450 1785/513/449 1787/515/451 1786/516/452
f 1786/516/452 1787/515/451 1789/517/453 1788/518/454
f 1788/518/454 1789/517/453 1791/519/455 1790/520/456
f 1790/520/456 1791/519/455 1793/521/457 1792/522/458
f 1792/522/458 1793/521/457 1795/523/459 1794/524/460
f 1777/552/441 1775/114/440 1797/553/461 1795/554/459 1793/546/457 1791/555/455 1789/556/453 1787/121/451 1785/557/449 1783/346/447 1781/473/445 1779/345/443
f 1794/524/460 1795/523/459 1797/533/461 1796/534/462
f 1796/534/462 1797/533/461 1775/535/440 1774/536/439
f 1774/131/439 1776/558/442 1778/348/444 1780/317/446 1782/349/448 1784/559/450 1786/138/452 1788/560/454 1790/350/456 1792/321/458 1794/351/460 1796/561/462
s 0
f 1814/287/4 1815/288/4 1817/289/4 1816/290/4
f 1816/290/5 1817/289/5 1821/291/5 1820/292/5
f 1820/292/2 1821/291/2 1819/293/2 1818/294/2
f 1818/294/1 1819/293/1 1815/295/1 1814/296/1
f 1816/297/26 1820/292/26 1818/294/26 1814/298/26
f 1821/291/3 1817/299/3 1815/300/3 1819/293/3
s 1
f 1822/87/439 1823/88/440 1825/503/441 1824/506/442
f 1824/506/442 1825/503/441 1827/507/443 1826/508/444
f 1826/508/444 1827/507/443 1829/509/445 1828/510/446
f 1828/510/446 1829/509/445 1831/511/447 1830/512/448
f 1830/512/448 1831/511/447 1833/513/449 1832/514/450
f 1832/514/450 1833/513/449 1835/515/451 1834/516/452
f 1834/516/452 1835/515/451 1837/517/453 1836/518/454
f 1836/518/454 1837/517/453 1839/519/455 1838/520/456
f 1838/520/456 1839/519/455 1841/521/457 1840/522/458
f 1840/522/458 1841/521/457 1843/523/459 1842/524/460
f 1825/552/441 1823/114/440 1845/553/461 1843/554/459 1841/546/457 1839/555/455 1837/556/453 1835/121/451 1833/557/449 1831/346/447 1829/473/445 1827/345/443
f 1842/524/460 1843/523/459 1845/533/461 1844/534/462
f 1844/534/462 1845/533/461 1823/535/440 1822/536/439
f 1822/131/439 1824/558/442 1826/348/444 1828/317/446 1830/349/448 1832/559/450 1834/138/452 1836/560/454 1838/350/456 1840/321/458 1842/351/460 1844/561/462
s 0
f 1914/287/4 1915/288/4 1917/289/4 1916/290/4
f 1916/290/5 1917/289/5 1921/291/5 1920/292/5
f 1920/292/2 1921/291/2 1919/293/2 1918/294/2
f 1918/294/1 1919/293/1 1915/295/1 1914/296/1
f 1916/297/26 1920/292/26 1918/294/26 1914/298/26
f 1921/291/3 1917/299/3 1915/300/3 1919/293/3
s 1
f 1922/87/439 1923/88/440 1925/503/441 1924/506/442
f 1924/506/442 1925/503/441 1927/507/443 1926/508/444
f 1926/508/444 1927/507/443 1929/509/445 1928/510/446
f 1928/510/446 1929/509/445 1931/511/447 1930/512/448
f 1930/512/448 1931/511/447 1933/513/449 1932/514/450
f 1932/514/450 1933/513/449 1935/515/451 1934/516/452
f 1934/516/452 1935/515/451 1937/517/453 1936/518/454
f 1936/518/454 1937/517/453 1939/519/455 1938/520/456
f 1938/520/456 1939/519/455 1941/521/457 1940/522/458
f 1940/522/458 1941/521/457 1943/523/459 1942/524/460
f 1925/552/441 1923/114/440 1945/553/461 1943/352/459 1941/477/457 1939/347/455 1937/562/453 1935/475/451 1933/563/449 1931/346/447 1929/473/445 1927/345/443
f 1942/524/460 1943/523/459 1945/533/461 1944/534/462
f 1944/534/462 1945/533/461 1923/535/440 1922/536/439
f 1922/131/439 1924/558/442 1926/348/444 1928/317/446 1930/349/448 1932/564/450 1934/479/452 1936/565/454 1938/350/456 1940/321/458 1942/351/460 1944/561/462
s 0
f 1962/287/4 1963/288/4 1965/289/4 1964/290/4
f 1964/290/5 1965/289/5 1969/291/5 1968/292/5
f 1968/292/2 1969/291/2 1967/293/2 1966/294/2
f 1966/294/1 1967/293/1 1963/295/1 1962/296/1
f 1964/297/26 1968/292/26 1966/294/26 1962/298/26
f 1969/291/3 1965/299/3 1963/300/3 1967/293/3
s 1
f 1970/87/439 1971/88/440 1973/503/441 1972/506/442
f 1972/506/442 1973/503/441 1975/507/443 1974/508/444
f 1974/508/444 1975/507/443 1977/509/445 1976/510/446
f 1976/510/446 1977/509/445 1979/511/447 1978/512/448
f 1978/512/448 1979/511/447 1981/513/449 1980/514/450
f 1980/514/450 1981/513/449 1983/515/451 1982/516/452
f 1982/516/452 1983/515/451 1985/517/453 1984/518/454
f 1984/518/454 1985/517/453 1987/519/455 1986/520/456
f 1986/520/456 1987/519/455 1989/521/457 1988/522/458
f 1988/522/458 1989/521/457 1991/523/459 1990/524/460
f 1973/552/441 1971/114/440 1993/553/461 1991/352/459 1989/477/457 1987/347/455 1985/562/453 1983/475/451 1981/563/449 1979/346/447 1977/473/445 1975/345/443
f 1990/524/460 1991/523/459 1993/533/461 1992/534/462
f 1992/534/462 1993/533/461 1971/535/440 1970/536/439
f 1970/131/439 1972/558/442 1974/348/444 1976/317/446 1978/349/448 1980/564/450 1982/479/452 1984/565/454 1986/350/456 1988/321/458 1990/351/460 1992/561/462
s 0
f 2062/287/4 2063/288/4 2065/289/4 2064/290/4
f 2064/290/5 2065/289/5 2069/291/5 2068/292/5
f 2068/292/2 2069/291/2 2067/293/2 2066/294/2
f 2066/294/1 2067/293/1 2063/295/1 2062/296/1
f 2064/297/26 2068/292/26 2066/294/26 2062/298/26
f 2069/291/3 2065/299/3 2063/300/3 2067/293/3
s 1
f 2070/87/439 2071/88/440 2073/503/441 2072/506/442
f 2072/506/442 2073/503/441 2075/507/443 2074/508/444
f 2074/508/444 2075/507/443 2077/509/445 2076/510/446
f 2076/510/446 2077/509/445 2079/511/447 2078/512/448
f 2078/512/448 2079/511/447 2081/513/449 2080/514/450
f 2080/514/450 2081/513/449 2083/515/451 2082/516/452
f 2082/516/452 2083/515/451 2085/517/453 2084/518/454
f 2084/518/454 2085/517/453 2087/519/455 2086/520/456
f 2086/520/456 2087/519/455 2089/521/457 2088/522/458
f 2088/522/458 2089/521/457 2091/523/459 2090/524/460
f 2073/525/441 2071/114/440 2093/545/461 2091/527/459 2089/546/457 2087/547/455 2085/548/453 2083/121/451 2081/530/449 2079/549/447 2077/473/445 2075/532/443
f 2090/524/460 2091/523/459 2093/533/461 2092/534/462
f 2092/534/462 2093/533/461 2071/535/440 2070/536/439
f 2070/131/439 2072/537/442 2074/538/444 2076/317/446 2078/550/448 2080/540/450 2082/138/452 2084/541/454 2086/551/456 2088/321/458 2090/543/460 2092/544/462
f 2310/354/367 2309/356/368 2262/359/369 2263/355/509
f 2308/357/5 2307/464/371 2260/363/372 2261/358/373
f 2306/361/374 2289/364/3 2259/362/375
f 2295/353/26 2310/354/367 2263/355/509
f 2309/356/368 2308/357/5 2261/358/373 2262/359/369
f 2307/464/371 2306/361/374 2259/362/375 2260/363/372
f 2263/355/509 2262/359/369 2267/365/376 2268/368/377
f 2261/358/373 2260/363/372 2265/367/378 2266/174/379
f 2259/362/375 2289/369/3 2264/366/380
f 2295/370/26 2263/355/509 2268/368/377
f 2262/359/369 2261/358/373 2266/174/379 2267/365/376
f 2260/363/372 2259/362/375 2264/366/380 2265/367/378
f 2266/174/379 2265/367/378 2270/372/381 2271/375/382
f 2264/366/380 2289/376/3 2269/371/383
f 2295/377/26 2268/368/377 2273/374/384
f 2267/365/376 2266/174/379 2271/375/382 2272/373/385
f 2265/367/378 2264/366/380 2269/371/383 2270/372/381
f 2268/368/377 2267/365/376 2272/373/385 2273/374/384
f 2269/371/383 2289/382/3 2274/383/386
f 2295/384/26 2273/374/384 2278/379/387
f 2272/373/385 2271/375/382 2276/381/388 2277/378/389
f 2270/372/381 2269/371/383 2274/383/386 2275/380/390
f 2273/374/384 2272/373/385 2277/378/389 2278/379/387
f 2271/375/382 2270/372/381 2275/380/390 2276/381/388
f 2295/214/26 2278/379/387 2283/465/391
f 2277/378/389 2276/381/388 2281/433/1 2282/385/392
f 2275/380/390 2274/383/386 2279/466/393 2280/467/394
f 2278/379/387 2277/378/389 2282/385/392 2283/465/391
f 2276/381/388 2275/380/390 2280/467/394 2281/433/1
f 2274/383/386 2289/212/3 2279/466/393
f 2295/438/26 2283/465/391 2288/391/395
f 2282/385/392 2281/433/1 2286/393/396 2287/390/397
f 2280/467/394 2279/466/393 2284/395/398 2285/468/399
f 2283/465/391 2282/385/392 2287/390/397 2288/391/395
f 2281/433/1 2280/467/394 2285/468/399 2286/393/396
f 2279/466/393 2289/436/3 2284/395/398
f 2295/402/26 2288/391/395 2294/398/400
f 2287/390/397 2286/393/396 2292/234/401 2293/397/402
f 2285/468/399 2284/395/398 2290/401/403 2291/469/404
f 2288/391/395 2287/390/397 2293/397/402 2294/398/400
f 2286/393/396 2285/468/399 2291/469/404 2292/234/401
f 2284/395/398 2289/400/3 2290/401/403
f 2293/413/402 2292/403/401 2298/406/405 2299/442/406
f 2291/470/404 2290/407/403 2296/409/407 2297/443/408
f 2294/411/400 2293/413/402 2299/442/406 2300/412/409
f 2292/403/401 2291/470/404 2297/443/408 2298/406/405
f 2290/407/403 2289/408/3 2296/409/407
f 2295/410/26 2294/411/400 2300/412/409
f 2297/443/408 2296/409/407 2301/416/410 2302/445/411
f 2300/412/409 2299/442/406 2304/420/412 2305/418/413
f 2298/406/405 2297/443/408 2302/445/411 2303/419/414
f 2296/409/407 2289/471/3 2301/416/410
f 2295/472/26 2300/412/409 2305/418/413
f 2299/442/406 2298/406/405 2303/419/414 2304/420/412
f 2305/418/413 2304/420/412 2309/356/368 2310/354/367
f 2303/419/414 2302/445/411 2307/464/371 2308/357/5
f 2301/416/410 2289/273/3 2306/361/374
f 2295/274/26 2305/418/413 2310/354/367
f 2304/420/412 2303/419/414 2308/357/5 2309/356/368
f 2302/445/411 2301/416/410 2306/361/374 2307/464/371
f 2311/114/415 2319/332/3 2312/305/416
f 2312/305/416 2319/332/3 2313/473/417
f 2313/473/417 2319/332/3 2314/474/418
f 2314/474/418 2319/332/3 2315/475/419
f 2315/475/419 2319/332/3 2316/476/420
f 2316/476/420 2319/332/3 2317/477/421
f 2311/131/415 2312/316/416 2313/317/417 2314/478/418 2315/479/419 2316/480/420 2317/321/421 2318/322/422
f 2317/477/421 2319/332/3 2318/481/422
f 2318/481/422 2319/332/3 2311/114/415
