# Blender 4.3.2
# www.blender.org
mtllib SlimeHouse_Base.mtl
o SlimeHouse_Base
v -0.745000 0.050000 0.545000
v -0.745000 0.080000 0.575000
v -0.775000 0.080000 0.545000
v -0.745000 1.020000 0.575000
v -0.745000 1.050000 0.545000
v -0.775000 1.020000 0.545000
v -0.745000 0.050000 -0.545000
v -0.775000 0.080000 -0.545000
v -0.745000 0.080000 -0.575000
v -0.745000 1.050000 -0.545000
v -0.745000 1.020000 -0.575000
v -0.775000 1.020000 -0.545000
v 0.745000 0.050000 0.545000
v 0.775000 0.080000 0.545000
v 0.745000 0.080000 0.575000
v 0.745000 1.050000 0.545000
v 0.745000 1.020000 0.575000
v 0.775000 1.020000 0.545000
v 0.745000 0.050000 -0.545000
v 0.745000 0.080000 -0.575000
v 0.775000 0.080000 -0.545000
v 0.745000 1.050000 -0.545000
v 0.775000 1.020000 -0.545000
v 0.745000 1.020000 -0.575000
v -0.790000 0.290000 -0.560000
v -0.790000 0.410000 -0.560000
v -0.790000 0.290000 -0.600000
v -0.790000 0.410000 -0.600000
v 0.790000 0.290000 -0.560000
v 0.790000 0.410000 -0.560000
v 0.790000 0.290000 -0.600000
v 0.790000 0.410000 -0.600000
v -0.260000 0.020000 -0.645000
v -0.260000 0.035000 -0.630000
v -0.275000 0.035000 -0.645000
v -0.260000 0.085000 -0.630000
v -0.260000 0.100000 -0.645000
v -0.275000 0.085000 -0.645000
v -0.260000 0.020000 -0.795000
v -0.275000 0.035000 -0.795000
v -0.260000 0.035000 -0.810000
v -0.260000 0.100000 -0.795000
v -0.260000 0.085000 -0.810000
v -0.275000 0.085000 -0.795000
v 0.260000 0.020000 -0.645000
v 0.275000 0.035000 -0.645000
v 0.260000 0.035000 -0.630000
v 0.260000 0.100000 -0.645000
v 0.260000 0.085000 -0.630000
v 0.275000 0.085000 -0.645000
v 0.260000 0.020000 -0.795000
v 0.260000 0.035000 -0.810000
v 0.275000 0.035000 -0.795000
v 0.260000 0.100000 -0.795000
v 0.275000 0.085000 -0.795000
v 0.260000 0.085000 -0.810000
v -0.195000 0.100000 -0.665000
v -0.195000 0.115000 -0.650000
v -0.210000 0.115000 -0.665000
v -0.195000 0.165000 -0.650000
v -0.195000 0.180000 -0.665000
v -0.210000 0.165000 -0.665000
v -0.195000 0.100000 -0.815000
v -0.210000 0.115000 -0.815000
v -0.195000 0.115000 -0.830000
v -0.195000 0.180000 -0.815000
v -0.195000 0.165000 -0.830000
v -0.210000 0.165000 -0.815000
v 0.195000 0.100000 -0.665000
v 0.210000 0.115000 -0.665000
v 0.195000 0.115000 -0.650000
v 0.195000 0.180000 -0.665000
v 0.195000 0.165000 -0.650000
v 0.210000 0.165000 -0.665000
v 0.195000 0.100000 -0.815000
v 0.195000 0.115000 -0.830000
v 0.210000 0.115000 -0.815000
v 0.195000 0.180000 -0.815000
v 0.210000 0.165000 -0.815000
v 0.195000 0.165000 -0.830000
v -0.135000 0.180000 -0.685000
v -0.135000 0.195000 -0.670000
v -0.150000 0.195000 -0.685000
v -0.135000 0.245000 -0.670000
v -0.135000 0.260000 -0.685000
v -0.150000 0.245000 -0.685000
v -0.135000 0.180000 -0.835000
v -0.150000 0.195000 -0.835000
v -0.135000 0.195000 -0.850000
v -0.135000 0.260000 -0.835000
v -0.135000 0.245000 -0.850000
v -0.150000 0.245000 -0.835000
v 0.135000 0.180000 -0.685000
v 0.150000 0.195000 -0.685000
v 0.135000 0.195000 -0.670000
v 0.135000 0.260000 -0.685000
v 0.135000 0.245000 -0.670000
v 0.150000 0.245000 -0.685000
v 0.135000 0.180000 -0.835000
v 0.135000 0.195000 -0.850000
v 0.150000 0.195000 -0.835000
v 0.135000 0.260000 -0.835000
v 0.150000 0.245000 -0.835000
v 0.135000 0.245000 -0.850000
v -0.835000 1.010000 0.610000
v -0.835000 1.050000 0.650000
v -0.875000 1.050000 0.610000
v -0.835000 1.190000 0.650000
v -0.835000 1.230000 0.610000
v -0.875000 1.190000 0.610000
v -0.835000 1.010000 -0.610000
v -0.875000 1.050000 -0.610000
v -0.835000 1.050000 -0.650000
v -0.835000 1.230000 -0.610000
v -0.835000 1.190000 -0.650000
v -0.875000 1.190000 -0.610000
v 0.835000 1.010000 0.610000
v 0.875000 1.050000 0.610000
v 0.835000 1.050000 0.650000
v 0.835000 1.230000 0.610000
v 0.835000 1.190000 0.650000
v 0.875000 1.190000 0.610000
v 0.835000 1.010000 -0.610000
v 0.835000 1.050000 -0.650000
v 0.875000 1.050000 -0.610000
v 0.835000 1.230000 -0.610000
v 0.875000 1.190000 -0.610000
v 0.835000 1.190000 -0.650000
v -0.700000 1.190000 0.175000
v -0.700000 1.370000 0.175000
v -0.700000 1.190000 -0.175000
v -0.700000 1.370000 -0.175000
v 0.700000 1.190000 0.175000
v 0.700000 1.370000 0.175000
v 0.700000 1.190000 -0.175000
v 0.700000 1.370000 -0.175000
v -0.679428 1.045244 -0.648316
v -0.664367 0.994000 -0.669044
v -0.658855 0.924000 -0.676631
v -0.664367 0.854000 -0.669044
v -0.679428 0.802756 -0.648316
v -0.666713 1.045244 -0.630816
v -0.642345 0.994000 -0.638733
v -0.633426 0.924000 -0.641631
v -0.642345 0.854000 -0.638733
v -0.666713 0.802756 -0.630816
v -0.666713 1.045244 -0.609184
v -0.642345 0.994000 -0.601267
v -0.633426 0.924000 -0.598369
v -0.642345 0.854000 -0.601267
v -0.666713 0.802756 -0.609184
v -0.679428 1.045244 -0.591684
v -0.664367 0.994000 -0.570956
v -0.658855 0.924000 -0.563369
v -0.664367 0.854000 -0.570956
v -0.679428 0.802756 -0.591684
v -0.700000 1.045244 -0.585000
v -0.700000 0.994000 -0.559378
v -0.700000 0.924000 -0.550000
v -0.700000 0.854000 -0.559378
v -0.700000 0.802756 -0.585000
v -0.720572 1.045244 -0.591684
v -0.735633 0.994000 -0.570956
v -0.741145 0.924000 -0.563369
v -0.735633 0.854000 -0.570956
v -0.720572 0.802756 -0.591684
v -0.700000 1.064000 -0.620000
v -0.733287 1.045244 -0.609184
v -0.757655 0.994000 -0.601267
v -0.766574 0.924000 -0.598369
v -0.757655 0.854000 -0.601267
v -0.733287 0.802756 -0.609184
v -0.700000 0.784000 -0.620000
v -0.733287 1.045244 -0.630816
v -0.757655 0.994000 -0.638733
v -0.766574 0.924000 -0.641631
v -0.757655 0.854000 -0.638733
v -0.733287 0.802756 -0.630816
v -0.720572 1.045244 -0.648316
v -0.735633 0.994000 -0.669044
v -0.741145 0.924000 -0.676631
v -0.735633 0.854000 -0.669044
v -0.720572 0.802756 -0.648316
v -0.700000 1.045244 -0.655000
v -0.700000 0.994000 -0.680622
v -0.700000 0.924000 -0.690000
v -0.700000 0.854000 -0.680622
v -0.700000 0.802756 -0.655000
v -0.429428 1.045244 -0.648316
v -0.414367 0.994000 -0.669044
v -0.408855 0.924000 -0.676631
v -0.414367 0.854000 -0.669044
v -0.429428 0.802756 -0.648316
v -0.416713 1.045244 -0.630816
v -0.392345 0.994000 -0.638733
v -0.383426 0.924000 -0.641631
v -0.392345 0.854000 -0.638733
v -0.416713 0.802756 -0.630816
v -0.416713 1.045244 -0.609184
v -0.392345 0.994000 -0.601267
v -0.383426 0.924000 -0.598369
v -0.392345 0.854000 -0.601267
v -0.416713 0.802756 -0.609184
v -0.429428 1.045244 -0.591684
v -0.414367 0.994000 -0.570956
v -0.408855 0.924000 -0.563369
v -0.414367 0.854000 -0.570956
v -0.429428 0.802756 -0.591684
v -0.450000 1.045244 -0.585000
v -0.450000 0.994000 -0.559378
v -0.450000 0.924000 -0.550000
v -0.450000 0.854000 -0.559378
v -0.450000 0.802756 -0.585000
v -0.470572 1.045244 -0.591684
v -0.485633 0.994000 -0.570956
v -0.491145 0.924000 -0.563369
v -0.485633 0.854000 -0.570956
v -0.470572 0.802756 -0.591684
v -0.450000 1.064000 -0.620000
v -0.483287 1.045244 -0.609184
v -0.507655 0.994000 -0.601267
v -0.516574 0.924000 -0.598369
v -0.507655 0.854000 -0.601267
v -0.483287 0.802756 -0.609184
v -0.450000 0.784000 -0.620000
v -0.483287 1.045244 -0.630816
v -0.507655 0.994000 -0.638733
v -0.516574 0.924000 -0.641631
v -0.507655 0.854000 -0.638733
v -0.483287 0.802756 -0.630816
v -0.470572 1.045244 -0.648316
v -0.485633 0.994000 -0.669044
v -0.491145 0.924000 -0.676631
v -0.485633 0.854000 -0.669044
v -0.470572 0.802756 -0.648316
v -0.450000 1.045244 -0.655000
v -0.450000 0.994000 -0.680622
v -0.450000 0.924000 -0.690000
v -0.450000 0.854000 -0.680622
v -0.450000 0.802756 -0.655000
v -0.179428 1.045244 -0.648316
v -0.164367 0.994000 -0.669044
v -0.158855 0.924000 -0.676631
v -0.164367 0.854000 -0.669044
v -0.179428 0.802756 -0.648316
v -0.166713 1.045244 -0.630816
v -0.142345 0.994000 -0.638733
v -0.133426 0.924000 -0.641631
v -0.142345 0.854000 -0.638733
v -0.166713 0.802756 -0.630816
v -0.166713 1.045244 -0.609184
v -0.142345 0.994000 -0.601267
v -0.133426 0.924000 -0.598369
v -0.142345 0.854000 -0.601267
v -0.166713 0.802756 -0.609184
v -0.179428 1.045244 -0.591684
v -0.164367 0.994000 -0.570956
v -0.158855 0.924000 -0.563369
v -0.164367 0.854000 -0.570956
v -0.179428 0.802756 -0.591684
v -0.200000 1.045244 -0.585000
v -0.200000 0.994000 -0.559378
v -0.200000 0.924000 -0.550000
v -0.200000 0.854000 -0.559378
v -0.200000 0.802756 -0.585000
v -0.220572 1.045244 -0.591684
v -0.235633 0.994000 -0.570956
v -0.241145 0.924000 -0.563369
v -0.235633 0.854000 -0.570956
v -0.220572 0.802756 -0.591684
v -0.200000 1.064000 -0.620000
v -0.233287 1.045244 -0.609184
v -0.257655 0.994000 -0.601267
v -0.266574 0.924000 -0.598369
v -0.257655 0.854000 -0.601267
v -0.233287 0.802756 -0.609184
v -0.200000 0.784000 -0.620000
v -0.233287 1.045244 -0.630816
v -0.257655 0.994000 -0.638733
v -0.266574 0.924000 -0.641631
v -0.257655 0.854000 -0.638733
v -0.233287 0.802756 -0.630816
v -0.220572 1.045244 -0.648316
v -0.235633 0.994000 -0.669044
v -0.241145 0.924000 -0.676631
v -0.235633 0.854000 -0.669044
v -0.220572 0.802756 -0.648316
v -0.200000 1.045244 -0.655000
v -0.200000 0.994000 -0.680622
v -0.200000 0.924000 -0.690000
v -0.200000 0.854000 -0.680622
v -0.200000 0.802756 -0.655000
v 0.070572 1.045244 -0.648316
v 0.085633 0.994000 -0.669044
v 0.091145 0.924000 -0.676631
v 0.085633 0.854000 -0.669044
v 0.070572 0.802756 -0.648316
v 0.083287 1.045244 -0.630816
v 0.107655 0.994000 -0.638733
v 0.116574 0.924000 -0.641631
v 0.107655 0.854000 -0.638733
v 0.083287 0.802756 -0.630816
v 0.083287 1.045244 -0.609184
v 0.107655 0.994000 -0.601267
v 0.116574 0.924000 -0.598369
v 0.107655 0.854000 -0.601267
v 0.083287 0.802756 -0.609184
v 0.070572 1.045244 -0.591684
v 0.085633 0.994000 -0.570956
v 0.091145 0.924000 -0.563369
v 0.085633 0.854000 -0.570956
v 0.070572 0.802756 -0.591684
v 0.050000 1.045244 -0.585000
v 0.050000 0.994000 -0.559378
v 0.050000 0.924000 -0.550000
v 0.050000 0.854000 -0.559378
v 0.050000 0.802756 -0.585000
v 0.029428 1.045244 -0.591684
v 0.014367 0.994000 -0.570956
v 0.008855 0.924000 -0.563369
v 0.014367 0.854000 -0.570956
v 0.029428 0.802756 -0.591684
v 0.050000 1.064000 -0.620000
v 0.016713 1.045244 -0.609184
v -0.007655 0.994000 -0.601267
v -0.016574 0.924000 -0.598369
v -0.007655 0.854000 -0.601267
v 0.016713 0.802756 -0.609184
v 0.050000 0.784000 -0.620000
v 0.016713 1.045244 -0.630816
v -0.007655 0.994000 -0.638733
v -0.016574 0.924000 -0.641631
v -0.007655 0.854000 -0.638733
v 0.016713 0.802756 -0.630816
v 0.029428 1.045244 -0.648316
v 0.014367 0.994000 -0.669044
v 0.008855 0.924000 -0.676631
v 0.014367 0.854000 -0.669044
v 0.029428 0.802756 -0.648316
v 0.050000 1.045244 -0.655000
v 0.050000 0.994000 -0.680622
v 0.050000 0.924000 -0.690000
v 0.050000 0.854000 -0.680622
v 0.050000 0.802756 -0.655000
v 0.320572 1.045244 -0.648316
v 0.335633 0.994000 -0.669044
v 0.341145 0.924000 -0.676631
v 0.335633 0.854000 -0.669044
v 0.320572 0.802756 -0.648316
v 0.333287 1.045244 -0.630816
v 0.357655 0.994000 -0.638733
v 0.366574 0.924000 -0.641631
v 0.357655 0.854000 -0.638733
v 0.333287 0.802756 -0.630816
v 0.333287 1.045244 -0.609184
v 0.357655 0.994000 -0.601267
v 0.366574 0.924000 -0.598369
v 0.357655 0.854000 -0.601267
v 0.333287 0.802756 -0.609184
v 0.320572 1.045244 -0.591684
v 0.335633 0.994000 -0.570956
v 0.341145 0.924000 -0.563369
v 0.335633 0.854000 -0.570956
v 0.320572 0.802756 -0.591684
v 0.300000 1.045244 -0.585000
v 0.300000 0.994000 -0.559378
v 0.300000 0.924000 -0.550000
v 0.300000 0.854000 -0.559378
v 0.300000 0.802756 -0.585000
v 0.279428 1.045244 -0.591684
v 0.264367 0.994000 -0.570956
v 0.258855 0.924000 -0.563369
v 0.264367 0.854000 -0.570956
v 0.279428 0.802756 -0.591684
v 0.300000 1.064000 -0.620000
v 0.266713 1.045244 -0.609184
v 0.242345 0.994000 -0.601267
v 0.233426 0.924000 -0.598369
v 0.242345 0.854000 -0.601267
v 0.266713 0.802756 -0.609184
v 0.300000 0.784000 -0.620000
v 0.266713 1.045244 -0.630816
v 0.242345 0.994000 -0.638733
v 0.233426 0.924000 -0.641631
v 0.242345 0.854000 -0.638733
v 0.266713 0.802756 -0.630816
v 0.279428 1.045244 -0.648316
v 0.264367 0.994000 -0.669044
v 0.258855 0.924000 -0.676631
v 0.264367 0.854000 -0.669044
v 0.279428 0.802756 -0.648316
v 0.300000 1.045244 -0.655000
v 0.300000 0.994000 -0.680622
v 0.300000 0.924000 -0.690000
v 0.300000 0.854000 -0.680622
v 0.300000 0.802756 -0.655000
v 0.570572 1.045244 -0.648316
v 0.585633 0.994000 -0.669044
v 0.591145 0.924000 -0.676631
v 0.585633 0.854000 -0.669044
v 0.570572 0.802756 -0.648316
v 0.583287 1.045244 -0.630816
v 0.607655 0.994000 -0.638733
v 0.616574 0.924000 -0.641631
v 0.607655 0.854000 -0.638733
v 0.583287 0.802756 -0.630816
v 0.583287 1.045244 -0.609184
v 0.607655 0.994000 -0.601267
v 0.616574 0.924000 -0.598369
v 0.607655 0.854000 -0.601267
v 0.583287 0.802756 -0.609184
v 0.570572 1.045244 -0.591684
v 0.585633 0.994000 -0.570956
v 0.591145 0.924000 -0.563369
v 0.585633 0.854000 -0.570956
v 0.570572 0.802756 -0.591684
v 0.550000 1.045244 -0.585000
v 0.550000 0.994000 -0.559378
v 0.550000 0.924000 -0.550000
v 0.550000 0.854000 -0.559378
v 0.550000 0.802756 -0.585000
v 0.529428 1.045244 -0.591684
v 0.514367 0.994000 -0.570956
v 0.508855 0.924000 -0.563369
v 0.514367 0.854000 -0.570956
v 0.529428 0.802756 -0.591684
v 0.550000 1.064000 -0.620000
v 0.516713 1.045244 -0.609184
v 0.492345 0.994000 -0.601267
v 0.483426 0.924000 -0.598369
v 0.492345 0.854000 -0.601267
v 0.516713 0.802756 -0.609184
v 0.550000 0.784000 -0.620000
v 0.516713 1.045244 -0.630816
v 0.492345 0.994000 -0.638733
v 0.483426 0.924000 -0.641631
v 0.492345 0.854000 -0.638733
v 0.516713 0.802756 -0.630816
v 0.529428 1.045244 -0.648316
v 0.514367 0.994000 -0.669044
v 0.508855 0.924000 -0.676631
v 0.514367 0.854000 -0.669044
v 0.529428 0.802756 -0.648316
v 0.550000 1.045244 -0.655000
v 0.550000 0.994000 -0.680622
v 0.550000 0.924000 -0.690000
v 0.550000 0.854000 -0.680622
v 0.550000 0.802756 -0.655000
v 0.740573 1.045244 -0.648316
v 0.755633 0.994000 -0.669044
v 0.761145 0.924000 -0.676631
v 0.755633 0.854000 -0.669044
v 0.740573 0.802756 -0.648316
v 0.753287 1.045244 -0.630816
v 0.777655 0.994000 -0.638733
v 0.786574 0.924000 -0.641631
v 0.777655 0.854000 -0.638733
v 0.753287 0.802756 -0.630816
v 0.753287 1.045244 -0.609184
v 0.777655 0.994000 -0.601267
v 0.786574 0.924000 -0.598369
v 0.777655 0.854000 -0.601267
v 0.753287 0.802756 -0.609184
v 0.740573 1.045244 -0.591684
v 0.755633 0.994000 -0.570956
v 0.761145 0.924000 -0.563369
v 0.755633 0.854000 -0.570956
v 0.740573 0.802756 -0.591684
v 0.720000 1.045244 -0.585000
v 0.720000 0.994000 -0.559378
v 0.720000 0.924000 -0.550000
v 0.720000 0.854000 -0.559378
v 0.720000 0.802756 -0.585000
v 0.699428 1.045244 -0.591684
v 0.684367 0.994000 -0.570956
v 0.678855 0.924000 -0.563369
v 0.684367 0.854000 -0.570956
v 0.699428 0.802756 -0.591684
v 0.720000 1.064000 -0.620000
v 0.686713 1.045244 -0.609184
v 0.662345 0.994000 -0.601267
v 0.653426 0.924000 -0.598369
v 0.662345 0.854000 -0.601267
v 0.686713 0.802756 -0.609184
v 0.720000 0.784000 -0.620000
v 0.686713 1.045244 -0.630816
v 0.662345 0.994000 -0.638733
v 0.653426 0.924000 -0.641631
v 0.662345 0.854000 -0.638733
v 0.686713 0.802756 -0.630816
v 0.699428 1.045244 -0.648316
v 0.684367 0.994000 -0.669044
v 0.678855 0.924000 -0.676631
v 0.684367 0.854000 -0.669044
v 0.699428 0.802756 -0.648316
v 0.720000 1.045244 -0.655000
v 0.720000 0.994000 -0.680622
v 0.720000 0.924000 -0.690000
v 0.720000 0.854000 -0.680622
v 0.720000 0.802756 -0.655000
v -0.762366 1.046263 0.525729
v -0.749458 1.006000 0.507962
v -0.744733 0.951000 0.501459
v -0.749458 0.896000 0.507962
v -0.762366 0.855737 0.525729
v -0.751468 1.046263 0.540730
v -0.730582 1.006000 0.533943
v -0.722937 0.951000 0.531459
v -0.730582 0.896000 0.533943
v -0.751468 0.855737 0.540730
v -0.751468 1.046263 0.559271
v -0.730582 1.006000 0.566057
v -0.722937 0.951000 0.568541
v -0.730582 0.896000 0.566057
v -0.751468 0.855737 0.559271
v -0.762366 1.046263 0.574271
v -0.749458 1.006000 0.592038
v -0.744733 0.951000 0.598541
v -0.749458 0.896000 0.592038
v -0.762366 0.855737 0.574271
v -0.780000 1.046263 0.580000
v -0.780000 1.006000 0.601962
v -0.780000 0.951000 0.610000
v -0.780000 0.896000 0.601962
v -0.780000 0.855737 0.580000
v -0.797634 1.046263 0.574271
v -0.810542 1.006000 0.592038
v -0.815267 0.951000 0.598541
v -0.810542 0.896000 0.592038
v -0.797634 0.855737 0.574271
v -0.780000 0.841000 0.550000
v -0.808532 1.046263 0.559271
v -0.829418 1.006000 0.566057
v -0.837063 0.951000 0.568541
v -0.829418 0.896000 0.566057
v -0.808532 0.855737 0.559271
v -0.780000 1.061000 0.550000
v -0.808532 1.046263 0.540730
v -0.829418 1.006000 0.533943
v -0.837063 0.951000 0.531459
v -0.829418 0.896000 0.533943
v -0.808532 0.855737 0.540730
v -0.797634 1.046263 0.525729
v -0.810542 1.006000 0.507962
v -0.815267 0.951000 0.501459
v -0.810542 0.896000 0.507962
v -0.797634 0.855737 0.525729
v -0.780000 1.046263 0.520000
v -0.780000 1.006000 0.498038
v -0.780000 0.951000 0.490000
v -0.780000 0.896000 0.498038
v -0.780000 0.855737 0.520000
v -0.382366 1.046263 0.525729
v -0.369458 1.006000 0.507962
v -0.364733 0.951000 0.501459
v -0.369458 0.896000 0.507962
v -0.382366 0.855737 0.525729
v -0.371468 1.046263 0.540730
v -0.350582 1.006000 0.533943
v -0.342937 0.951000 0.531459
v -0.350582 0.896000 0.533943
v -0.371468 0.855737 0.540730
v -0.371468 1.046263 0.559271
v -0.350582 1.006000 0.566057
v -0.342937 0.951000 0.568541
v -0.350582 0.896000 0.566057
v -0.371468 0.855737 0.559271
v -0.382366 1.046263 0.574271
v -0.369458 1.006000 0.592038
v -0.364733 0.951000 0.598541
v -0.369458 0.896000 0.592038
v -0.382366 0.855737 0.574271
v -0.400000 1.046263 0.580000
v -0.400000 1.006000 0.601962
v -0.400000 0.951000 0.610000
v -0.400000 0.896000 0.601962
v -0.400000 0.855737 0.580000
v -0.417634 1.046263 0.574271
v -0.430542 1.006000 0.592038
v -0.435267 0.951000 0.598541
v -0.430542 0.896000 0.592038
v -0.417634 0.855737 0.574271
v -0.400000 0.841000 0.550000
v -0.428532 1.046263 0.559271
v -0.449418 1.006000 0.566057
v -0.457063 0.951000 0.568541
v -0.449418 0.896000 0.566057
v -0.428532 0.855737 0.559271
v -0.400000 1.061000 0.550000
v -0.428532 1.046263 0.540730
v -0.449418 1.006000 0.533943
v -0.457063 0.951000 0.531459
v -0.449418 0.896000 0.533943
v -0.428532 0.855737 0.540730
v -0.417634 1.046263 0.525729
v -0.430542 1.006000 0.507962
v -0.435267 0.951000 0.501459
v -0.430542 0.896000 0.507962
v -0.417634 0.855737 0.525729
v -0.400000 1.046263 0.520000
v -0.400000 1.006000 0.498038
v -0.400000 0.951000 0.490000
v -0.400000 0.896000 0.498038
v -0.400000 0.855737 0.520000
v 0.417634 1.046263 0.525729
v 0.430542 1.006000 0.507962
v 0.435267 0.951000 0.501459
v 0.430542 0.896000 0.507962
v 0.417634 0.855737 0.525729
v 0.428532 1.046263 0.540730
v 0.449418 1.006000 0.533943
v 0.457063 0.951000 0.531459
v 0.449418 0.896000 0.533943
v 0.428532 0.855737 0.540730
v 0.428532 1.046263 0.559271
v 0.449418 1.006000 0.566057
v 0.457063 0.951000 0.568541
v 0.449418 0.896000 0.566057
v 0.428532 0.855737 0.559271
v 0.417634 1.046263 0.574271
v 0.430542 1.006000 0.592038
v 0.435267 0.951000 0.598541
v 0.430542 0.896000 0.592038
v 0.417634 0.855737 0.574271
v 0.400000 1.046263 0.580000
v 0.400000 1.006000 0.601962
v 0.400000 0.951000 0.610000
v 0.400000 0.896000 0.601962
v 0.400000 0.855737 0.580000
v 0.382366 1.046263 0.574271
v 0.369458 1.006000 0.592038
v 0.364733 0.951000 0.598541
v 0.369458 0.896000 0.592038
v 0.382366 0.855737 0.574271
v 0.400000 0.841000 0.550000
v 0.371468 1.046263 0.559271
v 0.350582 1.006000 0.566057
v 0.342937 0.951000 0.568541
v 0.350582 0.896000 0.566057
v 0.371468 0.855737 0.559271
v 0.400000 1.061000 0.550000
v 0.371468 1.046263 0.540730
v 0.350582 1.006000 0.533943
v 0.342937 0.951000 0.531459
v 0.350582 0.896000 0.533943
v 0.371468 0.855737 0.540730
v 0.382366 1.046263 0.525729
v 0.369458 1.006000 0.507962
v 0.364733 0.951000 0.501459
v 0.369458 0.896000 0.507962
v 0.382366 0.855737 0.525729
v 0.400000 1.046263 0.520000
v 0.400000 1.006000 0.498038
v 0.400000 0.951000 0.490000
v 0.400000 0.896000 0.498038
v 0.400000 0.855737 0.520000
v 0.797634 1.046263 0.525729
v 0.810542 1.006000 0.507962
v 0.815267 0.951000 0.501459
v 0.810542 0.896000 0.507962
v 0.797634 0.855737 0.525729
v 0.808532 1.046263 0.540730
v 0.829418 1.006000 0.533943
v 0.837063 0.951000 0.531459
v 0.829418 0.896000 0.533943
v 0.808532 0.855737 0.540730
v 0.808532 1.046263 0.559271
v 0.829418 1.006000 0.566057
v 0.837063 0.951000 0.568541
v 0.829418 0.896000 0.566057
v 0.808532 0.855737 0.559271
v 0.797634 1.046263 0.574271
v 0.810542 1.006000 0.592038
v 0.815267 0.951000 0.598541
v 0.810542 0.896000 0.592038
v 0.797634 0.855737 0.574271
v 0.780000 1.046263 0.580000
v 0.780000 1.006000 0.601962
v 0.780000 0.951000 0.610000
v 0.780000 0.896000 0.601962
v 0.780000 0.855737 0.580000
v 0.762366 1.046263 0.574271
v 0.749458 1.006000 0.592038
v 0.744733 0.951000 0.598541
v 0.749458 0.896000 0.592038
v 0.762366 0.855737 0.574271
v 0.780000 0.841000 0.550000
v 0.751468 1.046263 0.559271
v 0.730582 1.006000 0.566057
v 0.722937 0.951000 0.568541
v 0.730582 0.896000 0.566057
v 0.751468 0.855737 0.559271
v 0.780000 1.061000 0.550000
v 0.751468 1.046263 0.540730
v 0.730582 1.006000 0.533943
v 0.722937 0.951000 0.531459
v 0.730582 0.896000 0.533943
v 0.751468 0.855737 0.540730
v 0.762366 1.046263 0.525729
v 0.749458 1.006000 0.507962
v 0.744733 0.951000 0.501459
v 0.749458 0.896000 0.507962
v 0.762366 0.855737 0.525729
v 0.780000 1.046263 0.520000
v 0.780000 1.006000 0.498038
v 0.780000 0.951000 0.490000
v 0.780000 0.896000 0.498038
v 0.780000 0.855737 0.520000
v 0.410000 1.125000 0.290000
v 0.410000 1.575000 0.290000
v 0.410000 1.125000 0.010000
v 0.410000 1.575000 0.010000
v 0.690000 1.125000 0.290000
v 0.690000 1.575000 0.290000
v 0.690000 1.125000 0.010000
v 0.690000 1.575000 0.010000
v 0.390000 1.520000 0.310000
v 0.390000 1.640000 0.310000
v 0.390000 1.520000 -0.010000
v 0.390000 1.640000 -0.010000
v 0.710000 1.520000 0.310000
v 0.710000 1.640000 0.310000
v 0.710000 1.520000 -0.010000
v 0.710000 1.640000 -0.010000
v 0.564695 1.549282 -0.040225
v 0.575452 1.520000 -0.055031
v 0.579389 1.480000 -0.060451
v 0.575452 1.440000 -0.055031
v 0.564695 1.410718 -0.040225
v 0.573776 1.549282 -0.027725
v 0.591182 1.520000 -0.033381
v 0.597553 1.480000 -0.035451
v 0.591182 1.440000 -0.033381
v 0.573776 1.410718 -0.027725
v 0.573776 1.549282 -0.012275
v 0.591182 1.520000 -0.006619
v 0.597553 1.480000 -0.004549
v 0.591182 1.440000 -0.006619
v 0.573776 1.410718 -0.012275
v 0.564695 1.549282 0.000225
v 0.575452 1.520000 0.015031
v 0.579389 1.480000 0.020451
v 0.575452 1.440000 0.015031
v 0.564695 1.410718 0.000225
v 0.550000 1.549282 0.005000
v 0.550000 1.520000 0.023301
v 0.550000 1.480000 0.030000
v 0.550000 1.440000 0.023301
v 0.550000 1.410718 0.005000
v 0.535305 1.549282 0.000225
v 0.524548 1.520000 0.015031
v 0.520611 1.480000 0.020451
v 0.524548 1.440000 0.015031
v 0.535305 1.410718 0.000225
v 0.550000 1.560000 -0.020000
v 0.526224 1.549282 -0.012275
v 0.508818 1.520000 -0.006619
v 0.502447 1.480000 -0.004549
v 0.508818 1.440000 -0.006619
v 0.526224 1.410718 -0.012275
v 0.550000 1.400000 -0.020000
v 0.526224 1.549282 -0.027725
v 0.508818 1.520000 -0.033381
v 0.502447 1.480000 -0.035451
v 0.508818 1.440000 -0.033381
v 0.526224 1.410718 -0.027725
v 0.535305 1.549282 -0.040225
v 0.524548 1.520000 -0.055031
v 0.520611 1.480000 -0.060451
v 0.524548 1.440000 -0.055031
v 0.535305 1.410718 -0.040225
v 0.550000 1.549282 -0.045000
v 0.550000 1.520000 -0.063301
v 0.550000 1.480000 -0.070000
v 0.550000 1.440000 -0.063301
v 0.550000 1.410718 -0.045000
v -0.210000 0.070000 -0.550000
v -0.210000 0.770000 -0.550000
v -0.210000 0.070000 -0.610000
v -0.210000 0.770000 -0.610000
v 0.210000 0.070000 -0.550000
v 0.210000 0.770000 -0.550000
v 0.210000 0.070000 -0.610000
v 0.210000 0.770000 -0.610000
v 0.000000 0.930000 -0.610000
v 0.000000 0.930000 -0.550000
v 0.105000 0.901865 -0.610000
v 0.105000 0.901865 -0.550000
v 0.181865 0.825000 -0.610000
v 0.181865 0.825000 -0.550000
v 0.210000 0.720000 -0.610000
v 0.210000 0.720000 -0.550000
v 0.181865 0.615000 -0.610000
v 0.181865 0.615000 -0.550000
v 0.105000 0.538135 -0.610000
v 0.105000 0.538135 -0.550000
v 0.000000 0.510000 -0.610000
v 0.000000 0.510000 -0.550000
v -0.105000 0.538135 -0.610000
v -0.105000 0.538135 -0.550000
v -0.181865 0.615000 -0.610000
v -0.181865 0.615000 -0.550000
v -0.210000 0.720000 -0.610000
v -0.210000 0.720000 -0.550000
v -0.181865 0.825000 -0.610000
v -0.181865 0.825000 -0.550000
v -0.105000 0.901865 -0.610000
v -0.105000 0.901865 -0.550000
v 0.000000 0.710000 -0.640000
v 0.000000 0.710000 -0.600000
v 0.039050 0.701087 -0.640000
v 0.039050 0.701087 -0.600000
v 0.070365 0.676114 -0.640000
v 0.070365 0.676114 -0.600000
v 0.087744 0.640027 -0.640000
v 0.087744 0.640027 -0.600000
v 0.087744 0.599973 -0.640000
v 0.087744 0.599973 -0.600000
v 0.070365 0.563886 -0.640000
v 0.070365 0.563886 -0.600000
v 0.039050 0.538913 -0.640000
v 0.039050 0.538913 -0.600000
v 0.000000 0.530000 -0.640000
v 0.000000 0.530000 -0.600000
v -0.039050 0.538913 -0.640000
v -0.039050 0.538913 -0.600000
v -0.070365 0.563886 -0.640000
v -0.070365 0.563886 -0.600000
v -0.087744 0.599973 -0.640000
v -0.087744 0.599973 -0.600000
v -0.087744 0.640027 -0.640000
v -0.087744 0.640027 -0.600000
v -0.070365 0.676114 -0.640000
v -0.070365 0.676114 -0.600000
v -0.039050 0.701087 -0.640000
v -0.039050 0.701087 -0.600000
v 0.000000 0.720800 -0.625000
v 0.000000 0.720800 -0.603000
v 0.043735 0.710818 -0.625000
v 0.043735 0.710818 -0.603000
v 0.078809 0.682848 -0.625000
v 0.078809 0.682848 -0.603000
v 0.098273 0.642430 -0.625000
v 0.098273 0.642430 -0.603000
v 0.098273 0.597570 -0.625000
v 0.098273 0.597570 -0.603000
v 0.078809 0.557152 -0.625000
v 0.078809 0.557152 -0.603000
v 0.043735 0.529182 -0.625000
v 0.043735 0.529182 -0.603000
v 0.000000 0.519200 -0.625000
v 0.000000 0.519200 -0.603000
v -0.043735 0.529182 -0.625000
v -0.043735 0.529182 -0.603000
v -0.078809 0.557152 -0.625000
v -0.078809 0.557152 -0.603000
v -0.098273 0.597570 -0.625000
v -0.098273 0.597570 -0.603000
v -0.098273 0.642430 -0.625000
v -0.098273 0.642430 -0.603000
v -0.078809 0.682848 -0.625000
v -0.078809 0.682848 -0.603000
v -0.043735 0.710818 -0.625000
v -0.043735 0.710818 -0.603000
v -0.072000 0.611900 -0.612000
v -0.072000 0.628100 -0.612000
v -0.072000 0.611900 -0.628000
v -0.072000 0.628100 -0.628000
v 0.072000 0.611900 -0.612000
v 0.072000 0.628100 -0.612000
v 0.072000 0.611900 -0.628000
v 0.072000 0.628100 -0.628000
v -0.008100 0.548000 -0.612000
v -0.008100 0.692000 -0.612000
v -0.008100 0.548000 -0.628000
v -0.008100 0.692000 -0.628000
v 0.008100 0.548000 -0.612000
v 0.008100 0.692000 -0.612000
v 0.008100 0.548000 -0.628000
v 0.008100 0.692000 -0.628000
v 0.160000 0.408284 -0.660000
v 0.168284 0.380000 -0.668284
v 0.160000 0.351716 -0.660000
v 0.168284 0.408284 -0.640000
v 0.180000 0.380000 -0.640000
v 0.168284 0.351716 -0.640000
v 0.160000 0.408284 -0.620000
v 0.168284 0.380000 -0.611716
v 0.160000 0.351716 -0.620000
v 0.140000 0.408284 -0.611716
v 0.140000 0.380000 -0.600000
v 0.140000 0.351716 -0.611716
v 0.120000 0.408284 -0.620000
v 0.111716 0.380000 -0.611716
v 0.120000 0.351716 -0.620000
v 0.140000 0.340000 -0.640000
v 0.111716 0.408284 -0.640000
v 0.100000 0.380000 -0.640000
v 0.111716 0.351716 -0.640000
v 0.120000 0.408284 -0.660000
v 0.111716 0.380000 -0.668284
v 0.120000 0.351716 -0.660000
v 0.140000 0.420000 -0.640000
v 0.140000 0.408284 -0.668284
v 0.140000 0.380000 -0.680000
v 0.140000 0.351716 -0.668284
v -0.265305 0.945263 -0.640225
v -0.254548 0.905000 -0.655031
v -0.250611 0.850000 -0.660451
v -0.254548 0.795000 -0.655031
v -0.265305 0.754737 -0.640225
v -0.256224 0.945263 -0.627725
v -0.238818 0.905000 -0.633381
v -0.232447 0.850000 -0.635451
v -0.238818 0.795000 -0.633381
v -0.256224 0.754737 -0.627725
v -0.256224 0.945263 -0.612275
v -0.238818 0.905000 -0.606619
v -0.232447 0.850000 -0.604549
v -0.238818 0.795000 -0.606619
v -0.256224 0.754737 -0.612275
v -0.265305 0.945263 -0.599775
v -0.254548 0.905000 -0.584969
v -0.250611 0.850000 -0.579549
v -0.254548 0.795000 -0.584969
v -0.265305 0.754737 -0.599775
v -0.280000 0.945263 -0.595000
v -0.280000 0.905000 -0.576699
v -0.280000 0.850000 -0.570000
v -0.280000 0.795000 -0.576699
v -0.280000 0.754737 -0.595000
v -0.294695 0.945263 -0.599775
v -0.305452 0.905000 -0.584969
v -0.309389 0.850000 -0.579549
v -0.305452 0.795000 -0.584969
v -0.294695 0.754737 -0.599775
v -0.280000 0.960000 -0.620000
v -0.303776 0.945263 -0.612275
v -0.321182 0.905000 -0.606619
v -0.327553 0.850000 -0.604549
v -0.321182 0.795000 -0.606619
v -0.303776 0.754737 -0.612275
v -0.280000 0.740000 -0.620000
v -0.303776 0.945263 -0.627725
v -0.321182 0.905000 -0.633381
v -0.327553 0.850000 -0.635451
v -0.321182 0.795000 -0.633381
v -0.303776 0.754737 -0.627725
v -0.294695 0.945263 -0.640225
v -0.305452 0.905000 -0.655031
v -0.309389 0.850000 -0.660451
v -0.305452 0.795000 -0.655031
v -0.294695 0.754737 -0.640225
v -0.280000 0.945263 -0.645000
v -0.280000 0.905000 -0.663301
v -0.280000 0.850000 -0.670000
v -0.280000 0.795000 -0.663301
v -0.280000 0.754737 -0.645000
v 0.294695 0.945263 -0.640225
v 0.305452 0.905000 -0.655031
v 0.309389 0.850000 -0.660451
v 0.305452 0.795000 -0.655031
v 0.294695 0.754737 -0.640225
v 0.303776 0.945263 -0.627725
v 0.321182 0.905000 -0.633381
v 0.327553 0.850000 -0.635451
v 0.321182 0.795000 -0.633381
v 0.303776 0.754737 -0.627725
v 0.303776 0.945263 -0.612275
v 0.321182 0.905000 -0.606619
v 0.327553 0.850000 -0.604549
v 0.321182 0.795000 -0.606619
v 0.303776 0.754737 -0.612275
v 0.294695 0.945263 -0.599775
v 0.305452 0.905000 -0.584969
v 0.309389 0.850000 -0.579549
v 0.305452 0.795000 -0.584969
v 0.294695 0.754737 -0.599775
v 0.280000 0.945263 -0.595000
v 0.280000 0.905000 -0.576699
v 0.280000 0.850000 -0.570000
v 0.280000 0.795000 -0.576699
v 0.280000 0.754737 -0.595000
v 0.265305 0.945263 -0.599775
v 0.254548 0.905000 -0.584969
v 0.250611 0.850000 -0.579549
v 0.254548 0.795000 -0.584969
v 0.265305 0.754737 -0.599775
v 0.280000 0.960000 -0.620000
v 0.256224 0.945263 -0.612275
v 0.238818 0.905000 -0.606619
v 0.232447 0.850000 -0.604549
v 0.238818 0.795000 -0.606619
v 0.256224 0.754737 -0.612275
v 0.280000 0.740000 -0.620000
v 0.256224 0.945263 -0.627725
v 0.238818 0.905000 -0.633381
v 0.232447 0.850000 -0.635451
v 0.238818 0.795000 -0.633381
v 0.256224 0.754737 -0.627725
v 0.265305 0.945263 -0.640225
v 0.254548 0.905000 -0.655031
v 0.250611 0.850000 -0.660451
v 0.254548 0.795000 -0.655031
v 0.265305 0.754737 -0.640225
v 0.280000 0.945263 -0.645000
v 0.280000 0.905000 -0.663301
v 0.280000 0.850000 -0.670000
v 0.280000 0.795000 -0.663301
v 0.280000 0.754737 -0.645000
v 0.014695 0.980622 -0.660225
v 0.025452 0.955000 -0.675031
v 0.029389 0.920000 -0.680451
v 0.025452 0.885000 -0.675031
v 0.014695 0.859378 -0.660225
v 0.023776 0.980622 -0.647725
v 0.041182 0.955000 -0.653381
v 0.047553 0.920000 -0.655451
v 0.041182 0.885000 -0.653381
v 0.023776 0.859378 -0.647725
v 0.023776 0.980622 -0.632275
v 0.041182 0.955000 -0.626619
v 0.047553 0.920000 -0.624549
v 0.041182 0.885000 -0.626619
v 0.023776 0.859378 -0.632275
v 0.014695 0.980622 -0.619775
v 0.025452 0.955000 -0.604969
v 0.029389 0.920000 -0.599549
v 0.025452 0.885000 -0.604969
v 0.014695 0.859378 -0.619775
v 0.000000 0.980622 -0.615000
v 0.000000 0.955000 -0.596699
v 0.000000 0.920000 -0.590000
v 0.000000 0.885000 -0.596699
v 0.000000 0.859378 -0.615000
v -0.014695 0.980622 -0.619775
v -0.025452 0.955000 -0.604969
v -0.029389 0.920000 -0.599549
v -0.025452 0.885000 -0.604969
v -0.014695 0.859378 -0.619775
v 0.000000 0.990000 -0.640000
v -0.023776 0.980622 -0.632275
v -0.041182 0.955000 -0.626619
v -0.047553 0.920000 -0.624549
v -0.041182 0.885000 -0.626619
v -0.023776 0.859378 -0.632275
v 0.000000 0.850000 -0.640000
v -0.023776 0.980622 -0.647725
v -0.041182 0.955000 -0.653381
v -0.047553 0.920000 -0.655451
v -0.041182 0.885000 -0.653381
v -0.023776 0.859378 -0.647725
v -0.014695 0.980622 -0.660225
v -0.025452 0.955000 -0.675031
v -0.029389 0.920000 -0.680451
v -0.025452 0.885000 -0.675031
v -0.014695 0.859378 -0.660225
v -0.000000 0.980622 -0.665000
v -0.000000 0.955000 -0.683301
v -0.000000 0.920000 -0.690000
v -0.000000 0.885000 -0.683301
v -0.000000 0.859378 -0.665000
v -0.480000 0.760000 -0.625000
v -0.480000 0.760000 -0.575000
v -0.419256 0.746136 -0.625000
v -0.419256 0.746136 -0.575000
v -0.370544 0.707289 -0.625000
v -0.370544 0.707289 -0.575000
v -0.343510 0.651153 -0.625000
v -0.343510 0.651153 -0.575000
v -0.343510 0.588847 -0.625000
v -0.343510 0.588847 -0.575000
v -0.370544 0.532711 -0.625000
v -0.370544 0.532711 -0.575000
v -0.419256 0.493864 -0.625000
v -0.419256 0.493864 -0.575000
v -0.480000 0.480000 -0.625000
v -0.480000 0.480000 -0.575000
v -0.540744 0.493864 -0.625000
v -0.540744 0.493864 -0.575000
v -0.589456 0.532711 -0.625000
v -0.589456 0.532711 -0.575000
v -0.616490 0.588847 -0.625000
v -0.616490 0.588847 -0.575000
v -0.616490 0.651153 -0.625000
v -0.616490 0.651153 -0.575000
v -0.589456 0.707289 -0.625000
v -0.589456 0.707289 -0.575000
v -0.540744 0.746136 -0.625000
v -0.540744 0.746136 -0.575000
v -0.480000 0.776800 -0.606250
v -0.480000 0.776800 -0.578750
v -0.411967 0.761272 -0.606250
v -0.411967 0.761272 -0.578750
v -0.357409 0.717763 -0.606250
v -0.357409 0.717763 -0.578750
v -0.327131 0.654891 -0.606250
v -0.327131 0.654891 -0.578750
v -0.327131 0.585109 -0.606250
v -0.327131 0.585109 -0.578750
v -0.357409 0.522237 -0.606250
v -0.357409 0.522237 -0.578750
v -0.411967 0.478728 -0.606250
v -0.411967 0.478728 -0.578750
v -0.480000 0.463200 -0.606250
v -0.480000 0.463200 -0.578750
v -0.548033 0.478728 -0.606250
v -0.548033 0.478728 -0.578750
v -0.602591 0.522237 -0.606250
v -0.602591 0.522237 -0.578750
v -0.632869 0.585109 -0.606250
v -0.632869 0.585109 -0.578750
v -0.632869 0.654891 -0.606250
v -0.632869 0.654891 -0.578750
v -0.602591 0.717763 -0.606250
v -0.602591 0.717763 -0.578750
v -0.548033 0.761272 -0.606250
v -0.548033 0.761272 -0.578750
v -0.592000 0.607400 -0.590000
v -0.592000 0.632600 -0.590000
v -0.592000 0.607400 -0.610000
v -0.592000 0.632600 -0.610000
v -0.368000 0.607400 -0.590000
v -0.368000 0.632600 -0.590000
v -0.368000 0.607400 -0.610000
v -0.368000 0.632600 -0.610000
v -0.492600 0.508000 -0.590000
v -0.492600 0.732000 -0.590000
v -0.492600 0.508000 -0.610000
v -0.492600 0.732000 -0.610000
v -0.467400 0.508000 -0.590000
v -0.467400 0.732000 -0.590000
v -0.467400 0.508000 -0.610000
v -0.467400 0.732000 -0.610000
v -0.620000 0.390000 -0.590000
v -0.620000 0.450000 -0.590000
v -0.620000 0.390000 -0.690000
v -0.620000 0.450000 -0.690000
v -0.340000 0.390000 -0.590000
v -0.340000 0.450000 -0.590000
v -0.340000 0.390000 -0.690000
v -0.340000 0.450000 -0.690000
v -0.468244 0.411962 -0.676180
v -0.459639 0.390000 -0.688025
v -0.456489 0.360000 -0.692361
v -0.459639 0.330000 -0.688025
v -0.468244 0.308038 -0.676180
v -0.460979 0.411962 -0.666180
v -0.447054 0.390000 -0.670705
v -0.441958 0.360000 -0.672361
v -0.447054 0.330000 -0.670705
v -0.460979 0.308038 -0.666180
v -0.460979 0.411962 -0.653820
v -0.447054 0.390000 -0.649295
v -0.441958 0.360000 -0.647639
v -0.447054 0.330000 -0.649295
v -0.460979 0.308038 -0.653820
v -0.468244 0.411962 -0.643820
v -0.459639 0.390000 -0.631975
v -0.456489 0.360000 -0.627639
v -0.459639 0.330000 -0.631975
v -0.468244 0.308038 -0.643820
v -0.480000 0.411962 -0.640000
v -0.480000 0.390000 -0.625359
v -0.480000 0.360000 -0.620000
v -0.480000 0.330000 -0.625359
v -0.480000 0.308038 -0.640000
v -0.491756 0.411962 -0.643820
v -0.500361 0.390000 -0.631975
v -0.503511 0.360000 -0.627639
v -0.500361 0.330000 -0.631975
v -0.491756 0.308038 -0.643820
v -0.499021 0.411962 -0.653820
v -0.512946 0.390000 -0.649295
v -0.518042 0.360000 -0.647639
v -0.512946 0.330000 -0.649295
v -0.499021 0.308038 -0.653820
v -0.480000 0.300000 -0.660000
v -0.480000 0.420000 -0.660000
v -0.499021 0.411962 -0.666180
v -0.512946 0.390000 -0.670705
v -0.518042 0.360000 -0.672361
v -0.512946 0.330000 -0.670705
v -0.499021 0.308038 -0.666180
v -0.491756 0.411962 -0.676180
v -0.500361 0.390000 -0.688025
v -0.503511 0.360000 -0.692361
v -0.500361 0.330000 -0.688025
v -0.491756 0.308038 -0.676180
v -0.480000 0.411962 -0.680000
v -0.480000 0.390000 -0.694641
v -0.480000 0.360000 -0.700000
v -0.480000 0.330000 -0.694641
v -0.480000 0.308038 -0.680000
v 0.480000 0.760000 -0.625000
v 0.480000 0.760000 -0.575000
v 0.540744 0.746136 -0.625000
v 0.540744 0.746136 -0.575000
v 0.589456 0.707289 -0.625000
v 0.589456 0.707289 -0.575000
v 0.616490 0.651153 -0.625000
v 0.616490 0.651153 -0.575000
v 0.616490 0.588847 -0.625000
v 0.616490 0.588847 -0.575000
v 0.589456 0.532711 -0.625000
v 0.589456 0.532711 -0.575000
v 0.540744 0.493864 -0.625000
v 0.540744 0.493864 -0.575000
v 0.480000 0.480000 -0.625000
v 0.480000 0.480000 -0.575000
v 0.419256 0.493864 -0.625000
v 0.419256 0.493864 -0.575000
v 0.370544 0.532711 -0.625000
v 0.370544 0.532711 -0.575000
v 0.343510 0.588847 -0.625000
v 0.343510 0.588847 -0.575000
v 0.343510 0.651153 -0.625000
v 0.343510 0.651153 -0.575000
v 0.370544 0.707289 -0.625000
v 0.370544 0.707289 -0.575000
v 0.419256 0.746136 -0.625000
v 0.419256 0.746136 -0.575000
v 0.480000 0.776800 -0.606250
v 0.480000 0.776800 -0.578750
v 0.548033 0.761272 -0.606250
v 0.548033 0.761272 -0.578750
v 0.602591 0.717763 -0.606250
v 0.602591 0.717763 -0.578750
v 0.632869 0.654891 -0.606250
v 0.632869 0.654891 -0.578750
v 0.632869 0.585109 -0.606250
v 0.632869 0.585109 -0.578750
v 0.602591 0.522237 -0.606250
v 0.602591 0.522237 -0.578750
v 0.548033 0.478728 -0.606250
v 0.548033 0.478728 -0.578750
v 0.480000 0.463200 -0.606250
v 0.480000 0.463200 -0.578750
v 0.411967 0.478728 -0.606250
v 0.411967 0.478728 -0.578750
v 0.357409 0.522237 -0.606250
v 0.357409 0.522237 -0.578750
v 0.327131 0.585109 -0.606250
v 0.327131 0.585109 -0.578750
v 0.327131 0.654891 -0.606250
v 0.327131 0.654891 -0.578750
v 0.357409 0.717763 -0.606250
v 0.357409 0.717763 -0.578750
v 0.411967 0.761272 -0.606250
v 0.411967 0.761272 -0.578750
v 0.368000 0.607400 -0.590000
v 0.368000 0.632600 -0.590000
v 0.368000 0.607400 -0.610000
v 0.368000 0.632600 -0.610000
v 0.592000 0.607400 -0.590000
v 0.592000 0.632600 -0.590000
v 0.592000 0.607400 -0.610000
v 0.592000 0.632600 -0.610000
v 0.467400 0.508000 -0.590000
v 0.467400 0.732000 -0.590000
v 0.467400 0.508000 -0.610000
v 0.467400 0.732000 -0.610000
v 0.492600 0.508000 -0.590000
v 0.492600 0.732000 -0.590000
v 0.492600 0.508000 -0.610000
v 0.492600 0.732000 -0.610000
v 0.340000 0.390000 -0.590000
v 0.340000 0.450000 -0.590000
v 0.340000 0.390000 -0.690000
v 0.340000 0.450000 -0.690000
v 0.620000 0.390000 -0.590000
v 0.620000 0.450000 -0.590000
v 0.620000 0.390000 -0.690000
v 0.620000 0.450000 -0.690000
v 0.491756 0.411962 -0.676180
v 0.500361 0.390000 -0.688025
v 0.503511 0.360000 -0.692361
v 0.500361 0.330000 -0.688025
v 0.491756 0.308038 -0.676180
v 0.499021 0.411962 -0.666180
v 0.512946 0.390000 -0.670705
v 0.518042 0.360000 -0.672361
v 0.512946 0.330000 -0.670705
v 0.499021 0.308038 -0.666180
v 0.499021 0.411962 -0.653820
v 0.512946 0.390000 -0.649295
v 0.518042 0.360000 -0.647639
v 0.512946 0.330000 -0.649295
v 0.499021 0.308038 -0.653820
v 0.491756 0.411962 -0.643820
v 0.500361 0.390000 -0.631975
v 0.503511 0.360000 -0.627639
v 0.500361 0.330000 -0.631975
v 0.491756 0.308038 -0.643820
v 0.480000 0.411962 -0.640000
v 0.480000 0.390000 -0.625359
v 0.480000 0.360000 -0.620000
v 0.480000 0.330000 -0.625359
v 0.480000 0.308038 -0.640000
v 0.468244 0.411962 -0.643820
v 0.459639 0.390000 -0.631975
v 0.456489 0.360000 -0.627639
v 0.459639 0.330000 -0.631975
v 0.468244 0.308038 -0.643820
v 0.460979 0.411962 -0.653820
v 0.447054 0.390000 -0.649295
v 0.441958 0.360000 -0.647639
v 0.447054 0.330000 -0.649295
v 0.460979 0.308038 -0.653820
v 0.480000 0.300000 -0.660000
v 0.480000 0.420000 -0.660000
v 0.460979 0.411962 -0.666180
v 0.447054 0.390000 -0.670705
v 0.441958 0.360000 -0.672361
v 0.447054 0.330000 -0.670705
v 0.460979 0.308038 -0.666180
v 0.468244 0.411962 -0.676180
v 0.459639 0.390000 -0.688025
v 0.456489 0.360000 -0.692361
v 0.459639 0.330000 -0.688025
v 0.468244 0.308038 -0.676180
v 0.480000 0.411962 -0.680000
v 0.480000 0.390000 -0.694641
v 0.480000 0.360000 -0.700000
v 0.480000 0.330000 -0.694641
v 0.480000 0.308038 -0.680000
v -0.090000 0.840000 -0.620000
v -0.090000 0.860000 -0.600000
v -0.110000 0.860000 -0.620000
v -0.090000 1.040000 -0.600000
v -0.090000 1.060000 -0.620000
v -0.110000 1.040000 -0.620000
v -0.090000 0.840000 -0.620000
v -0.110000 0.860000 -0.620000
v -0.090000 0.860000 -0.640000
v -0.090000 1.060000 -0.620000
v -0.090000 1.040000 -0.640000
v -0.110000 1.040000 -0.620000
v 0.090000 0.840000 -0.620000
v 0.110000 0.860000 -0.620000
v 0.090000 0.860000 -0.600000
v 0.090000 1.060000 -0.620000
v 0.090000 1.040000 -0.600000
v 0.110000 1.040000 -0.620000
v 0.090000 0.840000 -0.620000
v 0.090000 0.860000 -0.640000
v 0.110000 0.860000 -0.620000
v 0.090000 1.060000 -0.620000
v 0.110000 1.040000 -0.620000
v 0.090000 1.040000 -0.640000
v 0.009618 0.995012 -0.670902
v 0.016658 0.975987 -0.678882
v 0.019235 0.950000 -0.681803
v 0.016658 0.924012 -0.678882
v 0.009618 0.904988 -0.670902
v 0.015562 0.995012 -0.664164
v 0.026954 0.975987 -0.667212
v 0.031123 0.950000 -0.668328
v 0.026954 0.924012 -0.667212
v 0.015562 0.904988 -0.664164
v 0.015562 0.995012 -0.655836
v 0.026954 0.975987 -0.652788
v 0.031123 0.950000 -0.651672
v 0.026954 0.924012 -0.652788
v 0.015562 0.904988 -0.655836
v 0.009618 0.995012 -0.649099
v 0.016658 0.975987 -0.641118
v 0.019235 0.950000 -0.638197
v 0.016658 0.924012 -0.641118
v 0.009618 0.904988 -0.649099
v 0.000000 0.995012 -0.646525
v 0.000000 0.975987 -0.636661
v 0.000000 0.950000 -0.633050
v 0.000000 0.924012 -0.636661
v 0.000000 0.904988 -0.646525
v -0.009618 0.995012 -0.649099
v -0.016658 0.975987 -0.641118
v -0.019235 0.950000 -0.638197
v -0.016658 0.924012 -0.641118
v -0.009618 0.904988 -0.649099
v 0.000000 1.001975 -0.660000
v -0.015562 0.995012 -0.655836
v -0.026954 0.975987 -0.652788
v -0.031123 0.950000 -0.651672
v -0.026954 0.924012 -0.652788
v -0.015562 0.904988 -0.655836
v 0.000000 0.898025 -0.660000
v -0.015562 0.995012 -0.664164
v -0.026954 0.975987 -0.667212
v -0.031123 0.950000 -0.668328
v -0.026954 0.924012 -0.667212
v -0.015562 0.904988 -0.664164
v -0.009618 0.995012 -0.670902
v -0.016658 0.975987 -0.678882
v -0.019235 0.950000 -0.681803
v -0.016658 0.924012 -0.678882
v -0.009618 0.904988 -0.670902
v -0.000000 0.995012 -0.673475
v 0.000000 0.975987 -0.683339
v -0.000000 0.950000 -0.686950
v 0.000000 0.924012 -0.683339
v -0.000000 0.904988 -0.673475
v 0.000000 0.871250 -0.684500
v 0.017324 0.871250 -0.677324
v 0.024500 0.871250 -0.660000
v 0.017324 0.871250 -0.642676
v 0.000000 0.871250 -0.635500
v -0.017324 0.871250 -0.642676
v -0.024500 0.871250 -0.660000
v -0.017324 0.871250 -0.677324
v 0.000000 0.909750 -0.660000
v -1.050000 0.000000 -0.885000
v -1.050000 0.400000 -0.885000
v -1.025251 0.000000 -0.874749
v -1.025251 0.400000 -0.874749
v -1.015000 0.000000 -0.850000
v -1.015000 0.400000 -0.850000
v -1.025251 0.000000 -0.825251
v -1.025251 0.400000 -0.825251
v -1.050000 0.000000 -0.815000
v -1.050000 0.400000 -0.815000
v -1.074749 0.000000 -0.825251
v -1.074749 0.400000 -0.825251
v -1.085000 0.000000 -0.850000
v -1.085000 0.400000 -0.850000
v -1.074749 0.000000 -0.874749
v -1.074749 0.400000 -0.874749
v -1.030000 0.448284 -0.870000
v -1.021716 0.420000 -0.878284
v -1.030000 0.391716 -0.870000
v -1.021716 0.448284 -0.850000
v -1.010000 0.420000 -0.850000
v -1.021716 0.391716 -0.850000
v -1.030000 0.448284 -0.830000
v -1.021716 0.420000 -0.821716
v -1.030000 0.391716 -0.830000
v -1.050000 0.448284 -0.821716
v -1.050000 0.420000 -0.810000
v -1.050000 0.391716 -0.821716
v -1.070000 0.448284 -0.830000
v -1.078284 0.420000 -0.821716
v -1.070000 0.391716 -0.830000
v -1.050000 0.380000 -0.850000
v -1.078284 0.448284 -0.850000
v -1.090000 0.420000 -0.850000
v -1.078284 0.391716 -0.850000
v -1.070000 0.448284 -0.870000
v -1.078284 0.420000 -0.878284
v -1.070000 0.391716 -0.870000
v -1.050000 0.460000 -0.850000
v -1.050000 0.448284 -0.878284
v -1.050000 0.420000 -0.890000
v -1.050000 0.391716 -0.878284
v -0.850000 0.000000 -0.885000
v -0.850000 0.400000 -0.885000
v -0.825251 0.000000 -0.874749
v -0.825251 0.400000 -0.874749
v -0.815000 0.000000 -0.850000
v -0.815000 0.400000 -0.850000
v -0.825251 0.000000 -0.825251
v -0.825251 0.400000 -0.825251
v -0.850000 0.000000 -0.815000
v -0.850000 0.400000 -0.815000
v -0.874749 0.000000 -0.825251
v -0.874749 0.400000 -0.825251
v -0.885000 0.000000 -0.850000
v -0.885000 0.400000 -0.850000
v -0.874749 0.000000 -0.874749
v -0.874749 0.400000 -0.874749
v -0.830000 0.448284 -0.870000
v -0.821716 0.420000 -0.878284
v -0.830000 0.391716 -0.870000
v -0.821716 0.448284 -0.850000
v -0.810000 0.420000 -0.850000
v -0.821716 0.391716 -0.850000
v -0.830000 0.448284 -0.830000
v -0.821716 0.420000 -0.821716
v -0.830000 0.391716 -0.830000
v -0.850000 0.448284 -0.821716
v -0.850000 0.420000 -0.810000
v -0.850000 0.391716 -0.821716
v -0.870000 0.448284 -0.830000
v -0.878284 0.420000 -0.821716
v -0.870000 0.391716 -0.830000
v -0.850000 0.380000 -0.850000
v -0.878284 0.448284 -0.850000
v -0.890000 0.420000 -0.850000
v -0.878284 0.391716 -0.850000
v -0.870000 0.448284 -0.870000
v -0.878284 0.420000 -0.878284
v -0.870000 0.391716 -0.870000
v -0.850000 0.460000 -0.850000
v -0.850000 0.448284 -0.878284
v -0.850000 0.420000 -0.890000
v -0.850000 0.391716 -0.878284
v -0.650000 0.000000 -0.885000
v -0.650000 0.400000 -0.885000
v -0.625251 0.000000 -0.874749
v -0.625251 0.400000 -0.874749
v -0.615000 0.000000 -0.850000
v -0.615000 0.400000 -0.850000
v -0.625251 0.000000 -0.825251
v -0.625251 0.400000 -0.825251
v -0.650000 0.000000 -0.815000
v -0.650000 0.400000 -0.815000
v -0.674749 0.000000 -0.825251
v -0.674749 0.400000 -0.825251
v -0.685000 0.000000 -0.850000
v -0.685000 0.400000 -0.850000
v -0.674749 0.000000 -0.874749
v -0.674749 0.400000 -0.874749
v -0.630000 0.448284 -0.870000
v -0.621716 0.420000 -0.878284
v -0.630000 0.391716 -0.870000
v -0.621716 0.448284 -0.850000
v -0.610000 0.420000 -0.850000
v -0.621716 0.391716 -0.850000
v -0.630000 0.448284 -0.830000
v -0.621716 0.420000 -0.821716
v -0.630000 0.391716 -0.830000
v -0.650000 0.448284 -0.821716
v -0.650000 0.420000 -0.810000
v -0.650000 0.391716 -0.821716
v -0.670000 0.448284 -0.830000
v -0.678284 0.420000 -0.821716
v -0.670000 0.391716 -0.830000
v -0.650000 0.380000 -0.850000
v -0.678284 0.448284 -0.850000
v -0.690000 0.420000 -0.850000
v -0.678284 0.391716 -0.850000
v -0.670000 0.448284 -0.870000
v -0.678284 0.420000 -0.878284
v -0.670000 0.391716 -0.870000
v -0.650000 0.460000 -0.850000
v -0.650000 0.448284 -0.878284
v -0.650000 0.420000 -0.890000
v -0.650000 0.391716 -0.878284
v -0.902000 0.294142 -0.862000
v -0.882118 0.280000 -0.866971
v -0.902000 0.265858 -0.862000
v -0.882118 0.294142 -0.850000
v -0.854000 0.280000 -0.850000
v -0.882118 0.265858 -0.850000
v -0.902000 0.294142 -0.838000
v -0.882118 0.280000 -0.833029
v -0.902000 0.265858 -0.838000
v -0.950000 0.294142 -0.833029
v -0.950000 0.280000 -0.826000
v -0.950000 0.265858 -0.833029
v -0.998000 0.294142 -0.838000
v -1.017882 0.280000 -0.833029
v -0.998000 0.265858 -0.838000
v -0.950000 0.260000 -0.850000
v -1.017882 0.294142 -0.850000
v -1.046000 0.280000 -0.850000
v -1.017882 0.265858 -0.850000
v -0.998000 0.294142 -0.862000
v -1.017882 0.280000 -0.866971
v -0.998000 0.265858 -0.862000
v -0.950000 0.300000 -0.850000
v -0.950000 0.294142 -0.866971
v -0.950000 0.280000 -0.874000
v -0.950000 0.265858 -0.866971
v -0.702000 0.294142 -0.862000
v -0.682118 0.280000 -0.866971
v -0.702000 0.265858 -0.862000
v -0.682118 0.294142 -0.850000
v -0.654000 0.280000 -0.850000
v -0.682118 0.265858 -0.850000
v -0.702000 0.294142 -0.838000
v -0.682118 0.280000 -0.833029
v -0.702000 0.265858 -0.838000
v -0.750000 0.294142 -0.833029
v -0.750000 0.280000 -0.826000
v -0.750000 0.265858 -0.833029
v -0.798000 0.294142 -0.838000
v -0.817882 0.280000 -0.833029
v -0.798000 0.265858 -0.838000
v -0.750000 0.260000 -0.850000
v -0.817882 0.294142 -0.850000
v -0.846000 0.280000 -0.850000
v -0.817882 0.265858 -0.850000
v -0.798000 0.294142 -0.862000
v -0.817882 0.280000 -0.866971
v -0.798000 0.265858 -0.862000
v -0.750000 0.300000 -0.850000
v -0.750000 0.294142 -0.866971
v -0.750000 0.280000 -0.874000
v -0.750000 0.265858 -0.866971
v 0.950000 0.000000 -0.840000
v 0.950000 0.640000 -0.840000
v 0.978284 0.000000 -0.828284
v 0.978284 0.640000 -0.828284
v 0.990000 0.000000 -0.800000
v 0.990000 0.640000 -0.800000
v 0.978284 0.000000 -0.771716
v 0.978284 0.640000 -0.771716
v 0.950000 0.000000 -0.760000
v 0.950000 0.640000 -0.760000
v 0.921716 0.000000 -0.771716
v 0.921716 0.640000 -0.771716
v 0.910000 0.000000 -0.800000
v 0.910000 0.640000 -0.800000
v 0.921716 0.000000 -0.828284
v 0.921716 0.640000 -0.828284
v 0.950000 0.630000 -0.890000
v 0.950000 0.770000 -0.890000
v 1.013640 0.630000 -0.863640
v 1.013640 0.770000 -0.863640
v 1.040000 0.630000 -0.800000
v 1.040000 0.770000 -0.800000
v 1.013640 0.630000 -0.736360
v 1.013640 0.770000 -0.736360
v 0.950000 0.630000 -0.710000
v 0.950000 0.770000 -0.710000
v 0.886360 0.630000 -0.736360
v 0.886360 0.770000 -0.736360
v 0.860000 0.630000 -0.800000
v 0.860000 0.770000 -0.800000
v 0.886360 0.630000 -0.863640
v 0.886360 0.770000 -0.863640
v 0.985000 0.749497 -0.835000
v 0.999497 0.700000 -0.849497
v 0.985000 0.650503 -0.835000
v 0.999497 0.749497 -0.800000
v 1.020000 0.700000 -0.800000
v 0.999497 0.650503 -0.800000
v 0.985000 0.749497 -0.765000
v 0.999497 0.700000 -0.750503
v 0.985000 0.650503 -0.765000
v 0.950000 0.749497 -0.750503
v 0.950000 0.700000 -0.730000
v 0.950000 0.650503 -0.750503
v 0.915000 0.749497 -0.765000
v 0.900503 0.700000 -0.750503
v 0.915000 0.650503 -0.765000
v 0.950000 0.630000 -0.800000
v 0.900503 0.749497 -0.800000
v 0.880000 0.700000 -0.800000
v 0.900503 0.650503 -0.800000
v 0.915000 0.749497 -0.835000
v 0.900503 0.700000 -0.849497
v 0.915000 0.650503 -0.835000
v 0.950000 0.770000 -0.800000
v 0.950000 0.749497 -0.849497
v 0.950000 0.700000 -0.870000
v 0.950000 0.650503 -0.849497
v -0.550000 0.039800 -1.121473
v -0.550000 0.000200 -1.121473
v -0.487000 0.054295 -1.035737
v -0.440881 0.039800 -1.098500
v -0.424000 0.020000 -1.121473
v -0.440881 0.000200 -1.098500
v -0.487000 -0.014295 -1.035737
v -0.440881 0.054295 -0.999500
v -0.361000 0.039800 -1.035737
v -0.331762 0.020000 -1.049000
v -0.361000 0.000200 -1.035737
v -0.440881 -0.014295 -0.999500
v -0.424000 0.054295 -0.950000
v -0.331762 0.039800 -0.950000
v -0.298000 0.020000 -0.950000
v -0.331762 0.000200 -0.950000
v -0.424000 -0.014295 -0.950000
v -0.440881 0.054295 -0.900500
v -0.361000 0.039800 -0.864263
v -0.331762 0.020000 -0.851000
v -0.361000 0.000200 -0.864263
v -0.440881 -0.014295 -0.900500
v -0.487000 0.054295 -0.864263
v -0.440881 0.039800 -0.801500
v -0.424000 0.020000 -0.778527
v -0.440881 0.000200 -0.801500
v -0.487000 -0.014295 -0.864263
v -0.550000 0.054295 -0.851000
v -0.550000 0.039800 -0.778527
v -0.550000 0.020000 -0.752000
v -0.550000 0.000200 -0.778527
v -0.550000 -0.014295 -0.851000
v -0.550000 0.059600 -0.950000
v -0.613000 0.054295 -0.864263
v -0.659119 0.039800 -0.801500
v -0.676000 0.020000 -0.778527
v -0.659119 0.000200 -0.801500
v -0.613000 -0.014295 -0.864263
v -0.550000 -0.019600 -0.950000
v -0.659119 0.054295 -0.900500
v -0.739000 0.039800 -0.864264
v -0.768238 0.020000 -0.851000
v -0.739000 0.000200 -0.864264
v -0.659119 -0.014295 -0.900500
v -0.676000 0.054295 -0.950000
v -0.768238 0.039800 -0.950000
v -0.802000 0.020000 -0.950000
v -0.768238 0.000200 -0.950000
v -0.676000 -0.014295 -0.950000
v -0.659119 0.054295 -0.999500
v -0.739000 0.039800 -1.035737
v -0.768238 0.020000 -1.049000
v -0.739000 0.000200 -1.035737
v -0.659119 -0.014295 -0.999500
v -0.613000 0.054295 -1.035737
v -0.659119 0.039800 -1.098500
v -0.676000 0.020000 -1.121473
v -0.659119 0.000200 -1.098500
v -0.613000 -0.014295 -1.035737
v -0.550000 0.054295 -1.049000
v -0.550000 0.020000 -1.148000
v -0.550000 -0.014295 -1.049000
v 0.399000 0.046674 -1.116684
v 0.434870 0.035400 -1.165500
v 0.448000 0.020000 -1.183368
v 0.434870 0.004600 -1.165500
v 0.399000 -0.006674 -1.116684
v 0.434870 0.046674 -1.088500
v 0.497000 0.035400 -1.116684
v 0.519741 0.020000 -1.127000
v 0.497000 0.004600 -1.116684
v 0.434870 -0.006674 -1.088500
v 0.448000 0.046674 -1.050000
v 0.519741 0.035400 -1.050000
v 0.546000 0.020000 -1.050000
v 0.519741 0.004600 -1.050000
v 0.448000 -0.006674 -1.050000
v 0.434870 0.046674 -1.011500
v 0.497000 0.035400 -0.983316
v 0.519741 0.020000 -0.973000
v 0.497000 0.004600 -0.983316
v 0.434870 -0.006674 -1.011500
v 0.399000 0.046674 -0.983316
v 0.434870 0.035400 -0.934500
v 0.448000 0.020000 -0.916632
v 0.434870 0.004600 -0.934500
v 0.399000 -0.006674 -0.983316
v 0.350000 0.046674 -0.973000
v 0.350000 0.035400 -0.916632
v 0.350000 0.020000 -0.896000
v 0.350000 0.004600 -0.916632
v 0.350000 -0.006674 -0.973000
v 0.301000 0.046674 -0.983316
v 0.265130 0.035400 -0.934500
v 0.252000 0.020000 -0.916632
v 0.265130 0.004600 -0.934500
v 0.301000 -0.006674 -0.983316
v 0.265130 0.046674 -1.011500
v 0.203000 0.035400 -0.983316
v 0.180259 0.020000 -0.973000
v 0.203000 0.004600 -0.983316
v 0.265130 -0.006674 -1.011500
v 0.350000 -0.010800 -1.050000
v 0.252000 0.046674 -1.050000
v 0.180259 0.035400 -1.050000
v 0.154000 0.020000 -1.050000
v 0.180259 0.004600 -1.050000
v 0.252000 -0.006674 -1.050000
v 0.265130 0.046674 -1.088500
v 0.203000 0.035400 -1.116684
v 0.180259 0.020000 -1.127000
v 0.203000 0.004600 -1.116684
v 0.265130 -0.006674 -1.088500
v 0.301000 0.046674 -1.116684
v 0.265130 0.035400 -1.165500
v 0.252000 0.020000 -1.183368
v 0.265130 0.004600 -1.165500
v 0.301000 -0.006674 -1.116684
v 0.350000 0.050800 -1.050000
v 0.350000 0.046674 -1.127000
v 0.350000 0.035400 -1.183368
v 0.350000 0.020000 -1.204000
v 0.350000 0.004600 -1.183368
v 0.350000 -0.006674 -1.127000
v 0.850000 0.033200 -0.664315
v 0.850000 0.020000 -0.682000
v 0.850000 0.006800 -0.664315
v 0.892000 0.042863 -0.607158
v 0.922746 0.033200 -0.649000
v 0.934000 0.020000 -0.664315
v 0.922746 0.006800 -0.649000
v 0.892000 -0.002863 -0.607158
v 0.922746 0.042863 -0.583000
v 0.976000 0.033200 -0.607158
v 0.995492 0.020000 -0.616000
v 0.976000 0.006800 -0.607158
v 0.922746 -0.002863 -0.583000
v 0.934000 0.042863 -0.550000
v 0.995492 0.033200 -0.550000
v 1.018000 0.020000 -0.550000
v 0.995492 0.006800 -0.550000
v 0.934000 -0.002863 -0.550000
v 0.922746 0.042863 -0.517000
v 0.976000 0.033200 -0.492842
v 0.995492 0.020000 -0.484000
v 0.976000 0.006800 -0.492842
v 0.922746 -0.002863 -0.517000
v 0.892000 0.042863 -0.492842
v 0.922746 0.033200 -0.451000
v 0.934000 0.020000 -0.435685
v 0.922746 0.006800 -0.451000
v 0.892000 -0.002863 -0.492842
v 0.850000 0.042863 -0.484000
v 0.850000 0.033200 -0.435685
v 0.850000 0.020000 -0.418000
v 0.850000 0.006800 -0.435685
v 0.850000 -0.002863 -0.484000
v 0.850000 0.046400 -0.550000
v 0.808000 0.042863 -0.492842
v 0.777254 0.033200 -0.451000
v 0.766000 0.020000 -0.435685
v 0.777254 0.006800 -0.451000
v 0.808000 -0.002863 -0.492842
v 0.777254 0.042863 -0.517000
v 0.724000 0.033200 -0.492842
v 0.704508 0.020000 -0.484000
v 0.724000 0.006800 -0.492842
v 0.777254 -0.002863 -0.517000
v 0.850000 -0.006400 -0.550000
v 0.766000 0.042863 -0.550000
v 0.704508 0.033200 -0.550000
v 0.682000 0.020000 -0.550000
v 0.704508 0.006800 -0.550000
v 0.766000 -0.002863 -0.550000
v 0.777254 0.042863 -0.583000
v 0.724000 0.033200 -0.607158
v 0.704508 0.020000 -0.616000
v 0.724000 0.006800 -0.607158
v 0.777254 -0.002863 -0.583000
v 0.808000 0.042863 -0.607158
v 0.777254 0.033200 -0.649000
v 0.766000 0.020000 -0.664315
v 0.777254 0.006800 -0.649000
v 0.808000 -0.002863 -0.607158
v 0.850000 0.042863 -0.616000
v 0.850000 -0.002863 -0.616000
v -0.900000 0.020000 -0.510000
v -0.900000 0.000947 -0.455000
v -0.865000 0.039053 -0.447631
v -0.839378 0.031000 -0.482500
v -0.830000 0.020000 -0.495263
v -0.839378 0.009000 -0.482500
v -0.865000 0.000947 -0.447631
v -0.839378 0.039053 -0.427500
v -0.795000 0.031000 -0.447631
v -0.778756 0.020000 -0.455000
v -0.795000 0.009000 -0.447631
v -0.839378 0.000947 -0.427500
v -0.830000 0.039053 -0.400000
v -0.778756 0.031000 -0.400000
v -0.760000 0.020000 -0.400000
v -0.778756 0.009000 -0.400000
v -0.830000 0.000947 -0.400000
v -0.839378 0.039053 -0.372500
v -0.795000 0.031000 -0.352369
v -0.778756 0.020000 -0.345000
v -0.795000 0.009000 -0.352369
v -0.839378 0.000947 -0.372500
v -0.865000 0.039053 -0.352369
v -0.839378 0.031000 -0.317500
v -0.830000 0.020000 -0.304737
v -0.839378 0.009000 -0.317500
v -0.865000 0.000947 -0.352369
v -0.900000 0.039053 -0.345000
v -0.900000 0.031000 -0.304737
v -0.900000 0.020000 -0.290000
v -0.900000 0.009000 -0.304737
v -0.900000 0.000947 -0.345000
v -0.935000 0.039053 -0.352369
v -0.960622 0.031000 -0.317500
v -0.970000 0.020000 -0.304737
v -0.960622 0.009000 -0.317500
v -0.935000 0.000947 -0.352369
v -0.900000 -0.002000 -0.400000
v -0.900000 0.042000 -0.400000
v -0.960622 0.039053 -0.372500
v -1.005000 0.031000 -0.352369
v -1.021244 0.020000 -0.345000
v -1.005000 0.009000 -0.352369
v -0.960622 0.000947 -0.372500
v -0.970000 0.039053 -0.400000
v -1.021244 0.031000 -0.400000
v -1.040000 0.020000 -0.400000
v -1.021244 0.009000 -0.400000
v -0.970000 0.000947 -0.400000
v -0.960622 0.039053 -0.427500
v -1.005000 0.031000 -0.447631
v -1.021243 0.020000 -0.455000
v -1.005000 0.009000 -0.447631
v -0.960622 0.000947 -0.427500
v -0.935000 0.039053 -0.447631
v -0.960622 0.031000 -0.482500
v -0.970000 0.020000 -0.495263
v -0.960622 0.009000 -0.482500
v -0.935000 0.000947 -0.447631
v -0.900000 0.039053 -0.455000
v -0.900000 0.031000 -0.495263
v -0.900000 0.009000 -0.495263
v 0.250000 -0.010000 -0.950000
v 0.293416 0.023167 -0.918457
v 0.233417 0.023167 -0.898962
v 0.196335 0.023167 -0.950000
v 0.233417 0.023167 -1.001038
v 0.293416 0.023167 -0.981543
v 0.266583 0.076833 -0.898962
v 0.206584 0.076833 -0.918457
v 0.206584 0.076833 -0.981543
v 0.266583 0.076833 -1.001038
v 0.303665 0.076833 -0.950000
v 0.250000 0.110000 -0.950000
v 0.700000 -0.010000 -0.700000
v 0.743416 0.023167 -0.668457
v 0.683417 0.023167 -0.648962
v 0.646334 0.023167 -0.700000
v 0.683417 0.023167 -0.751038
v 0.743416 0.023167 -0.731543
v 0.716583 0.076833 -0.648962
v 0.656584 0.076833 -0.668457
v 0.656584 0.076833 -0.731543
v 0.716583 0.076833 -0.751038
v 0.753666 0.076833 -0.700000
v 0.700000 0.110000 -0.700000
vn -0.0000 -0.0000 1.0000
vn 1.0000 -0.0000 -0.0000
vn -0.0000 1.0000 -0.0000
vn -1.0000 -0.0000 -0.0000
vn -0.0000 -0.0000 -1.0000
vn -0.5773 -0.5774 0.5774
vn -0.5773 0.5774 0.5773
vn -0.5773 -0.5774 -0.5774
vn -0.5773 0.5774 -0.5773
vn 0.5773 -0.5774 0.5774
vn 0.5773 0.5774 0.5773
vn 0.5773 -0.5774 -0.5774
vn 0.5773 0.5774 -0.5773
vn -0.7071 -0.7071 -0.0000
vn -0.7071 -0.0000 0.7071
vn -0.7071 0.7071 -0.0000
vn -0.7071 -0.0000 -0.7071
vn -0.0000 -0.7071 -0.7071
vn -0.0000 0.7071 -0.7071
vn 0.7071 -0.0000 -0.7071
vn 0.7071 -0.7071 -0.0000
vn 0.7071 0.7071 -0.0000
vn 0.7071 -0.0000 0.7071
vn -0.0000 -0.7071 0.7071
vn -0.0000 0.7071 0.7071
vn -0.0000 -1.0000 -0.0000
vn -0.5774 -0.5773 0.5774
vn -0.5774 0.5774 0.5773
vn -0.5774 -0.5773 -0.5774
vn -0.5774 0.5774 -0.5773
vn 0.5774 -0.5773 0.5774
vn 0.5774 0.5774 0.5773
vn 0.5774 -0.5773 -0.5774
vn 0.5774 0.5774 -0.5773
vn -0.5774 0.5773 0.5774
vn -0.5774 -0.5774 -0.5773
vn 0.5774 0.5773 0.5774
vn 0.5774 -0.5774 -0.5773
vn -0.5774 -0.5773 0.5773
vn -0.5774 0.5773 0.5773
vn -0.5774 0.5773 -0.5774
vn 0.5774 -0.5773 0.5773
vn 0.5774 0.5773 0.5773
vn 0.5774 0.5773 -0.5774
vn 0.3416 -0.3416 0.8756
vn 0.3416 0.3416 0.8756
vn -0.3416 0.3416 0.8756
vn -0.3416 -0.3416 0.8756
vn 0.8756 -0.3416 -0.3416
vn 0.8756 0.3416 -0.3416
vn 0.8756 0.3416 0.3416
vn 0.8756 -0.3416 0.3416
vn 0.3416 0.8756 -0.3416
vn -0.3416 0.8756 -0.3416
vn -0.3416 0.8756 0.3416
vn 0.3416 0.8756 0.3416
vn -0.8756 -0.3416 0.3416
vn -0.8756 0.3416 0.3416
vn -0.8756 0.3416 -0.3416
vn -0.8756 -0.3416 -0.3416
vn -0.3416 -0.3416 -0.8756
vn -0.3416 0.3416 -0.8756
vn 0.3416 0.3416 -0.8756
vn 0.3416 -0.3416 -0.8756
vn -0.3416 -0.8756 0.3416
vn -0.3416 -0.8756 -0.3416
vn 0.3416 -0.8756 0.3416
vn 0.3416 -0.8756 -0.3416
vn -0.5774 -0.5774 0.5774
vn -0.5774 0.5774 0.5774
vn -0.5774 0.5774 -0.5774
vn -0.5774 -0.5774 -0.5774
vn 0.5774 0.5774 -0.5774
vn 0.5774 -0.5774 -0.5774
vn 0.5774 0.5774 0.5774
vn 0.5774 -0.5774 0.5774
vn -0.0000 0.6683 -0.7439
vn 0.4372 0.6683 -0.6018
vn -0.0000 -0.6683 -0.7439
vn 0.4372 -0.6683 -0.6018
vn -0.0000 -0.2853 -0.9584
vn 0.5878 -0.0000 -0.8090
vn 0.5634 -0.2853 -0.7754
vn -0.0000 0.2853 -0.9584
vn 0.5634 0.2853 -0.7754
vn 0.7075 -0.6683 -0.2299
vn 0.9511 -0.0000 -0.3090
vn 0.9115 -0.2853 -0.2962
vn 0.7075 0.6683 -0.2299
vn 0.9115 0.2853 -0.2962
vn 0.9511 -0.0000 0.3090
vn 0.9115 -0.2853 0.2962
vn 0.7075 0.6683 0.2299
vn 0.9115 0.2853 0.2962
vn 0.7075 -0.6683 0.2299
vn 0.4372 0.6683 0.6018
vn 0.5634 0.2853 0.7754
vn 0.5634 -0.2853 0.7754
vn 0.4372 -0.6683 0.6018
vn 0.5878 -0.0000 0.8090
vn -0.0000 -0.2853 0.9584
vn -0.0000 -0.6683 0.7439
vn -0.0000 0.2853 0.9584
vn -0.0000 0.6683 0.7439
vn -0.5634 -0.2853 0.7754
vn -0.4372 -0.6683 0.6018
vn -0.5634 0.2853 0.7754
vn -0.5878 -0.0000 0.8090
vn -0.4372 0.6683 0.6018
vn -0.9115 -0.2853 0.2962
vn -0.7075 -0.6683 0.2299
vn -0.9115 0.2853 0.2962
vn -0.9511 -0.0000 0.3090
vn -0.7075 0.6683 0.2299
vn -0.9115 -0.2853 -0.2962
vn -0.7075 -0.6683 -0.2299
vn -0.9115 0.2853 -0.2962
vn -0.9511 -0.0000 -0.3090
vn -0.7075 0.6683 -0.2299
vn -0.5634 0.2853 -0.7754
vn -0.5878 -0.0000 -0.8090
vn -0.4372 0.6683 -0.6018
vn -0.4372 -0.6683 -0.6018
vn -0.5634 -0.2853 -0.7754
vn -0.0000 0.3067 -0.9518
vn 0.5595 0.3067 -0.7700
vn -0.0000 0.6932 -0.7207
vn 0.4236 0.6932 -0.5831
vn -0.0000 -0.6932 -0.7207
vn 0.4236 -0.6932 -0.5831
vn -0.0000 -0.3067 -0.9518
vn 0.5595 -0.3067 -0.7700
vn 0.6854 -0.6932 -0.2227
vn 0.9052 -0.3067 -0.2941
vn 0.6854 0.6932 -0.2227
vn 0.9052 0.3067 -0.2941
vn 0.6854 -0.6932 0.2227
vn 0.9052 -0.3067 0.2941
vn 0.6854 0.6932 0.2227
vn 0.9052 0.3067 0.2941
vn 0.5595 -0.3067 0.7700
vn 0.4236 0.6932 0.5831
vn 0.5595 0.3067 0.7700
vn 0.4236 -0.6932 0.5831
vn -0.0000 0.6932 0.7207
vn -0.0000 0.3067 0.9518
vn -0.0000 -0.3067 0.9518
vn -0.0000 -0.6932 0.7207
vn -0.5595 -0.3067 0.7700
vn -0.4236 -0.6932 0.5831
vn -0.5595 0.3067 0.7700
vn -0.4236 0.6932 0.5831
vn -0.9052 -0.3067 0.2941
vn -0.6854 -0.6932 0.2227
vn -0.9052 0.3067 0.2941
vn -0.6854 0.6932 0.2227
vn -0.9052 -0.3067 -0.2941
vn -0.6854 -0.6932 -0.2227
vn -0.9052 0.3067 -0.2941
vn -0.6854 0.6932 -0.2227
vn -0.5595 -0.3067 -0.7700
vn -0.4236 -0.6932 -0.5831
vn -0.5595 0.3067 -0.7700
vn -0.4236 0.6932 -0.5831
vn -0.0000 -0.7309 -0.6825
vn -0.0000 -0.3423 -0.9396
vn 0.5523 -0.3423 -0.7602
vn 0.4012 -0.7309 -0.5522
vn -0.0000 0.3423 -0.9396
vn 0.5523 0.3423 -0.7602
vn -0.0000 0.7309 -0.6825
vn 0.4012 0.7309 -0.5522
vn 0.6491 -0.7309 -0.2109
vn 0.8936 -0.3423 -0.2904
vn 0.6491 0.7309 -0.2109
vn 0.8936 0.3423 -0.2904
vn 0.6491 -0.7309 0.2109
vn 0.8936 -0.3423 0.2904
vn 0.6491 0.7309 0.2109
vn 0.8936 0.3423 0.2904
vn 0.4012 -0.7309 0.5522
vn 0.5523 -0.3423 0.7602
vn 0.4012 0.7309 0.5522
vn 0.5523 0.3423 0.7602
vn -0.0000 -0.3423 0.9396
vn -0.0000 0.7309 0.6825
vn -0.0000 0.3423 0.9396
vn -0.0000 -0.7309 0.6825
vn -0.4012 0.7309 0.5522
vn -0.5523 0.3423 0.7602
vn -0.5523 -0.3423 0.7602
vn -0.4012 -0.7309 0.5522
vn -0.8936 -0.3423 0.2904
vn -0.6491 -0.7309 0.2109
vn -0.8936 0.3423 0.2904
vn -0.6491 0.7309 0.2109
vn -0.8936 -0.3423 -0.2904
vn -0.6491 -0.7309 -0.2109
vn -0.8936 0.3423 -0.2904
vn -0.6491 0.7309 -0.2109
vn -0.5523 -0.3423 -0.7602
vn -0.4012 -0.7309 -0.5522
vn -0.5523 0.3423 -0.7602
vn -0.4012 0.7309 -0.5522
vn -0.0000 0.7572 -0.6532
vn -0.0000 0.7572 0.6532
vn 0.3786 0.6557 0.6532
vn 0.3786 0.6557 -0.6532
vn 0.6557 0.3786 0.6532
vn 0.6557 0.3786 -0.6532
vn 0.7572 -0.0000 0.6532
vn 0.7572 -0.0000 -0.6532
vn 0.6557 -0.3786 0.6532
vn 0.6557 -0.3786 -0.6532
vn 0.3786 -0.6557 0.6532
vn 0.3786 -0.6557 -0.6532
vn -0.0000 -0.7572 0.6532
vn -0.0000 -0.7572 -0.6532
vn -0.3786 -0.6557 0.6532
vn -0.3786 -0.6557 -0.6532
vn -0.6557 -0.3786 0.6532
vn -0.6557 -0.3786 -0.6532
vn -0.7572 -0.0000 0.6532
vn -0.7572 -0.0000 -0.6532
vn -0.6557 0.3786 0.6532
vn -0.6557 0.3786 -0.6532
vn -0.3786 0.6557 0.6532
vn -0.3786 0.6557 -0.6532
vn -0.0000 0.7510 -0.6603
vn -0.0000 0.7510 0.6603
vn 0.3259 0.6766 0.6603
vn 0.3259 0.6766 -0.6603
vn 0.5872 0.4682 0.6603
vn 0.5872 0.4682 -0.6603
vn 0.7322 0.1671 0.6603
vn 0.7322 0.1671 -0.6603
vn 0.7322 -0.1671 0.6603
vn 0.7322 -0.1671 -0.6603
vn 0.5872 -0.4682 0.6603
vn 0.5872 -0.4682 -0.6603
vn 0.3259 -0.6766 0.6603
vn 0.3259 -0.6766 -0.6603
vn -0.0000 -0.7510 0.6603
vn -0.0000 -0.7510 -0.6603
vn -0.3259 -0.6766 0.6603
vn -0.3259 -0.6766 -0.6603
vn -0.5872 -0.4682 0.6603
vn -0.5872 -0.4682 -0.6603
vn -0.7322 -0.1671 0.6603
vn -0.7322 -0.1671 -0.6603
vn -0.7322 0.1671 0.6603
vn -0.7322 0.1671 -0.6603
vn -0.5872 0.4682 0.6603
vn -0.5872 0.4682 -0.6603
vn -0.3259 0.6766 0.6603
vn -0.3259 0.6766 -0.6603
vn 0.5872 0.4683 0.6603
vn 0.5872 0.4683 -0.6603
vn 0.5872 -0.4683 0.6603
vn 0.5872 -0.4683 -0.6603
vn -0.5872 -0.4683 0.6603
vn -0.5872 -0.4683 -0.6603
vn -0.5872 0.4683 0.6603
vn -0.5872 0.4683 -0.6603
vn -0.0000 -0.6630 -0.7486
vn 0.5294 -0.6630 -0.5294
vn -0.0000 0.6630 -0.7486
vn 0.5294 0.6630 -0.5294
vn 0.7486 -0.6630 -0.0000
vn 0.7486 0.6630 -0.0000
vn 0.5294 -0.6630 0.5294
vn 0.5294 0.6630 0.5294
vn -0.0000 -0.6630 0.7486
vn -0.0000 0.6630 0.7486
vn -0.5294 0.6630 0.5294
vn -0.5294 -0.6630 0.5294
vn -0.7486 -0.6630 -0.0000
vn -0.7486 0.6630 -0.0000
vn -0.5294 -0.6630 -0.5294
vn -0.5294 0.6630 -0.5294
vn -0.0000 -0.2630 -0.9648
vn 0.5671 -0.2630 -0.7805
vn -0.0000 0.2630 -0.9648
vn -0.0000 0.6404 -0.7681
vn 0.4515 0.6404 -0.6214
vn 0.5671 0.2630 -0.7805
vn -0.0000 -0.6404 -0.7681
vn 0.4515 -0.6404 -0.6214
vn 0.9176 -0.2630 -0.2981
vn 0.7305 -0.6404 -0.2373
vn 0.9176 0.2630 -0.2981
vn 0.7305 0.6404 -0.2373
vn 0.9176 -0.2630 0.2981
vn 0.7305 -0.6404 0.2373
vn 0.9176 0.2630 0.2981
vn 0.7305 0.6404 0.2373
vn 0.5671 -0.2630 0.7805
vn 0.4515 -0.6404 0.6214
vn 0.5671 0.2630 0.7805
vn 0.4515 0.6404 0.6214
vn -0.0000 0.2630 0.9648
vn -0.0000 0.6404 0.7681
vn -0.0000 -0.6404 0.7681
vn -0.0000 -0.2630 0.9648
vn -0.4515 0.6404 0.6214
vn -0.4515 -0.6404 0.6214
vn -0.5671 -0.2630 0.7805
vn -0.5671 0.2630 0.7805
vn -0.7305 -0.6404 0.2373
vn -0.9176 -0.2630 0.2981
vn -0.7305 0.6404 0.2373
vn -0.9176 0.2630 0.2981
vn -0.7305 -0.6404 -0.2373
vn -0.9176 -0.2630 -0.2981
vn -0.7305 0.6404 -0.2373
vn -0.9176 0.2630 -0.2981
vn -0.4515 -0.6404 -0.6214
vn -0.5671 -0.2630 -0.7805
vn -0.4515 0.6404 -0.6214
vn -0.5671 0.2630 -0.7805
vn -0.0000 -0.7659 -0.6429
vn -0.0000 -0.3792 -0.9253
vn 0.5439 -0.3792 -0.7486
vn 0.3779 -0.7659 -0.5201
vn -0.0000 0.3792 -0.9253
vn 0.5439 0.3792 -0.7486
vn -0.0000 0.7659 -0.6429
vn 0.3779 0.7659 -0.5202
vn 0.6115 0.7659 -0.1987
vn 0.6115 -0.7659 -0.1987
vn 0.8800 -0.3792 -0.2859
vn 0.8800 0.3792 -0.2859
vn 0.6115 -0.7659 0.1987
vn 0.8800 -0.3792 0.2859
vn 0.6115 0.7659 0.1987
vn 0.8800 0.3792 0.2859
vn 0.3779 -0.7659 0.5202
vn 0.5439 -0.3792 0.7486
vn 0.3779 0.7659 0.5202
vn 0.5439 0.3792 0.7486
vn -0.0000 -0.7659 0.6429
vn -0.0000 -0.3792 0.9253
vn -0.0000 0.7659 0.6429
vn -0.0000 0.3792 0.9253
vn -0.5439 -0.3792 0.7486
vn -0.3779 0.7659 0.5201
vn -0.5439 0.3792 0.7486
vn -0.3779 -0.7659 0.5202
vn -0.6115 0.7659 0.1987
vn -0.8800 0.3792 0.2859
vn -0.8800 -0.3792 0.2859
vn -0.6115 -0.7659 0.1987
vn -0.8800 -0.3792 -0.2859
vn -0.6115 -0.7659 -0.1987
vn -0.8800 0.3792 -0.2859
vn -0.6115 0.7659 -0.1987
vn -0.5439 -0.3792 -0.7486
vn -0.3779 -0.7659 -0.5202
vn -0.5439 0.3792 -0.7486
vn -0.3779 0.7659 -0.5202
vn -0.0000 -0.7481 -0.6636
vn -0.0000 -0.3599 -0.9330
vn 0.5484 -0.3599 -0.7548
vn 0.3901 -0.7481 -0.5369
vn -0.0000 0.3599 -0.9330
vn 0.5484 0.3599 -0.7548
vn -0.0000 0.7481 -0.6636
vn 0.3901 0.7481 -0.5369
vn 0.6311 -0.7481 -0.2051
vn 0.8873 -0.3599 -0.2883
vn 0.6311 0.7481 -0.2051
vn 0.8873 0.3599 -0.2883
vn 0.6311 -0.7481 0.2051
vn 0.8873 -0.3599 0.2883
vn 0.6311 0.7481 0.2051
vn 0.8873 0.3599 0.2883
vn 0.3901 -0.7481 0.5369
vn 0.5484 -0.3599 0.7548
vn 0.3901 0.7481 0.5369
vn 0.5484 0.3599 0.7548
vn -0.0000 -0.3599 0.9330
vn -0.0000 0.7481 0.6636
vn -0.0000 0.3599 0.9330
vn -0.0000 -0.7481 0.6636
vn -0.3901 0.7481 0.5369
vn -0.5484 0.3599 0.7548
vn -0.5484 -0.3599 0.7548
vn -0.3901 -0.7481 0.5369
vn -0.8873 -0.3599 0.2883
vn -0.6311 -0.7481 0.2051
vn -0.8873 0.3599 0.2883
vn -0.6311 0.7481 0.2051
vn -0.8873 -0.3599 -0.2883
vn -0.6311 -0.7481 -0.2051
vn -0.8873 0.3599 -0.2883
vn -0.6311 0.7481 -0.2051
vn -0.5484 -0.3599 -0.7548
vn -0.3901 -0.7481 -0.5369
vn -0.5484 0.3599 -0.7548
vn -0.3901 0.7481 -0.5369
vn -0.5773 -0.5773 0.5774
vn -0.5773 -0.5773 -0.5774
vn 0.5773 -0.5773 0.5774
vn 0.5773 0.5773 0.5774
vn 0.5773 -0.5773 -0.5774
vn 0.5773 0.5773 -0.5774
vn -0.0000 -0.6834 -0.7300
vn 0.3733 -0.6981 -0.6109
vn -0.0000 -0.2956 -0.9553
vn 0.5304 -0.0000 -0.8478
vn 0.5032 -0.3105 -0.8064
vn -0.0000 0.2956 -0.9553
vn -0.0000 0.6834 -0.7300
vn 0.3733 0.6981 -0.6109
vn 0.5032 0.3105 -0.8064
vn 0.6444 0.7232 -0.2485
vn 0.8813 0.3372 -0.3311
vn 0.8813 -0.3372 -0.3311
vn 0.6444 -0.7232 -0.2485
vn 0.9366 -0.0000 -0.3504
vn 0.8813 -0.3372 0.3311
vn 0.6444 -0.7232 0.2485
vn 0.8813 0.3372 0.3311
vn 0.9366 -0.0000 0.3504
vn 0.6444 0.7232 0.2485
vn 0.5032 -0.3105 0.8064
vn 0.3733 -0.6981 0.6109
vn 0.5032 0.3105 0.8064
vn 0.5304 -0.0000 0.8478
vn 0.3733 0.6981 0.6109
vn -0.0000 -0.2956 0.9553
vn -0.0000 -0.6834 0.7300
vn -0.0000 0.2956 0.9553
vn -0.0000 0.6834 0.7300
vn -0.5032 -0.3105 0.8064
vn -0.3733 -0.6981 0.6109
vn -0.5032 0.3105 0.8064
vn -0.5304 -0.0000 0.8478
vn -0.3733 0.6981 0.6109
vn -0.8813 0.3372 0.3311
vn -0.9366 -0.0000 0.3504
vn -0.6444 0.7232 0.2485
vn -0.6444 -0.7232 0.2485
vn -0.8813 -0.3372 0.3311
vn -0.6444 0.7232 -0.2485
vn -0.6444 -0.7232 -0.2485
vn -0.9366 -0.0000 -0.3504
vn -0.8813 -0.3372 -0.3311
vn -0.8813 0.3372 -0.3311
vn -0.3733 -0.6981 -0.6109
vn -0.5304 -0.0000 -0.8478
vn -0.5032 -0.3105 -0.8064
vn -0.3733 0.6981 -0.6109
vn -0.5032 0.3105 -0.8064
vn -0.0000 -0.4090 -0.9125
vn 0.6453 -0.4090 -0.6453
vn 0.9125 -0.4090 -0.0000
vn 0.6453 -0.4090 0.6453
vn -0.0000 -0.4090 0.9125
vn -0.6453 -0.4090 0.6453
vn -0.9125 -0.4090 -0.0000
vn -0.6453 -0.4090 -0.6453
vn 0.3827 -0.0000 -0.9239
vn 0.9239 -0.0000 -0.3827
vn 0.9239 -0.0000 0.3827
vn 0.3827 -0.0000 0.9239
vn -0.3827 -0.0000 0.9239
vn -0.9239 -0.0000 0.3827
vn -0.9239 -0.0000 -0.3827
vn -0.3827 -0.0000 -0.9239
vn -0.0000 -0.7390 -0.6737
vn 0.4059 -0.0000 -0.9139
vn 0.1415 -0.8019 -0.5805
vn -0.0000 0.7390 -0.6737
vn 0.1415 0.8019 -0.5805
vn 0.3750 -0.9270 -0.0000
vn 0.3750 0.9270 -0.0000
vn 0.4059 -0.0000 0.9139
vn 0.1415 -0.8019 0.5805
vn 0.1415 0.8019 0.5805
vn -0.0000 -0.7390 0.6737
vn -0.0000 0.7390 0.6737
vn -0.4059 -0.0000 0.9139
vn -0.1415 -0.8019 0.5805
vn -0.1415 0.8019 0.5805
vn -0.3750 0.9270 -0.0000
vn -0.3750 -0.9270 -0.0000
vn -0.1415 -0.8019 -0.5805
vn -0.1415 0.8019 -0.5805
vn -0.4059 -0.0000 -0.9139
vn -0.0000 -0.9909 -0.1345
vn 0.0517 -0.9916 -0.1186
vn -0.0000 -0.9025 -0.4308
vn 0.4410 -0.0000 -0.8975
vn 0.1699 -0.9085 -0.3818
vn -0.0000 0.9025 -0.4308
vn -0.0000 0.9909 -0.1345
vn 0.0517 0.9916 -0.1186
vn 0.1699 0.9085 -0.3818
vn 0.8294 -0.0000 -0.5586
vn 0.3104 -0.9217 -0.2325
vn 0.0935 0.9931 -0.0713
vn 0.3104 0.9217 -0.2325
vn 0.0935 -0.9931 -0.0713
vn 0.1106 0.9939 -0.0000
vn 0.3700 0.9290 -0.0000
vn 0.3700 -0.9290 -0.0000
vn 0.1106 -0.9939 -0.0000
vn 0.3104 -0.9217 0.2325
vn 0.0935 -0.9931 0.0713
vn 0.3104 0.9217 0.2325
vn 0.8294 -0.0000 0.5586
vn 0.0935 0.9931 0.0713
vn 0.1699 -0.9085 0.3818
vn 0.0517 -0.9916 0.1186
vn 0.1699 0.9085 0.3818
vn 0.4410 -0.0000 0.8975
vn 0.0517 0.9916 0.1186
vn -0.0000 -0.9025 0.4308
vn -0.0000 -0.9909 0.1345
vn -0.0000 0.9025 0.4308
vn -0.0000 0.9909 0.1345
vn -0.1699 -0.9085 0.3818
vn -0.0517 -0.9916 0.1186
vn -0.1699 0.9085 0.3818
vn -0.4410 -0.0000 0.8975
vn -0.0517 0.9916 0.1186
vn -0.3104 0.9217 0.2325
vn -0.8294 -0.0000 0.5586
vn -0.0935 0.9931 0.0713
vn -0.0935 -0.9931 0.0713
vn -0.3104 -0.9217 0.2325
vn -0.1106 0.9939 -0.0000
vn -0.1106 -0.9939 -0.0000
vn -0.3700 -0.9290 -0.0000
vn -0.3700 0.9290 -0.0000
vn -0.0935 -0.9931 -0.0713
vn -0.8294 -0.0000 -0.5586
vn -0.3104 -0.9217 -0.2325
vn -0.0935 0.9931 -0.0713
vn -0.3104 0.9217 -0.2325
vn -0.0517 -0.9916 -0.1186
vn -0.4410 -0.0000 -0.8975
vn -0.1699 -0.9085 -0.3818
vn -0.0517 0.9916 -0.1186
vn -0.1699 0.9085 -0.3818
vn 0.7236 -0.4472 0.5257
vn -0.2764 -0.4472 0.8507
vn 0.7236 -0.4472 -0.5257
vn -0.8944 -0.4472 -0.0000
vn -0.2764 -0.4472 -0.8507
vn 0.8944 0.4472 -0.0000
vn 0.2764 0.4472 0.8507
vn -0.7236 0.4472 0.5257
vn -0.7236 0.4472 -0.5257
vn 0.2764 0.4472 -0.8507
vt 0.382500 0.754839
vt 0.617500 0.754839
vt 0.617500 0.995161
vt 0.382500 0.995161
vt 0.382500 0.506522
vt 0.617500 0.506522
vt 0.617500 0.743478
vt 0.382500 0.743478
vt 0.629839 0.506522
vt 0.870161 0.506522
vt 0.870161 0.743478
vt 0.629839 0.743478
vt 0.382500 0.006522
vt 0.617500 0.006522
vt 0.617500 0.243478
vt 0.382500 0.243478
vt 0.382500 0.254839
vt 0.617500 0.254839
vt 0.617500 0.495161
vt 0.382500 0.495161
vt 0.129839 0.743478
vt 0.129839 0.750000
vt 0.125000 0.743478
vt 0.617500 0.000000
vt 0.625000 0.006522
vt 0.129839 0.506522
vt 0.125000 0.506522
vt 0.129839 0.500000
vt 0.625000 0.243478
vt 0.617500 0.250000
vt 0.370161 0.743478
vt 0.375000 0.743478
vt 0.370161 0.750000
vt 0.625000 0.754839
vt 0.617500 0.750000
vt 0.370161 0.506522
vt 0.370161 0.500000
vt 0.375000 0.506522
vt 0.625000 0.495161
vt 0.617500 0.500000
vt 0.382500 0.000000
vt 0.625000 0.254839
vt 0.625000 0.995161
vt 0.375000 0.000000
vt 0.625000 0.000000
vt 0.625000 0.250000
vt 0.375000 0.250000
vt 0.625000 0.500000
vt 0.375000 0.500000
vt 0.625000 0.750000
vt 0.375000 0.750000
vt 0.625000 1.000000
vt 0.375000 1.000000
vt 0.125000 0.500000
vt 0.125000 0.750000
vt 0.875000 0.500000
vt 0.875000 0.750000
vt 0.421875 0.756818
vt 0.578125 0.756818
vt 0.578125 0.993182
vt 0.421875 0.993182
vt 0.421875 0.520833
vt 0.578125 0.520833
vt 0.578125 0.729167
vt 0.421875 0.729167
vt 0.631818 0.520833
vt 0.868182 0.520833
vt 0.868182 0.729167
vt 0.631818 0.729167
vt 0.421875 0.020833
vt 0.578125 0.020833
vt 0.578125 0.229167
vt 0.421875 0.229167
vt 0.421875 0.256818
vt 0.578125 0.256818
vt 0.578125 0.493182
vt 0.421875 0.493182
vt 0.131818 0.729167
vt 0.131818 0.750000
vt 0.125000 0.729167
vt 0.578125 0.000000
vt 0.625000 0.020833
vt 0.131818 0.520833
vt 0.125000 0.520833
vt 0.131818 0.500000
vt 0.625000 0.229167
vt 0.578125 0.250000
vt 0.368182 0.729167
vt 0.375000 0.729167
vt 0.368182 0.750000
vt 0.625000 0.756818
vt 0.578125 0.750000
vt 0.368182 0.520833
vt 0.368182 0.500000
vt 0.375000 0.520833
vt 0.625000 0.493182
vt 0.578125 0.500000
vt 0.421875 0.000000
vt 0.625000 0.256818
vt 0.625000 0.993182
vt 0.421875 0.758929
vt 0.578125 0.758929
vt 0.578125 0.991071
vt 0.421875 0.991071
vt 0.633929 0.520833
vt 0.866071 0.520833
vt 0.866071 0.729167
vt 0.633929 0.729167
vt 0.421875 0.258929
vt 0.578125 0.258929
vt 0.578125 0.491071
vt 0.421875 0.491071
vt 0.133929 0.729167
vt 0.133929 0.750000
vt 0.133929 0.520833
vt 0.133929 0.500000
vt 0.578125 0.250000
vt 0.366071 0.729167
vt 0.366071 0.750000
vt 0.625000 0.758929
vt 0.578125 0.750000
vt 0.366071 0.520833
vt 0.366071 0.500000
vt 0.625000 0.491071
vt 0.625000 0.258929
vt 0.625000 0.991071
vt 0.421875 0.762500
vt 0.578125 0.762500
vt 0.578125 0.987500
vt 0.421875 0.987500
vt 0.637500 0.520833
vt 0.862500 0.520833
vt 0.862500 0.729167
vt 0.637500 0.729167
vt 0.421875 0.262500
vt 0.578125 0.262500
vt 0.578125 0.487500
vt 0.421875 0.487500
vt 0.137500 0.729167
vt 0.137500 0.750000
vt 0.137500 0.520833
vt 0.137500 0.500000
vt 0.362500 0.729167
vt 0.362500 0.750000
vt 0.625000 0.762500
vt 0.362500 0.520833
vt 0.362500 0.500000
vt 0.625000 0.487500
vt 0.625000 0.262500
vt 0.625000 0.987500
vt 0.420455 0.755714
vt 0.579545 0.755714
vt 0.579545 0.994286
vt 0.420455 0.994286
vt 0.420455 0.507692
vt 0.579545 0.507692
vt 0.579545 0.742308
vt 0.420455 0.742308
vt 0.630714 0.507692
vt 0.869286 0.507692
vt 0.869286 0.742308
vt 0.630714 0.742308
vt 0.420455 0.007692
vt 0.579545 0.007692
vt 0.579545 0.242308
vt 0.420455 0.242308
vt 0.420455 0.255714
vt 0.579545 0.255714
vt 0.579545 0.494286
vt 0.420455 0.494286
vt 0.130714 0.742308
vt 0.130714 0.750000
vt 0.125000 0.742308
vt 0.579545 0.000000
vt 0.625000 0.007692
vt 0.130714 0.507692
vt 0.125000 0.507692
vt 0.130714 0.500000
vt 0.625000 0.242308
vt 0.579545 0.250000
vt 0.369286 0.742308
vt 0.375000 0.742308
vt 0.369286 0.750000
vt 0.625000 0.755714
vt 0.579545 0.750000
vt 0.369286 0.507692
vt 0.369286 0.500000
vt 0.375000 0.507692
vt 0.625000 0.494286
vt 0.579545 0.500000
vt 0.420455 0.000000
vt 0.625000 0.255714
vt 0.625000 0.994286
vt 0.700000 0.833333
vt 0.650000 1.000000
vt 0.600000 0.833333
vt 0.650000 0.000000
vt 0.700000 0.166667
vt 0.600000 0.166667
vt 0.700000 0.333333
vt 0.700000 0.500000
vt 0.600000 0.500000
vt 0.600000 0.333333
vt 0.700000 0.666667
vt 0.600000 0.666667
vt 0.550000 0.000000
vt 0.500000 0.166667
vt 0.500000 0.500000
vt 0.500000 0.333333
vt 0.500000 0.833333
vt 0.500000 0.666667
vt 0.550000 1.000000
vt 0.400000 0.500000
vt 0.400000 0.333333
vt 0.400000 0.833333
vt 0.400000 0.666667
vt 0.400000 0.166667
vt 0.450000 1.000000
vt 0.450000 0.000000
vt 0.300000 0.833333
vt 0.300000 0.666667
vt 0.300000 0.333333
vt 0.300000 0.166667
vt 0.300000 0.500000
vt 0.350000 1.000000
vt 0.350000 0.000000
vt 0.200000 0.333333
vt 0.200000 0.166667
vt 0.200000 0.666667
vt 0.200000 0.500000
vt 0.250000 1.000000
vt 0.200000 0.833333
vt 0.250000 0.000000
vt 0.100000 0.333333
vt 0.100000 0.166667
vt 0.100000 0.666667
vt 0.100000 0.500000
vt 0.150000 1.000000
vt 0.100000 0.833333
vt 0.150000 0.000000
vt 0.000000 0.333333
vt 0.000000 0.166667
vt 0.000000 0.666667
vt 0.000000 0.500000
vt 0.050000 1.000000
vt 0.000000 0.833333
vt 0.050000 0.000000
vt 1.000000 0.166667
vt 1.000000 0.333333
vt 0.900000 0.333333
vt 0.900000 0.166667
vt 1.000000 0.500000
vt 1.000000 0.666667
vt 0.900000 0.666667
vt 0.900000 0.500000
vt 1.000000 0.833333
vt 0.950000 1.000000
vt 0.900000 0.833333
vt 0.950000 0.000000
vt 0.800000 0.666667
vt 0.800000 0.500000
vt 0.850000 1.000000
vt 0.800000 0.833333
vt 0.850000 0.000000
vt 0.800000 0.166667
vt 0.800000 0.333333
vt 0.750000 1.000000
vt 0.750000 0.000000
vt 0.700000 0.666667
vt 0.700000 0.833333
vt 0.700000 0.166667
vt 0.700000 0.333333
vt 0.400000 0.166667
vt 0.400000 0.500000
vt 0.400000 0.333333
vt 0.400000 0.833333
vt 0.400000 0.666667
vt 0.300000 0.333333
vt 0.300000 0.666667
vt 0.350000 1.000000
vt 0.350000 0.000000
vt 0.200000 0.833333
vt 0.200000 0.666667
vt 0.200000 0.166667
vt 0.100000 0.166667
vt 0.100000 0.666667
vt 0.100000 0.833333
vt 0.000000 0.166667
vt 0.000000 0.666667
vt 0.000000 0.833333
vt 1.000000 0.166667
vt 0.900000 0.166667
vt 1.000000 0.666667
vt 0.900000 0.500000
vt 1.000000 0.833333
vt 0.900000 0.833333
vt 0.800000 0.166667
vt 0.800000 0.833333
vt 0.600000 0.666667
vt 0.400000 0.666667
vt 0.300000 0.666667
vt 0.900000 0.333333
vt 0.900000 0.666667
vt 1.000000 0.500000
vt 1.000000 1.000000
vt 0.916667 1.000000
vt 0.916667 0.500000
vt 0.833333 1.000000
vt 0.833333 0.500000
vt 0.750000 1.000000
vt 0.750000 0.500000
vt 0.666667 1.000000
vt 0.666667 0.500000
vt 0.583333 1.000000
vt 0.583333 0.500000
vt 0.500000 1.000000
vt 0.500000 0.500000
vt 0.416667 1.000000
vt 0.416667 0.500000
vt 0.333333 1.000000
vt 0.333333 0.500000
vt 0.250000 1.000000
vt 0.250000 0.500000
vt 0.166667 1.000000
vt 0.166667 0.500000
vt 0.370000 0.457846
vt 0.250000 0.490000
vt 0.130000 0.457846
vt 0.042154 0.370000
vt 0.010000 0.250000
vt 0.042154 0.130000
vt 0.130000 0.042154
vt 0.250000 0.010000
vt 0.370000 0.042154
vt 0.457846 0.130000
vt 0.490000 0.250000
vt 0.457846 0.370000
vt 0.083333 1.000000
vt 0.083333 0.500000
vt 0.000000 1.000000
vt 0.000000 0.500000
vt 0.750000 0.490000
vt 0.870000 0.457846
vt 0.957846 0.370000
vt 0.990000 0.250000
vt 0.957846 0.130000
vt 0.870000 0.042154
vt 0.750000 0.010000
vt 0.630000 0.042154
vt 0.542154 0.130000
vt 0.510000 0.250000
vt 0.542154 0.370000
vt 0.630000 0.457846
vt 0.928571 1.000000
vt 0.928571 0.500000
vt 0.857143 1.000000
vt 0.857143 0.500000
vt 0.785714 1.000000
vt 0.785714 0.500000
vt 0.714286 1.000000
vt 0.714286 0.500000
vt 0.642857 1.000000
vt 0.642857 0.500000
vt 0.571428 1.000000
vt 0.571428 0.500000
vt 0.500000 1.000000
vt 0.500000 0.500000
vt 0.428571 1.000000
vt 0.428571 0.500000
vt 0.357143 1.000000
vt 0.357143 0.500000
vt 0.285714 1.000000
vt 0.285714 0.500000
vt 0.214286 1.000000
vt 0.214286 0.500000
vt 0.142857 1.000000
vt 0.142857 0.500000
vt 0.354132 0.466233
vt 0.145868 0.466233
vt 0.062360 0.399638
vt 0.016017 0.303405
vt 0.016017 0.196595
vt 0.062360 0.100362
vt 0.145868 0.033767
vt 0.250000 0.010000
vt 0.354132 0.033767
vt 0.437640 0.100362
vt 0.483983 0.196595
vt 0.483983 0.303405
vt 0.437640 0.399638
vt 0.071428 1.000000
vt 0.071428 0.500000
vt -0.000000 1.000000
vt -0.000000 0.500000
vt 0.854132 0.466233
vt 0.937640 0.399638
vt 0.983983 0.303405
vt 0.983983 0.196595
vt 0.937640 0.100362
vt 0.854132 0.033767
vt 0.750000 0.010000
vt 0.645868 0.033767
vt 0.562360 0.100362
vt 0.516017 0.196595
vt 0.516017 0.303405
vt 0.562360 0.399638
vt 0.645868 0.466233
vt 0.016017 0.303405
vt 0.016017 0.196595
vt 0.483983 0.196595
vt 0.983983 0.196595
vt 0.516017 0.196595
vt 0.750000 0.250000
vt 0.750000 0.500000
vt 0.750000 0.750000
vt 0.687500 1.000000
vt 0.687500 0.000000
vt 0.500000 0.250000
vt 0.562500 1.000000
vt 0.500000 0.750000
vt 0.562500 0.000000
vt 0.437500 1.000000
vt 0.437500 0.000000
vt 0.250000 0.500000
vt 0.250000 0.250000
vt 0.312500 1.000000
vt 0.250000 0.750000
vt 0.312500 0.000000
vt 0.125000 0.250000
vt 0.187500 1.000000
vt 0.187500 0.000000
vt 0.062500 0.000000
vt 0.000000 0.250000
vt 0.000000 0.750000
vt 0.062500 1.000000
vt 0.937500 0.000000
vt 1.000000 0.250000
vt 0.875000 0.250000
vt 1.000000 0.750000
vt 0.937500 1.000000
vt 0.812500 0.000000
vt 0.812500 1.000000
vt 0.354132 0.466232
vt 0.250000 0.490000
vt 0.145868 0.466232
vt 0.062360 0.399638
vt 0.062360 0.100362
vt 0.145868 0.033768
vt 0.250000 0.010000
vt 0.354132 0.033768
vt 0.750000 0.490000
vt 0.854132 0.466232
vt 0.854132 0.033768
vt 0.750000 0.010000
vt 0.645868 0.033768
vt 0.645868 0.466232
vt 0.016017 0.303405
vt 0.016017 0.196595
vt 0.483983 0.196595
vt 0.483983 0.303405
vt 0.600000 0.166667
vt 0.650000 1.000000
vt 0.600000 0.833333
vt 0.650000 0.000000
vt 0.500000 0.166667
vt 0.500000 0.833333
vt 0.400000 0.166667
vt 0.400000 0.333333
vt 0.400000 0.833333
vt 0.300000 0.166667
vt 0.300000 0.833333
vt 0.050000 1.000000
vt 0.050000 0.000000
vt 0.900000 0.166667
vt 0.900000 0.833333
vt 0.397727 0.772727
vt 0.602273 0.772727
vt 0.602273 0.977273
vt 0.397727 0.977273
vt 0.397727 0.625000
vt 0.602273 0.625000
vt 0.602273 0.625000
vt 0.647727 0.625000
vt 0.852273 0.625000
vt 0.852273 0.625000
vt 0.397727 0.125000
vt 0.602273 0.125000
vt 0.602273 0.125000
vt 0.397727 0.125000
vt 0.397727 0.272727
vt 0.602273 0.272727
vt 0.602273 0.477273
vt 0.397727 0.477273
vt 0.147727 0.625000
vt 0.147727 0.750000
vt 0.125000 0.625000
vt 0.602273 0.000000
vt 0.625000 0.125000
vt 0.147727 0.500000
vt 0.625000 0.125000
vt 0.602273 0.250000
vt 0.352273 0.625000
vt 0.375000 0.625000
vt 0.352273 0.750000
vt 0.625000 0.772727
vt 0.602273 0.750000
vt 0.352273 0.625000
vt 0.352273 0.500000
vt 0.625000 0.477273
vt 0.602273 0.500000
vt 0.397727 0.000000
vt 0.625000 0.272727
vt 0.625000 0.977273
vt 0.400000 0.666667
vt 0.300000 0.333333
vt 0.200000 0.333333
vt 0.100000 0.333333
vt 0.000000 0.333333
vt 1.000000 0.333333
vt 0.900000 0.333333
vt 0.800000 0.333333
vt 0.419706 0.419706
vt 0.419706 0.080294
vt 0.080294 0.080294
vt 0.010000 0.250000
vt 0.919706 0.419706
vt 0.919706 0.080294
vt 0.580294 0.080294
vt 0.580294 0.419706
vt 0.080294 0.419706
vt 0.875000 1.000000
vt 0.500000 1.000000
vt 0.080294 0.419706
vt 0.010000 0.250000
vt 0.080294 0.080294
vt 0.419706 0.080294
vt 0.490000 0.250000
vt 0.125000 1.000000
vt 0.000000 1.000000
vt 0.919706 0.080294
vt 0.580294 0.080294
vt 0.708333 0.000000
vt 0.750000 0.166667
vt 0.666667 0.166667
vt 0.750000 0.333333
vt 0.666667 0.500000
vt 0.666667 0.333333
vt 0.750000 0.666667
vt 0.750000 0.833333
vt 0.666667 0.833333
vt 0.666667 0.666667
vt 0.708333 1.000000
vt 0.583333 0.500000
vt 0.583333 0.333333
vt 0.583333 0.833333
vt 0.583333 0.666667
vt 0.583333 0.166667
vt 0.500000 0.666667
vt 0.541667 1.000000
vt 0.541667 0.000000
vt 0.416667 0.333333
vt 0.416667 0.166667
vt 0.416667 0.666667
vt 0.416667 0.500000
vt 0.458333 1.000000
vt 0.416667 0.833333
vt 0.458333 0.000000
vt 0.333333 0.333333
vt 0.333333 0.166667
vt 0.333333 0.666667
vt 0.333333 0.500000
vt 0.333333 0.833333
vt 0.250000 0.333333
vt 0.250000 0.166667
vt 0.250000 0.666667
vt 0.291667 1.000000
vt 0.250000 0.833333
vt 0.291667 0.000000
vt 0.166667 0.333333
vt 0.166667 0.166667
vt 0.166667 0.666667
vt 0.166667 0.500000
vt 0.208333 1.000000
vt 0.166667 0.833333
vt 0.208333 0.000000
vt 0.083333 0.666667
vt 0.083333 0.500000
vt 0.083333 0.833333
vt 0.125000 0.000000
vt 0.083333 0.166667
vt 0.083333 0.333333
vt 0.041667 1.000000
vt 0.041667 0.000000
vt 0.958333 0.000000
vt 1.000000 0.166667
vt 0.916667 0.166667
vt 1.000000 0.333333
vt 0.916667 0.500000
vt 0.916667 0.333333
vt 1.000000 0.666667
vt 1.000000 0.833333
vt 0.916667 0.833333
vt 0.916667 0.666667
vt 0.958333 1.000000
vt 0.875000 0.000000
vt 0.833333 0.166667
vt 0.833333 0.333333
vt 0.833333 0.833333
vt 0.833333 0.666667
vt 0.791667 0.000000
vt 0.791667 1.000000
vt 0.750000 0.833333
vt 0.750000 0.166667
vt 0.583333 0.166667
vt 0.583333 0.833333
vt 0.416667 0.833333
vt 0.416667 0.166667
vt 0.333333 0.166667
vt 0.333333 0.833333
vt 0.250000 0.166667
vt 0.250000 0.833333
vt 0.166667 0.166667
vt 0.166667 0.833333
vt 0.083333 0.333333
vt 0.083333 0.166667
vt 0.083333 0.666667
vt 0.083333 0.833333
vt 1.000000 0.833333
vt 0.916667 0.833333
vt 1.000000 0.166667
vt 0.916667 0.166667
vt 1.000000 0.666667
vt 0.916667 0.666667
vt 0.833333 0.166667
vt 0.833333 0.333333
vt 0.833333 0.833333
vt 0.833333 0.666667
vt 0.750000 0.833333
vt 0.750000 0.166667
vt 0.583333 0.666667
vt 0.458333 1.000000
vt 0.458333 0.000000
vt 0.291667 1.000000
vt 0.291667 0.000000
vt 0.208333 1.000000
vt 0.208333 0.000000
vt 0.083333 0.166667
vt 0.083333 0.500000
vt 0.125000 1.000000
vt 0.083333 0.833333
vt 0.125000 0.000000
vt 0.041667 1.000000
vt 0.041667 0.000000
vt 0.875000 1.000000
vt 0.833333 0.833333
vt 0.875000 0.000000
vt 0.833333 0.166667
vt 0.833333 0.500000
vt 0.750000 0.666667
vt 0.083333 0.166667
vt 0.083333 0.833333
vt 0.181819 0.000000
vt 0.272728 0.157461
vt 0.090910 0.157461
vt 0.363637 0.000000
vt 0.454546 0.157461
vt 0.909091 0.000000
vt 1.000000 0.157461
vt 0.818182 0.157461
vt 0.727273 0.000000
vt 0.636364 0.157461
vt 0.545455 0.000000
vt 0.363637 0.314921
vt 0.181819 0.314921
vt 0.909091 0.314921
vt 0.727273 0.314921
vt 0.545455 0.314921
vt 0.000000 0.314921
vt 0.272728 0.472382
vt 0.090910 0.472382
vt 0.818182 0.472382
vt 0.636364 0.472382
vt 0.454546 0.472382
s 0
usemtl LimeBrick
f 15/1/1 17/2/1 4/3/1 2/4/1
f 21/5/2 23/6/2 18/7/2 14/8/2
f 22/9/3 10/10/3 5/11/3 16/12/3
f 3/13/4 6/14/4 12/15/4 8/16/4
f 9/17/5 11/18/5 24/19/5 20/20/5
f 1/21/6 2/22/6 3/23/6
f 4/24/7 5/25/7 6/14/7
f 7/26/8 8/27/8 9/28/8
f 10/29/9 11/30/9 12/15/9
f 13/31/10 14/32/10 15/33/10
f 16/34/11 17/2/11 18/35/11
f 19/36/12 20/37/12 21/38/12
f 22/39/13 23/40/13 24/19/13
f 7/26/14 1/21/14 3/23/14 8/27/14
f 2/41/15 4/24/15 6/14/15 3/13/15
f 5/25/16 10/29/16 12/15/16 6/14/16
f 11/18/17 9/17/17 8/16/17 12/15/17
f 19/36/18 7/26/18 9/28/18 20/37/18
f 10/42/19 22/39/19 24/19/19 11/18/19
f 23/6/20 21/5/20 20/20/20 24/19/20
f 13/31/21 19/36/21 21/5/21 14/8/21
f 22/9/22 16/12/22 18/7/22 23/6/22
f 17/2/23 15/1/23 14/8/23 18/7/23
f 1/21/24 13/31/24 15/33/24 2/22/24
f 16/34/25 5/43/25 4/3/25 17/2/25
f 7/26/26 19/36/26 13/31/26 1/21/26
f 47/58/1 49/59/1 36/60/1 34/61/1
f 53/62/2 55/63/2 50/64/2 46/65/2
f 54/66/3 42/67/3 37/68/3 48/69/3
f 35/70/4 38/71/4 44/72/4 40/73/4
f 41/74/5 43/75/5 56/76/5 52/77/5
f 33/78/27 34/79/27 35/80/27
f 36/81/28 37/82/28 38/71/28
f 39/83/29 40/84/29 41/85/29
f 42/86/30 43/87/30 44/72/30
f 45/88/31 46/89/31 47/90/31
f 48/91/32 49/59/32 50/92/32
f 51/93/33 52/94/33 53/95/33
f 54/96/34 55/97/34 56/76/34
f 39/83/14 33/78/14 35/80/14 40/84/14
f 34/98/15 36/81/15 38/71/15 35/70/15
f 37/82/16 42/86/16 44/72/16 38/71/16
f 43/75/17 41/74/17 40/73/17 44/72/17
f 51/93/18 39/83/18 41/85/18 52/94/18
f 42/99/19 54/96/19 56/76/19 43/75/19
f 55/63/20 53/62/20 52/77/20 56/76/20
f 45/88/21 51/93/21 53/62/21 46/65/21
f 54/66/22 48/69/22 50/64/22 55/63/22
f 49/59/23 47/58/23 46/65/23 50/64/23
f 33/78/24 45/88/24 47/90/24 34/79/24
f 48/91/25 37/100/25 36/60/25 49/59/25
f 39/83/26 51/93/26 45/88/26 33/78/26
f 71/101/1 73/102/1 60/103/1 58/104/1
f 77/62/2 79/63/2 74/64/2 70/65/2
f 78/105/3 66/106/3 61/107/3 72/108/3
f 59/70/4 62/71/4 68/72/4 64/73/4
f 65/109/5 67/110/5 80/111/5 76/112/5
f 57/113/27 58/114/27 59/80/27
f 60/81/35 61/82/35 62/71/35
f 63/115/36 64/84/36 65/116/36
f 66/86/30 67/117/30 68/72/30
f 69/118/31 70/89/31 71/119/31
f 72/120/37 73/102/37 74/121/37
f 75/122/38 76/123/38 77/95/38
f 78/124/34 79/97/34 80/111/34
f 63/115/14 57/113/14 59/80/14 64/84/14
f 58/98/15 60/81/15 62/71/15 59/70/15
f 61/82/16 66/86/16 68/72/16 62/71/16
f 67/110/17 65/109/17 64/73/17 68/72/17
f 75/122/18 63/115/18 65/116/18 76/123/18
f 66/125/19 78/124/19 80/111/19 67/110/19
f 79/63/20 77/62/20 76/112/20 80/111/20
f 69/118/21 75/122/21 77/62/21 70/65/21
f 78/105/22 72/108/22 74/64/22 79/63/22
f 73/102/23 71/101/23 70/65/23 74/64/23
f 57/113/24 69/118/24 71/119/24 58/114/24
f 72/120/25 61/126/25 60/103/25 73/102/25
f 63/115/26 75/122/26 69/118/26 57/113/26
f 95/127/1 97/128/1 84/129/1 82/130/1
f 101/62/2 103/63/2 98/64/2 94/65/2
f 102/131/3 90/132/3 85/133/3 96/134/3
f 83/70/4 86/71/4 92/72/4 88/73/4
f 89/135/5 91/136/5 104/137/5 100/138/5
f 81/139/39 82/140/39 83/80/39
f 84/81/40 85/82/40 86/71/40
f 87/141/29 88/84/29 89/142/29
f 90/86/41 91/87/41 92/72/41
f 93/143/42 94/89/42 95/144/42
f 96/145/43 97/128/43 98/121/43
f 99/146/33 100/147/33 101/95/33
f 102/148/44 103/97/44 104/137/44
f 87/141/14 81/139/14 83/80/14 88/84/14
f 82/98/15 84/81/15 86/71/15 83/70/15
f 85/82/16 90/86/16 92/72/16 86/71/16
f 91/136/17 89/135/17 88/73/17 92/72/17
f 99/146/18 87/141/18 89/142/18 100/147/18
f 90/149/19 102/148/19 104/137/19 91/136/19
f 103/63/20 101/62/20 100/138/20 104/137/20
f 93/143/21 99/146/21 101/62/21 94/65/21
f 102/131/22 96/134/22 98/64/22 103/63/22
f 97/128/23 95/127/23 94/65/23 98/64/23
f 81/139/24 93/143/24 95/144/24 82/140/24
f 96/145/25 85/150/25 84/129/25 97/128/25
f 87/141/26 99/146/26 93/143/26 81/139/26
f 709/44/4 710/45/4 712/46/4 711/47/4
f 711/47/5 712/46/5 716/48/5 715/49/5
f 715/49/2 716/48/2 714/50/2 713/51/2
f 713/51/1 714/50/1 710/52/1 709/53/1
f 711/54/26 715/49/26 713/51/26 709/55/26
f 716/48/3 712/56/3 710/57/3 714/50/3
usemtl BrickDark
f 25/44/4 26/45/4 28/46/4 27/47/4
f 27/47/5 28/46/5 32/48/5 31/49/5
f 31/49/2 32/48/2 30/50/2 29/51/2
f 29/51/1 30/50/1 26/52/1 25/53/1
f 27/54/26 31/49/26 29/51/26 25/55/26
f 32/48/3 28/56/3 26/57/3 30/50/3
s 1
f 1387/464/26 1402/271/407 1355/199/408
f 1401/272/409 1400/201/5 1353/202/410 1354/203/411
f 1399/269/412 1398/270/413 1351/196/414 1352/299/415
f 1402/271/407 1401/272/409 1354/203/411 1355/199/408
f 1400/201/5 1399/269/412 1352/299/415 1353/202/410
f 1398/270/413 1381/462/3 1351/196/414
f 1352/299/415 1351/196/414 1356/210/416 1357/211/417
f 1355/199/408 1354/203/411 1359/209/418 1360/207/419
f 1353/202/410 1352/299/415 1357/211/417 1358/208/420
f 1351/196/414 1381/212/3 1356/210/416
f 1387/206/26 1355/199/408 1360/207/419
f 1354/203/411 1353/202/410 1358/208/420 1359/209/418
f 1360/207/419 1359/209/418 1364/275/421 1365/217/422
f 1358/208/420 1357/211/417 1362/514/423 1363/213/424
f 1356/210/416 1381/218/3 1361/215/425
f 1387/219/26 1360/207/419 1365/217/422
f 1359/209/418 1358/208/420 1363/213/424 1364/275/421
f 1357/211/417 1356/210/416 1361/215/425 1362/514/423
f 1365/217/422 1364/275/421 1369/515/426 1370/223/427
f 1363/213/424 1362/514/423 1367/221/428 1368/224/429
f 1361/215/425 1381/225/3 1366/220/430
f 1387/226/26 1365/217/422 1370/223/427
f 1364/275/421 1363/213/424 1368/224/429 1369/515/426
f 1362/514/423 1361/215/425 1366/220/430 1367/221/428
f 1370/223/427 1369/515/426 1374/516/431 1375/284/432
f 1368/224/429 1367/221/428 1372/283/433 1373/230/1
f 1366/220/430 1381/231/3 1371/282/434
f 1387/233/26 1370/223/427 1375/284/432
f 1369/515/426 1368/224/429 1373/230/1 1374/516/431
f 1367/221/428 1366/220/430 1371/282/434 1372/283/433
f 1375/284/432 1374/516/431 1379/517/435 1380/285/436
f 1373/230/1 1372/283/433 1377/286/437 1378/237/438
f 1371/282/434 1381/238/3 1376/287/439
f 1387/240/26 1375/284/432 1380/285/436
f 1374/516/431 1373/230/1 1378/237/438 1379/517/435
f 1372/283/433 1371/282/434 1376/287/439 1377/286/437
f 1378/237/438 1377/286/437 1383/289/440 1384/244/441
f 1376/287/439 1381/245/3 1382/290/442
f 1387/247/26 1380/285/436 1386/288/443
f 1379/517/435 1378/237/438 1384/244/441 1385/518/444
f 1377/286/437 1376/287/439 1382/290/442 1383/289/440
f 1380/285/436 1379/517/435 1385/518/444 1386/288/443
f 1382/295/442 1381/257/3 1388/258/445
f 1387/259/26 1386/291/443 1392/251/446
f 1385/519/444 1384/252/441 1390/255/447 1391/520/448
f 1383/293/440 1382/295/442 1388/258/445 1389/254/449
f 1386/291/443 1385/519/444 1391/520/448 1392/251/446
f 1384/252/441 1383/293/440 1389/254/449 1390/255/447
f 1387/264/26 1392/251/446 1397/297/450
f 1391/520/448 1390/255/447 1395/261/451 1396/521/452
f 1389/254/449 1388/258/445 1393/298/453 1394/260/454
f 1392/251/446 1391/520/448 1396/521/452 1397/297/450
f 1390/255/447 1389/254/449 1394/260/454 1395/261/451
f 1388/258/445 1381/262/3 1393/298/453
f 1387/268/26 1397/297/450 1402/271/407
f 1396/521/452 1395/261/451 1400/201/5 1401/272/409
f 1394/260/454 1393/298/453 1398/270/413 1399/269/412
f 1397/297/450 1396/521/452 1401/272/409 1402/271/407
f 1395/261/451 1394/260/454 1399/269/412 1400/201/5
f 1393/298/453 1381/267/3 1398/270/413
f 1403/327/455 1411/425/3 1404/522/456
f 1404/522/456 1411/425/3 1405/336/457
f 1405/336/457 1411/425/3 1406/523/458
f 1406/523/458 1411/425/3 1407/385/459
f 1407/385/459 1411/425/3 1408/524/460
f 1408/524/460 1411/425/3 1409/525/461
f 1403/342/455 1404/526/456 1405/345/457 1406/527/458 1407/401/459 1408/528/460 1409/351/461 1410/529/462
f 1409/525/461 1411/425/3 1410/530/462
f 1410/530/462 1411/425/3 1403/327/455
usemtl SlimeNeon
f 119/151/45 121/152/46 108/153/47 106/154/48
f 125/155/49 127/156/50 122/157/51 118/158/52
f 126/159/53 114/160/54 109/161/55 120/162/56
f 107/163/57 110/164/58 116/165/59 112/166/60
f 113/167/61 115/168/62 128/169/63 124/170/64
f 105/171/65 106/172/48 107/173/57
f 108/174/47 109/175/55 110/164/58
f 111/176/66 112/177/60 113/178/61
f 114/179/54 115/180/62 116/165/59
f 117/181/67 118/182/52 119/183/45
f 120/184/56 121/152/46 122/185/51
f 123/186/68 124/187/64 125/188/49
f 126/189/53 127/190/50 128/169/63
f 111/176/66 105/171/65 107/173/57 112/177/60
f 106/191/48 108/174/47 110/164/58 107/163/57
f 109/175/55 114/179/54 116/165/59 110/164/58
f 115/168/62 113/167/61 112/166/60 116/165/59
f 123/186/68 111/176/66 113/178/61 124/187/64
f 114/192/54 126/189/53 128/169/63 115/168/62
f 127/156/50 125/155/49 124/170/64 128/169/63
f 117/181/67 123/186/68 125/155/49 118/158/52
f 126/159/53 120/162/56 122/157/51 127/156/50
f 121/152/46 119/151/45 118/158/52 122/157/51
f 105/171/65 117/181/67 119/183/45 106/172/48
f 120/184/56 109/193/55 108/153/47 121/152/46
f 111/176/66 123/186/68 117/181/67 105/171/65
f 129/44/69 130/45/70 132/46/71 131/47/72
f 131/47/72 132/46/71 136/48/73 135/49/74
f 135/49/74 136/48/73 134/50/75 133/51/76
f 133/51/76 134/50/75 130/52/70 129/53/69
f 131/54/72 135/49/74 133/51/76 129/55/69
f 136/48/73 132/56/71 130/57/70 134/50/75
f 184/194/77 167/195/3 137/196/78
f 173/197/26 188/198/79 141/199/80
f 187/200/81 186/201/5 139/202/82 140/203/83
f 185/204/84 184/194/77 137/196/78 138/205/85
f 188/198/79 187/200/81 140/203/83 141/199/80
f 186/201/5 185/204/84 138/205/85 139/202/82
f 173/206/26 141/199/80 146/207/86
f 140/203/83 139/202/82 144/208/87 145/209/88
f 138/205/85 137/196/78 142/210/89 143/211/90
f 141/199/80 140/203/83 145/209/88 146/207/86
f 139/202/82 138/205/85 143/211/90 144/208/87
f 137/196/78 167/212/3 142/210/89
f 145/209/88 144/208/87 149/213/91 150/214/92
f 143/211/90 142/210/89 147/215/93 148/216/94
f 146/207/86 145/209/88 150/214/92 151/217/95
f 144/208/87 143/211/90 148/216/94 149/213/91
f 142/210/89 167/218/3 147/215/93
f 173/219/26 146/207/86 151/217/95
f 148/216/94 147/215/93 152/220/96 153/221/97
f 151/217/95 150/214/92 155/222/98 156/223/99
f 149/213/91 148/216/94 153/221/97 154/224/100
f 147/215/93 167/225/3 152/220/96
f 173/226/26 151/217/95 156/223/99
f 150/214/92 149/213/91 154/224/100 155/222/98
f 156/223/99 155/222/98 160/227/101 161/228/102
f 154/224/100 153/221/97 158/229/103 159/230/1
f 152/220/96 167/231/3 157/232/104
f 173/233/26 156/223/99 161/228/102
f 155/222/98 154/224/100 159/230/1 160/227/101
f 153/221/97 152/220/96 157/232/104 158/229/103
f 161/228/102 160/227/101 165/234/105 166/235/106
f 159/230/1 158/229/103 163/236/107 164/237/108
f 157/232/104 167/238/3 162/239/109
f 173/240/26 161/228/102 166/235/106
f 160/227/101 159/230/1 164/237/108 165/234/105
f 158/229/103 157/232/104 162/239/109 163/236/107
f 166/235/106 165/234/105 171/241/110 172/242/111
f 164/237/108 163/236/107 169/243/112 170/244/113
f 162/239/109 167/245/3 168/246/114
f 173/247/26 166/235/106 172/242/111
f 165/234/105 164/237/108 170/244/113 171/241/110
f 163/236/107 162/239/109 168/246/114 169/243/112
f 172/248/111 171/249/110 177/250/115 178/251/116
f 170/252/113 169/253/112 175/254/117 176/255/118
f 168/256/114 167/257/3 174/258/119
f 173/259/26 172/248/111 178/251/116
f 171/249/110 170/252/113 176/255/118 177/250/115
f 169/253/112 168/256/114 174/258/119 175/254/117
f 176/255/118 175/254/117 180/260/120 181/261/121
f 174/258/119 167/262/3 179/263/122
f 173/264/26 178/251/116 183/265/123
f 177/250/115 176/255/118 181/261/121 182/266/124
f 175/254/117 174/258/119 179/263/122 180/260/120
f 178/251/116 177/250/115 182/266/124 183/265/123
f 179/263/122 167/267/3 184/194/77
f 173/268/26 183/265/123 188/198/79
f 182/266/124 181/261/121 186/201/5 187/200/81
f 180/260/120 179/263/122 184/194/77 185/204/84
f 183/265/123 182/266/124 187/200/81 188/198/79
f 181/261/121 180/260/120 185/204/84 186/201/5
f 240/198/79 239/200/81 192/203/83 193/199/80
f 238/201/5 237/204/84 190/205/85 191/202/82
f 236/194/77 219/195/3 189/196/78
f 225/197/26 240/198/79 193/199/80
f 239/200/81 238/201/5 191/202/82 192/203/83
f 237/204/84 236/194/77 189/196/78 190/205/85
f 189/196/78 219/212/3 194/210/89
f 225/206/26 193/199/80 198/207/86
f 192/203/83 191/202/82 196/208/87 197/209/88
f 190/205/85 189/196/78 194/210/89 195/211/90
f 193/199/80 192/203/83 197/209/88 198/207/86
f 191/202/82 190/205/85 195/211/90 196/208/87
f 225/219/26 198/207/86 203/217/95
f 197/209/88 196/208/87 201/213/91 202/214/92
f 195/211/90 194/210/89 199/215/93 200/216/94
f 198/207/86 197/209/88 202/214/92 203/217/95
f 196/208/87 195/211/90 200/216/94 201/213/91
f 194/210/89 219/218/3 199/215/93
f 225/226/26 203/217/95 208/223/99
f 202/214/92 201/213/91 206/224/100 207/222/98
f 200/216/94 199/215/93 204/220/96 205/221/97
f 203/217/95 202/214/92 207/222/98 208/223/99
f 201/213/91 200/216/94 205/221/97 206/224/100
f 199/215/93 219/225/3 204/220/96
f 225/233/26 208/223/99 213/228/102
f 207/222/98 206/224/100 211/230/1 212/227/101
f 205/221/97 204/220/96 209/232/104 210/229/103
f 208/223/99 207/222/98 212/227/101 213/228/102
f 206/224/100 205/221/97 210/229/103 211/230/1
f 204/220/96 219/231/3 209/232/104
f 212/227/101 211/230/1 216/237/108 217/234/105
f 210/229/103 209/232/104 214/239/109 215/236/107
f 213/228/102 212/227/101 217/234/105 218/235/106
f 211/230/1 210/229/103 215/236/107 216/237/108
f 209/232/104 219/238/3 214/239/109
f 225/240/26 213/228/102 218/235/106
f 215/236/107 214/239/109 220/246/114 221/243/112
f 218/235/106 217/234/105 223/241/110 224/242/111
f 216/237/108 215/236/107 221/243/112 222/244/113
f 214/239/109 219/245/3 220/246/114
f 225/247/26 218/235/106 224/242/111
f 217/234/105 216/237/108 222/244/113 223/241/110
f 224/248/111 223/249/110 229/250/115 230/251/116
f 222/252/113 221/253/112 227/254/117 228/255/118
f 220/256/114 219/257/3 226/258/119
f 225/259/26 224/248/111 230/251/116
f 223/249/110 222/252/113 228/255/118 229/250/115
f 221/253/112 220/256/114 226/258/119 227/254/117
f 230/251/116 229/250/115 234/266/124 235/265/123
f 228/255/118 227/254/117 232/260/120 233/261/121
f 226/258/119 219/262/3 231/263/122
f 225/264/26 230/251/116 235/265/123
f 229/250/115 228/255/118 233/261/121 234/266/124
f 227/254/117 226/258/119 231/263/122 232/260/120
f 235/265/123 234/266/124 239/200/81 240/198/79
f 233/261/121 232/260/120 237/204/84 238/201/5
f 231/263/122 219/267/3 236/194/77
f 225/268/26 235/265/123 240/198/79
f 234/266/124 233/261/121 238/201/5 239/200/81
f 232/260/120 231/263/122 236/194/77 237/204/84
f 292/198/79 291/200/81 244/203/83 245/199/80
f 290/201/5 289/204/84 242/205/85 243/202/82
f 288/194/77 271/195/3 241/196/78
f 277/197/26 292/198/79 245/199/80
f 291/200/81 290/201/5 243/202/82 244/203/83
f 289/204/84 288/194/77 241/196/78 242/205/85
f 277/206/26 245/199/80 250/207/86
f 244/203/83 243/202/82 248/208/87 249/209/88
f 242/205/85 241/196/78 246/210/89 247/211/90
f 245/199/80 244/203/83 249/209/88 250/207/86
f 243/202/82 242/205/85 247/211/90 248/208/87
f 241/196/78 271/212/3 246/210/89
f 277/219/26 250/207/86 255/217/95
f 249/209/88 248/208/87 253/213/91 254/214/92
f 247/211/90 246/210/89 251/215/93 252/216/94
f 250/207/86 249/209/88 254/214/92 255/217/95
f 248/208/87 247/211/90 252/216/94 253/213/91
f 246/210/89 271/218/3 251/215/93
f 277/226/26 255/217/95 260/223/99
f 254/214/92 253/213/91 258/224/100 259/222/98
f 252/216/94 251/215/93 256/220/96 257/221/97
f 255/217/95 254/214/92 259/222/98 260/223/99
f 253/213/91 252/216/94 257/221/97 258/224/100
f 251/215/93 271/225/3 256/220/96
f 259/222/98 258/224/100 263/230/1 264/227/101
f 257/221/97 256/220/96 261/232/104 262/229/103
f 260/223/99 259/222/98 264/227/101 265/228/102
f 258/224/100 257/221/97 262/229/103 263/230/1
f 256/220/96 271/231/3 261/232/104
f 277/233/26 260/223/99 265/228/102
f 262/229/103 261/232/104 266/239/109 267/236/107
f 265/228/102 264/227/101 269/234/105 270/235/106
f 263/230/1 262/229/103 267/236/107 268/237/108
f 261/232/104 271/238/3 266/239/109
f 277/240/26 265/228/102 270/235/106
f 264/227/101 263/230/1 268/237/108 269/234/105
f 270/235/106 269/234/105 275/241/110 276/242/111
f 268/237/108 267/236/107 273/243/112 274/244/113
f 266/239/109 271/245/3 272/246/114
f 277/247/26 270/235/106 276/242/111
f 269/234/105 268/237/108 274/244/113 275/241/110
f 267/236/107 266/239/109 272/246/114 273/243/112
f 276/248/111 275/249/110 281/250/115 282/251/116
f 274/252/113 273/253/112 279/254/117 280/255/118
f 272/256/114 271/257/3 278/258/119
f 277/259/26 276/248/111 282/251/116
f 275/249/110 274/252/113 280/255/118 281/250/115
f 273/253/112 272/256/114 278/258/119 279/254/117
f 282/251/116 281/250/115 286/266/124 287/265/123
f 280/255/118 279/254/117 284/260/120 285/261/121
f 278/258/119 271/262/3 283/263/122
f 277/264/26 282/251/116 287/265/123
f 281/250/115 280/255/118 285/261/121 286/266/124
f 279/254/117 278/258/119 283/263/122 284/260/120
f 287/265/123 286/266/124 291/200/81 292/198/79
f 285/261/121 284/260/120 289/204/84 290/201/5
f 283/263/122 271/267/3 288/194/77
f 277/268/26 287/265/123 292/198/79
f 286/266/124 285/261/121 290/201/5 291/200/81
f 284/260/120 283/263/122 288/194/77 289/204/84
f 344/198/79 343/200/81 296/203/83 297/199/80
f 342/201/5 341/204/84 294/205/85 295/202/82
f 340/194/77 323/195/3 293/196/78
f 329/197/26 344/198/79 297/199/80
f 343/200/81 342/201/5 295/202/82 296/203/83
f 341/204/84 340/194/77 293/196/78 294/205/85
f 329/206/26 297/199/80 302/207/86
f 296/203/83 295/202/82 300/208/87 301/209/88
f 294/205/85 293/196/78 298/210/89 299/211/90
f 297/199/80 296/203/83 301/209/88 302/207/86
f 295/202/82 294/205/85 299/211/90 300/208/87
f 293/196/78 323/212/3 298/210/89
f 329/219/26 302/207/86 307/217/95
f 301/209/88 300/208/87 305/213/91 306/214/92
f 299/211/90 298/210/89 303/215/93 304/216/94
f 302/207/86 301/209/88 306/214/92 307/217/95
f 300/208/87 299/211/90 304/216/94 305/213/91
f 298/210/89 323/218/3 303/215/93
f 329/226/26 307/217/95 312/223/99
f 306/214/92 305/213/91 310/224/100 311/222/98
f 304/216/94 303/215/93 308/220/96 309/221/97
f 307/217/95 306/214/92 311/222/98 312/223/99
f 305/213/91 304/216/94 309/221/97 310/224/100
f 303/215/93 323/225/3 308/220/96
f 311/222/98 310/224/100 315/230/1 316/227/101
f 309/221/97 308/220/96 313/232/104 314/229/103
f 312/223/99 311/222/98 316/227/101 317/228/102
f 310/224/100 309/221/97 314/229/103 315/230/1
f 308/220/96 323/231/3 313/232/104
f 329/233/26 312/223/99 317/228/102
f 314/229/103 313/232/104 318/239/109 319/236/107
f 317/228/102 316/227/101 321/234/105 322/235/106
f 315/230/1 314/229/103 319/236/107 320/237/108
f 313/232/104 323/238/3 318/239/109
f 329/240/26 317/228/102 322/235/106
f 316/227/101 315/230/1 320/237/108 321/234/105
f 322/235/106 321/234/105 327/241/110 328/242/111
f 320/237/108 319/236/107 325/243/112 326/244/113
f 318/239/109 323/245/3 324/246/114
f 329/247/26 322/235/106 328/242/111
f 321/234/105 320/237/108 326/244/113 327/241/110
f 319/236/107 318/239/109 324/246/114 325/243/112
f 328/248/111 327/249/110 333/250/115 334/251/116
f 326/252/113 325/253/112 331/254/117 332/255/118
f 324/256/114 323/257/3 330/258/119
f 329/259/26 328/248/111 334/251/116
f 327/249/110 326/252/113 332/255/118 333/250/115
f 325/253/112 324/256/114 330/258/119 331/254/117
f 334/251/116 333/250/115 338/266/124 339/265/123
f 332/255/118 331/254/117 336/260/120 337/261/121
f 330/258/119 323/262/3 335/263/122
f 329/264/26 334/251/116 339/265/123
f 333/250/115 332/255/118 337/261/121 338/266/124
f 331/254/117 330/258/119 335/263/122 336/260/120
f 339/265/123 338/266/124 343/200/81 344/198/79
f 337/261/121 336/260/120 341/204/84 342/201/5
f 335/263/122 323/267/3 340/194/77
f 329/268/26 339/265/123 344/198/79
f 338/266/124 337/261/121 342/201/5 343/200/81
f 336/260/120 335/263/122 340/194/77 341/204/84
f 381/197/26 396/198/79 349/199/80
f 395/200/81 394/201/5 347/202/82 348/203/83
f 393/204/84 392/194/77 345/196/78 346/205/85
f 396/198/79 395/200/81 348/203/83 349/199/80
f 394/201/5 393/204/84 346/205/85 347/202/82
f 392/194/77 375/195/3 345/196/78
f 348/203/83 347/202/82 352/208/87 353/209/88
f 346/205/85 345/196/78 350/210/89 351/211/90
f 349/199/80 348/203/83 353/209/88 354/207/86
f 347/202/82 346/205/85 351/211/90 352/208/87
f 345/196/78 375/212/3 350/210/89
f 381/206/26 349/199/80 354/207/86
f 351/211/90 350/210/89 355/215/93 356/216/94
f 354/207/86 353/209/88 358/214/92 359/217/95
f 352/208/87 351/211/90 356/216/94 357/213/91
f 350/210/89 375/218/3 355/215/93
f 381/219/26 354/207/86 359/217/95
f 353/209/88 352/208/87 357/213/91 358/214/92
f 359/217/95 358/214/92 363/222/98 364/223/99
f 357/213/91 356/216/94 361/221/97 362/224/100
f 355/215/93 375/225/3 360/220/96
f 381/226/26 359/217/95 364/223/99
f 358/214/92 357/213/91 362/224/100 363/222/98
f 356/216/94 355/215/93 360/220/96 361/221/97
f 364/223/99 363/222/98 368/227/101 369/228/102
f 362/224/100 361/221/97 366/229/103 367/230/1
f 360/220/96 375/231/3 365/232/104
f 381/233/26 364/223/99 369/228/102
f 363/222/98 362/224/100 367/230/1 368/227/101
f 361/221/97 360/220/96 365/232/104 366/229/103
f 369/228/102 368/227/101 373/234/105 374/235/106
f 367/230/1 366/229/103 371/236/107 372/237/108
f 365/232/104 375/238/3 370/239/109
f 381/240/26 369/228/102 374/235/106
f 368/227/101 367/230/1 372/237/108 373/234/105
f 366/229/103 365/232/104 370/239/109 371/236/107
f 374/235/106 373/234/105 379/241/110 380/242/111
f 372/237/108 371/236/107 377/243/112 378/244/113
f 370/239/109 375/245/3 376/246/114
f 381/247/26 374/235/106 380/242/111
f 373/234/105 372/237/108 378/244/113 379/241/110
f 371/236/107 370/239/109 376/246/114 377/243/112
f 378/252/113 377/253/112 383/254/117 384/255/118
f 376/256/114 375/257/3 382/258/119
f 381/259/26 380/248/111 386/251/116
f 379/249/110 378/252/113 384/255/118 385/250/115
f 377/253/112 376/256/114 382/258/119 383/254/117
f 380/248/111 379/249/110 385/250/115 386/251/116
f 382/258/119 375/262/3 387/263/122
f 381/264/26 386/251/116 391/265/123
f 385/250/115 384/255/118 389/261/121 390/266/124
f 383/254/117 382/258/119 387/263/122 388/260/120
f 386/251/116 385/250/115 390/266/124 391/265/123
f 384/255/118 383/254/117 388/260/120 389/261/121
f 381/268/26 391/265/123 396/198/79
f 390/266/124 389/261/121 394/201/5 395/200/81
f 388/260/120 387/263/122 392/194/77 393/204/84
f 391/265/123 390/266/124 395/200/81 396/198/79
f 389/261/121 388/260/120 393/204/84 394/201/5
f 387/263/122 375/267/3 392/194/77
f 433/197/26 448/198/79 401/199/80
f 447/200/81 446/201/5 399/202/82 400/203/83
f 445/204/84 444/194/77 397/196/78 398/205/85
f 448/198/79 447/200/81 400/203/83 401/199/80
f 446/201/5 445/204/84 398/205/85 399/202/82
f 444/194/77 427/195/3 397/196/78
f 398/205/85 397/196/78 402/210/89 403/211/90
f 401/199/80 400/203/83 405/209/88 406/207/86
f 399/202/82 398/205/85 403/211/90 404/208/87
f 397/196/78 427/212/3 402/210/89
f 433/206/26 401/199/80 406/207/86
f 400/203/83 399/202/82 404/208/87 405/209/88
f 406/207/86 405/209/88 410/214/92 411/217/95
f 404/208/87 403/211/90 408/216/94 409/213/91
f 402/210/89 427/218/3 407/215/93
f 433/219/26 406/207/86 411/217/95
f 405/209/88 404/208/87 409/213/91 410/214/92
f 403/211/90 402/210/89 407/215/93 408/216/94
f 411/217/95 410/214/92 415/222/98 416/223/99
f 409/213/91 408/216/94 413/221/97 414/224/100
f 407/215/93 427/225/3 412/220/96
f 433/226/26 411/217/95 416/223/99
f 410/214/92 409/213/91 414/224/100 415/222/98
f 408/216/94 407/215/93 412/220/96 413/221/97
f 416/223/99 415/222/98 420/227/101 421/228/102
f 414/224/100 413/221/97 418/229/103 419/230/1
f 412/220/96 427/231/3 417/232/104
f 433/233/26 416/223/99 421/228/102
f 415/222/98 414/224/100 419/230/1 420/227/101
f 413/221/97 412/220/96 417/232/104 418/229/103
f 421/228/102 420/227/101 425/234/105 426/235/106
f 419/230/1 418/229/103 423/236/107 424/237/108
f 417/232/104 427/238/3 422/239/109
f 433/240/26 421/228/102 426/235/106
f 420/227/101 419/230/1 424/237/108 425/234/105
f 418/229/103 417/232/104 422/239/109 423/236/107
f 424/237/108 423/236/107 429/243/112 430/244/113
f 422/239/109 427/245/3 428/246/114
f 433/247/26 426/235/106 432/242/111
f 425/234/105 424/237/108 430/244/113 431/241/110
f 423/236/107 422/239/109 428/246/114 429/243/112
f 426/235/106 425/234/105 431/241/110 432/242/111
f 428/256/114 427/257/3 434/258/119
f 433/259/26 432/248/111 438/251/116
f 431/249/110 430/252/113 436/255/118 437/250/115
f 429/253/112 428/256/114 434/258/119 435/254/117
f 432/248/111 431/249/110 437/250/115 438/251/116
f 430/252/113 429/253/112 435/254/117 436/255/118
f 433/264/26 438/251/116 443/265/123
f 437/250/115 436/255/118 441/261/121 442/266/124
f 435/254/117 434/258/119 439/263/122 440/260/120
f 438/251/116 437/250/115 442/266/124 443/265/123
f 436/255/118 435/254/117 440/260/120 441/261/121
f 434/258/119 427/262/3 439/263/122
f 433/268/26 443/265/123 448/198/79
f 442/266/124 441/261/121 446/201/5 447/200/81
f 440/260/120 439/263/122 444/194/77 445/204/84
f 443/265/123 442/266/124 447/200/81 448/198/79
f 441/261/121 440/260/120 445/204/84 446/201/5
f 439/263/122 427/267/3 444/194/77
f 485/197/26 500/198/79 453/199/80
f 499/200/81 498/201/5 451/202/82 452/203/83
f 497/204/84 496/194/77 449/196/78 450/205/85
f 500/198/79 499/200/81 452/203/83 453/199/80
f 498/201/5 497/204/84 450/205/85 451/202/82
f 496/194/77 479/195/3 449/196/78
f 453/199/80 452/203/83 457/209/88 458/207/86
f 451/202/82 450/205/85 455/211/90 456/208/87
f 449/196/78 479/212/3 454/210/89
f 485/206/26 453/199/80 458/207/86
f 452/203/83 451/202/82 456/208/87 457/209/88
f 450/205/85 449/196/78 454/210/89 455/211/90
f 458/207/86 457/209/88 462/214/92 463/217/95
f 456/208/87 455/211/90 460/216/94 461/213/91
f 454/210/89 479/218/3 459/215/93
f 485/219/26 458/207/86 463/217/95
f 457/209/88 456/208/87 461/213/91 462/214/92
f 455/211/90 454/210/89 459/215/93 460/216/94
f 463/217/95 462/214/92 467/222/98 468/223/99
f 461/213/91 460/216/94 465/221/97 466/224/100
f 459/215/93 479/225/3 464/220/96
f 485/226/26 463/217/95 468/223/99
f 462/214/92 461/213/91 466/224/100 467/222/98
f 460/216/94 459/215/93 464/220/96 465/221/97
f 468/223/99 467/222/98 472/227/101 473/228/102
f 466/224/100 465/221/97 470/229/103 471/230/1
f 464/220/96 479/231/3 469/232/104
f 485/233/26 468/223/99 473/228/102
f 467/222/98 466/224/100 471/230/1 472/227/101
f 465/221/97 464/220/96 469/232/104 470/229/103
f 471/230/1 470/229/103 475/236/107 476/237/108
f 469/232/104 479/238/3 474/239/109
f 485/240/26 473/228/102 478/235/106
f 472/227/101 471/230/1 476/237/108 477/234/105
f 470/229/103 469/232/104 474/239/109 475/236/107
f 473/228/102 472/227/101 477/234/105 478/235/106
f 474/239/109 479/245/3 480/246/114
f 485/247/26 478/235/106 484/242/111
f 477/234/105 476/237/108 482/244/113 483/241/110
f 475/236/107 474/239/109 480/246/114 481/243/112
f 478/235/106 477/234/105 483/241/110 484/242/111
f 476/237/108 475/236/107 481/243/112 482/244/113
f 485/259/26 484/248/111 490/251/116
f 483/249/110 482/252/113 488/255/118 489/250/115
f 481/253/112 480/256/114 486/258/119 487/254/117
f 484/248/111 483/249/110 489/250/115 490/251/116
f 482/252/113 481/253/112 487/254/117 488/255/118
f 480/256/114 479/257/3 486/258/119
f 485/264/26 490/251/116 495/265/123
f 489/250/115 488/255/118 493/261/121 494/266/124
f 487/254/117 486/258/119 491/263/122 492/260/120
f 490/251/116 489/250/115 494/266/124 495/265/123
f 488/255/118 487/254/117 492/260/120 493/261/121
f 486/258/119 479/262/3 491/263/122
f 485/268/26 495/265/123 500/198/79
f 494/266/124 493/261/121 498/201/5 499/200/81
f 492/260/120 491/263/122 496/194/77 497/204/84
f 495/265/123 494/266/124 499/200/81 500/198/79
f 493/261/121 492/260/120 497/204/84 498/201/5
f 491/263/122 479/267/3 496/194/77
f 550/201/5 549/269/125 502/205/126 503/202/82
f 548/270/127 537/195/3 501/196/128
f 531/197/26 552/271/129 505/199/130
f 551/272/131 550/201/5 503/202/82 504/203/132
f 549/269/125 548/270/127 501/196/128 502/205/126
f 552/271/129 551/272/131 504/203/132 505/199/130
f 531/206/26 505/199/130 510/207/133
f 504/203/132 503/202/82 508/208/87 509/209/134
f 502/205/126 501/196/128 506/210/135 507/211/136
f 505/199/130 504/203/132 509/209/134 510/207/133
f 503/202/82 502/205/126 507/211/136 508/208/87
f 501/196/128 537/212/3 506/210/135
f 531/219/26 510/207/133 515/273/137
f 509/209/134 508/208/87 513/274/91 514/275/138
f 507/211/136 506/210/135 511/276/139 512/277/140
f 510/207/133 509/209/134 514/275/138 515/273/137
f 508/208/87 507/211/136 512/277/140 513/274/91
f 506/210/135 537/218/3 511/276/139
f 514/275/138 513/274/91 518/224/100 519/278/141
f 512/277/140 511/276/139 516/220/142 517/279/143
f 515/273/137 514/275/138 519/278/141 520/223/144
f 513/274/91 512/277/140 517/279/143 518/224/100
f 511/276/139 537/280/3 516/220/142
f 531/281/26 515/273/137 520/223/144
f 517/279/143 516/220/142 521/282/145 522/283/146
f 520/223/144 519/278/141 524/227/147 525/284/148
f 518/224/100 517/279/143 522/283/146 523/230/1
f 516/220/142 537/231/3 521/282/145
f 531/233/26 520/223/144 525/284/148
f 519/278/141 518/224/100 523/230/1 524/227/147
f 525/284/148 524/227/147 529/234/149 530/285/150
f 523/230/1 522/283/146 527/286/151 528/237/108
f 521/282/145 537/238/3 526/287/152
f 531/240/26 525/284/148 530/285/150
f 524/227/147 523/230/1 528/237/108 529/234/149
f 522/283/146 521/282/145 526/287/152 527/286/151
f 530/285/150 529/234/149 535/241/153 536/288/154
f 528/237/108 527/286/151 533/289/155 534/244/113
f 526/287/152 537/245/3 532/290/156
f 531/247/26 530/285/150 536/288/154
f 529/234/149 528/237/108 534/244/113 535/241/153
f 527/286/151 526/287/152 532/290/156 533/289/155
f 536/291/154 535/249/153 541/250/157 542/292/158
f 534/252/113 533/293/155 539/254/159 540/294/118
f 532/295/156 537/257/3 538/296/160
f 531/259/26 536/291/154 542/292/158
f 535/249/153 534/252/113 540/294/118 541/250/157
f 533/293/155 532/295/156 538/296/160 539/254/159
f 542/292/158 541/250/157 546/266/161 547/297/162
f 540/294/118 539/254/159 544/260/163 545/261/121
f 538/296/160 537/262/3 543/298/164
f 531/264/26 542/292/158 547/297/162
f 541/250/157 540/294/118 545/261/121 546/266/161
f 539/254/159 538/296/160 543/298/164 544/260/163
f 545/261/121 544/260/163 549/269/125 550/201/5
f 543/298/164 537/267/3 548/270/127
f 531/268/26 547/297/162 552/271/129
f 546/266/161 545/261/121 550/201/5 551/272/131
f 544/260/163 543/298/164 548/270/127 549/269/125
f 547/297/162 546/266/161 551/272/131 552/271/129
f 602/201/5 601/269/125 554/205/126 555/202/82
f 600/270/127 589/195/3 553/196/128
f 583/197/26 604/271/129 557/199/130
f 603/272/131 602/201/5 555/202/82 556/203/132
f 601/269/125 600/270/127 553/196/128 554/205/126
f 604/271/129 603/272/131 556/203/132 557/199/130
f 583/206/26 557/199/130 562/207/133
f 556/203/132 555/202/82 560/208/87 561/209/134
f 554/205/126 553/196/128 558/210/135 559/211/136
f 557/199/130 556/203/132 561/209/134 562/207/133
f 555/202/82 554/205/126 559/211/136 560/208/87
f 553/196/128 589/212/3 558/210/135
f 583/219/26 562/207/133 567/273/137
f 561/209/134 560/208/87 565/274/91 566/275/138
f 559/211/136 558/210/135 563/276/139 564/277/140
f 562/207/133 561/209/134 566/275/138 567/273/137
f 560/208/87 559/211/136 564/277/140 565/274/91
f 558/210/135 589/218/3 563/276/139
f 566/275/138 565/274/91 570/224/100 571/278/141
f 564/277/140 563/276/139 568/220/142 569/279/143
f 567/273/137 566/275/138 571/278/141 572/223/144
f 565/274/91 564/277/140 569/279/143 570/224/100
f 563/276/139 589/280/3 568/220/142
f 583/281/26 567/273/137 572/223/144
f 569/279/143 568/220/142 573/282/145 574/283/146
f 572/223/144 571/278/141 576/227/147 577/284/148
f 570/224/100 569/279/143 574/283/146 575/230/1
f 568/220/142 589/231/3 573/282/145
f 583/233/26 572/223/144 577/284/148
f 571/278/141 570/224/100 575/230/1 576/227/147
f 577/284/148 576/227/147 581/234/149 582/285/150
f 575/230/1 574/283/146 579/286/151 580/237/108
f 573/282/145 589/238/3 578/287/152
f 583/240/26 577/284/148 582/285/150
f 576/227/147 575/230/1 580/237/108 581/234/149
f 574/283/146 573/282/145 578/287/152 579/286/151
f 582/285/150 581/234/149 587/241/153 588/288/154
f 580/237/108 579/286/151 585/289/155 586/244/113
f 578/287/152 589/245/3 584/290/156
f 583/247/26 582/285/150 588/288/154
f 581/234/149 580/237/108 586/244/113 587/241/153
f 579/286/151 578/287/152 584/290/156 585/289/155
f 588/291/154 587/249/153 593/250/157 594/292/158
f 586/252/113 585/293/155 591/254/159 592/294/118
f 584/295/156 589/257/3 590/296/160
f 583/259/26 588/291/154 594/292/158
f 587/249/153 586/252/113 592/294/118 593/250/157
f 585/293/155 584/295/156 590/296/160 591/254/159
f 594/292/158 593/250/157 598/266/161 599/297/162
f 592/294/118 591/254/159 596/260/163 597/261/121
f 590/296/160 589/262/3 595/298/164
f 583/264/26 594/292/158 599/297/162
f 593/250/157 592/294/118 597/261/121 598/266/161
f 591/254/159 590/296/160 595/298/164 596/260/163
f 597/261/121 596/260/163 601/269/125 602/201/5
f 595/298/164 589/267/3 600/270/127
f 583/268/26 599/297/162 604/271/129
f 598/266/161 597/261/121 602/201/5 603/272/131
f 596/260/163 595/298/164 600/270/127 601/269/125
f 599/297/162 598/266/161 603/272/131 604/271/129
f 635/197/26 656/271/129 609/199/130
f 655/272/131 654/201/5 607/202/82 608/203/132
f 653/269/125 652/270/127 605/196/128 606/205/126
f 656/271/129 655/272/131 608/203/132 609/199/130
f 654/201/5 653/269/125 606/205/126 607/202/82
f 652/270/127 641/195/3 605/196/128
f 606/205/126 605/196/128 610/210/135 611/211/136
f 609/199/130 608/203/132 613/209/134 614/207/133
f 607/202/82 606/205/126 611/211/136 612/208/87
f 605/196/128 641/212/3 610/210/135
f 635/206/26 609/199/130 614/207/133
f 608/203/132 607/202/82 612/208/87 613/209/134
f 614/207/133 613/209/134 618/275/138 619/273/137
f 612/208/87 611/211/136 616/277/140 617/274/91
f 610/210/135 641/218/3 615/276/139
f 635/219/26 614/207/133 619/273/137
f 613/209/134 612/208/87 617/274/91 618/275/138
f 611/211/136 610/210/135 615/276/139 616/277/140
f 619/273/137 618/275/138 623/278/141 624/223/144
f 617/274/91 616/277/140 621/279/143 622/224/100
f 615/276/139 641/280/3 620/220/142
f 635/281/26 619/273/137 624/223/144
f 618/275/138 617/274/91 622/224/100 623/278/141
f 616/277/140 615/276/139 620/220/142 621/279/143
f 624/223/144 623/278/141 628/227/147 629/284/148
f 622/224/100 621/279/143 626/283/146 627/230/1
f 620/220/142 641/231/3 625/282/145
f 635/233/26 624/223/144 629/284/148
f 623/278/141 622/224/100 627/230/1 628/227/147
f 621/279/143 620/220/142 625/282/145 626/283/146
f 629/284/148 628/227/147 633/234/149 634/285/150
f 627/230/1 626/283/146 631/286/151 632/237/108
f 625/282/145 641/238/3 630/287/152
f 635/240/26 629/284/148 634/285/150
f 628/227/147 627/230/1 632/237/108 633/234/149
f 626/283/146 625/282/145 630/287/152 631/286/151
f 632/237/108 631/286/151 637/289/155 638/244/113
f 630/287/152 641/245/3 636/290/156
f 635/247/26 634/285/150 640/288/154
f 633/234/149 632/237/108 638/244/113 639/241/153
f 631/286/151 630/287/152 636/290/156 637/289/155
f 634/285/150 633/234/149 639/241/153 640/288/154
f 636/295/156 641/257/3 642/296/160
f 635/259/26 640/291/154 646/292/158
f 639/249/153 638/252/113 644/294/118 645/250/157
f 637/293/155 636/295/156 642/296/160 643/254/159
f 640/291/154 639/249/153 645/250/157 646/292/158
f 638/252/113 637/293/155 643/254/159 644/294/118
f 635/264/26 646/292/158 651/297/162
f 645/250/157 644/294/118 649/261/121 650/266/161
f 643/254/159 642/296/160 647/298/164 648/260/163
f 646/292/158 645/250/157 650/266/161 651/297/162
f 644/294/118 643/254/159 648/260/163 649/261/121
f 642/296/160 641/262/3 647/298/164
f 635/268/26 651/297/162 656/271/129
f 650/266/161 649/261/121 654/201/5 655/272/131
f 648/260/163 647/298/164 652/270/127 653/269/125
f 651/297/162 650/266/161 655/272/131 656/271/129
f 649/261/121 648/260/163 653/269/125 654/201/5
f 647/298/164 641/267/3 652/270/127
f 687/197/26 708/271/129 661/199/130
f 707/272/131 706/201/5 659/202/82 660/203/132
f 705/269/125 704/270/127 657/196/128 658/205/126
f 708/271/129 707/272/131 660/203/132 661/199/130
f 706/201/5 705/269/125 658/205/126 659/202/82
f 704/270/127 693/195/3 657/196/128
f 661/199/130 660/203/132 665/209/134 666/207/133
f 659/202/82 658/205/126 663/211/136 664/208/87
f 657/196/128 693/212/3 662/210/135
f 687/206/26 661/199/130 666/207/133
f 660/203/132 659/202/82 664/208/87 665/209/134
f 658/205/126 657/196/128 662/210/135 663/211/136
f 666/207/133 665/209/134 670/275/138 671/273/137
f 664/208/87 663/211/136 668/277/140 669/274/91
f 662/210/135 693/218/3 667/276/139
f 687/219/26 666/207/133 671/273/137
f 665/209/134 664/208/87 669/274/91 670/275/138
f 663/211/136 662/210/135 667/276/139 668/277/140
f 671/273/137 670/275/138 675/278/141 676/223/144
f 669/274/91 668/277/140 673/279/143 674/224/100
f 667/276/139 693/280/3 672/220/142
f 687/281/26 671/273/137 676/223/144
f 670/275/138 669/274/91 674/224/100 675/278/141
f 668/277/140 667/276/139 672/220/142 673/279/143
f 676/223/144 675/278/141 680/227/147 681/284/148
f 674/224/100 673/279/143 678/283/146 679/230/1
f 672/220/142 693/231/3 677/282/145
f 687/233/26 676/223/144 681/284/148
f 675/278/141 674/224/100 679/230/1 680/227/147
f 673/279/143 672/220/142 677/282/145 678/283/146
f 679/230/1 678/283/146 683/286/151 684/237/108
f 677/282/145 693/238/3 682/287/152
f 687/240/26 681/284/148 686/285/150
f 680/227/147 679/230/1 684/237/108 685/234/149
f 678/283/146 677/282/145 682/287/152 683/286/151
f 681/284/148 680/227/147 685/234/149 686/285/150
f 682/287/152 693/245/3 688/290/156
f 687/247/26 686/285/150 692/288/154
f 685/234/149 684/237/108 690/244/113 691/241/153
f 683/286/151 682/287/152 688/290/156 689/289/155
f 686/285/150 685/234/149 691/241/153 692/288/154
f 684/237/108 683/286/151 689/289/155 690/244/113
f 687/259/26 692/291/154 698/292/158
f 691/249/153 690/252/113 696/294/118 697/250/157
f 689/293/155 688/295/156 694/296/160 695/254/159
f 692/291/154 691/249/153 697/250/157 698/292/158
f 690/252/113 689/293/155 695/254/159 696/294/118
f 688/295/156 693/257/3 694/296/160
f 687/264/26 698/292/158 703/297/162
f 697/250/157 696/294/118 701/261/121 702/266/161
f 695/254/159 694/296/160 699/298/164 700/260/163
f 698/292/158 697/250/157 702/266/161 703/297/162
f 696/294/118 695/254/159 700/260/163 701/261/121
f 694/296/160 693/262/3 699/298/164
f 687/268/26 703/297/162 708/271/129
f 702/266/161 701/261/121 706/201/5 707/272/131
f 700/260/163 699/298/164 704/270/127 705/269/125
f 703/297/162 702/266/161 707/272/131 708/271/129
f 701/261/121 700/260/163 705/269/125 706/201/5
f 699/298/164 693/267/3 704/270/127
f 717/44/69 718/45/70 720/46/71 719/47/72
f 719/47/72 720/46/71 724/48/73 723/49/74
f 723/49/74 724/48/73 722/50/75 721/51/76
f 721/51/76 722/50/75 718/52/70 717/53/69
f 719/54/72 723/49/74 721/51/76 717/55/69
f 724/48/73 720/56/71 718/57/70 722/50/75
f 776/271/165 775/200/166 728/203/167 729/199/168
f 774/201/5 773/269/169 726/299/170 727/202/82
f 772/270/171 755/195/3 725/196/172
f 761/197/26 776/271/165 729/199/168
f 775/200/166 774/201/5 727/202/82 728/203/167
f 773/269/169 772/270/171 725/196/172 726/299/170
f 761/206/26 729/199/168 734/207/173
f 728/203/167 727/202/82 732/208/87 733/209/174
f 726/299/170 725/196/172 730/210/175 731/211/176
f 729/199/168 728/203/167 733/209/174 734/207/173
f 727/202/82 726/299/170 731/211/176 732/208/87
f 725/196/172 755/212/3 730/210/175
f 761/219/26 734/207/173 739/273/177
f 733/209/174 732/208/87 737/274/91 738/214/178
f 731/211/176 730/210/175 735/276/179 736/300/180
f 734/207/173 733/209/174 738/214/178 739/273/177
f 732/208/87 731/211/176 736/300/180 737/274/91
f 730/210/175 755/218/3 735/276/179
f 761/281/26 739/273/177 744/223/181
f 738/214/178 737/274/91 742/224/100 743/222/182
f 736/300/180 735/276/179 740/220/183 741/301/184
f 739/273/177 738/214/178 743/222/182 744/223/181
f 737/274/91 736/300/180 741/301/184 742/224/100
f 735/276/179 755/280/3 740/220/183
f 743/222/182 742/224/100 747/230/1 748/227/185
f 741/301/184 740/220/183 745/282/186 746/229/187
f 744/223/181 743/222/182 748/227/185 749/284/188
f 742/224/100 741/301/184 746/229/187 747/230/1
f 740/220/183 755/231/3 745/282/186
f 761/233/26 744/223/181 749/284/188
f 746/229/187 745/282/186 750/287/189 751/236/190
f 749/284/188 748/227/185 753/234/191 754/285/192
f 747/230/1 746/229/187 751/236/190 752/237/108
f 745/282/186 755/238/3 750/287/189
f 761/240/26 749/284/188 754/285/192
f 748/227/185 747/230/1 752/237/108 753/234/191
f 754/285/192 753/234/191 759/241/193 760/288/194
f 752/237/108 751/236/190 757/289/195 758/244/113
f 750/287/189 755/245/3 756/290/196
f 761/247/26 754/285/192 760/288/194
f 753/234/191 752/237/108 758/244/113 759/241/193
f 751/236/190 750/287/189 756/290/196 757/289/195
f 760/291/194 759/249/193 765/302/197 766/251/198
f 758/252/113 757/293/195 763/303/199 764/255/118
f 756/295/196 755/257/3 762/258/200
f 761/259/26 760/291/194 766/251/198
f 759/249/193 758/252/113 764/255/118 765/302/197
f 757/293/195 756/295/196 762/258/200 763/303/199
f 766/251/198 765/302/197 770/266/201 771/297/202
f 764/255/118 763/303/199 768/260/203 769/261/121
f 762/258/200 755/262/3 767/298/204
f 761/264/26 766/251/198 771/297/202
f 765/302/197 764/255/118 769/261/121 770/266/201
f 763/303/199 762/258/200 767/298/204 768/260/203
f 771/297/202 770/266/201 775/200/166 776/271/165
f 769/261/121 768/260/203 773/269/169 774/201/5
f 767/298/204 755/267/3 772/270/171
f 761/268/26 771/297/202 776/271/165
f 770/266/201 769/261/121 774/201/5 775/200/166
f 768/260/203 767/298/204 772/270/171 773/269/169
f 957/200/281 956/201/5 909/202/82 910/203/282
f 955/269/283 954/270/284 907/196/285 908/299/286
f 958/271/287 957/200/281 910/203/282 911/199/288
f 956/201/5 955/269/283 908/299/286 909/202/82
f 954/270/284 937/195/3 907/196/285
f 943/197/26 958/271/287 911/199/288
f 911/199/288 910/203/282 915/209/289 916/207/290
f 909/202/82 908/299/286 913/211/291 914/208/87
f 907/196/285 937/212/3 912/210/292
f 943/206/26 911/199/288 916/207/290
f 910/203/282 909/202/82 914/208/87 915/209/289
f 908/299/286 907/196/285 912/210/292 913/211/291
f 916/207/290 915/209/289 920/214/293 921/273/294
f 914/208/87 913/211/291 918/300/295 919/274/91
f 912/210/292 937/218/3 917/276/296
f 943/219/26 916/207/290 921/273/294
f 915/209/289 914/208/87 919/274/91 920/214/293
f 913/211/291 912/210/292 917/276/296 918/300/295
f 921/273/294 920/214/293 925/222/297 926/223/298
f 919/274/91 918/300/295 923/301/299 924/224/100
f 917/276/296 937/280/3 922/220/300
f 943/281/26 921/273/294 926/223/298
f 920/214/293 919/274/91 924/224/100 925/222/297
f 918/300/295 917/276/296 922/220/300 923/301/299
f 924/224/100 923/301/299 928/229/301 929/230/1
f 922/220/300 937/231/3 927/282/302
f 943/233/26 926/223/298 931/284/303
f 925/222/297 924/224/100 929/230/1 930/227/304
f 923/301/299 922/220/300 927/282/302 928/229/301
f 926/223/298 925/222/297 930/227/304 931/284/303
f 927/282/302 937/238/3 932/287/305
f 943/240/26 931/284/303 936/285/306
f 930/227/304 929/230/1 934/237/108 935/234/307
f 928/229/301 927/282/302 932/287/305 933/236/308
f 931/284/303 930/227/304 935/234/307 936/285/306
f 929/230/1 928/229/301 933/236/308 934/237/108
f 943/247/26 936/285/306 942/288/309
f 935/234/307 934/237/108 940/244/113 941/241/310
f 933/236/308 932/287/305 938/290/311 939/289/312
f 936/285/306 935/234/307 941/241/310 942/288/309
f 934/237/108 933/236/308 939/289/312 940/244/113
f 932/287/305 937/245/3 938/290/311
f 943/259/26 942/291/309 948/251/313
f 941/249/310 940/252/113 946/255/118 947/302/314
f 939/293/312 938/295/311 944/258/315 945/303/316
f 942/291/309 941/249/310 947/302/314 948/251/313
f 940/252/113 939/293/312 945/303/316 946/255/118
f 938/295/311 937/257/3 944/258/315
f 943/264/26 948/251/313 953/297/317
f 947/302/314 946/255/118 951/261/121 952/266/318
f 945/303/316 944/258/315 949/298/319 950/260/320
f 948/251/313 947/302/314 952/266/318 953/297/317
f 946/255/118 945/303/316 950/260/320 951/261/121
f 944/258/315 937/262/3 949/298/319
f 952/266/318 951/261/121 956/201/5 957/200/281
f 950/260/320 949/298/319 954/270/284 955/269/283
f 953/297/317 952/266/318 957/200/281 958/271/287
f 951/261/121 950/260/320 955/269/283 956/201/5
f 949/298/319 937/267/3 954/270/284
f 943/268/26 953/297/317 958/271/287
f 1007/269/283 1006/270/284 959/196/285 960/299/286
f 1010/271/287 1009/200/281 962/203/282 963/199/288
f 1008/201/5 1007/269/283 960/299/286 961/202/82
f 1006/270/284 989/195/3 959/196/285
f 995/197/26 1010/271/287 963/199/288
f 1009/200/281 1008/201/5 961/202/82 962/203/282
f 963/199/288 962/203/282 967/209/289 968/207/290
f 961/202/82 960/299/286 965/211/291 966/208/87
f 959/196/285 989/212/3 964/210/292
f 995/206/26 963/199/288 968/207/290
f 962/203/282 961/202/82 966/208/87 967/209/289
f 960/299/286 959/196/285 964/210/292 965/211/291
f 968/207/290 967/209/289 972/214/293 973/273/294
f 966/208/87 965/211/291 970/300/295 971/274/91
f 964/210/292 989/218/3 969/276/296
f 995/219/26 968/207/290 973/273/294
f 967/209/289 966/208/87 971/274/91 972/214/293
f 965/211/291 964/210/292 969/276/296 970/300/295
f 971/274/91 970/300/295 975/301/299 976/224/100
f 969/276/296 989/280/3 974/220/300
f 995/281/26 973/273/294 978/223/298
f 972/214/293 971/274/91 976/224/100 977/222/297
f 970/300/295 969/276/296 974/220/300 975/301/299
f 973/273/294 972/214/293 977/222/297 978/223/298
f 974/220/300 989/231/3 979/282/302
f 995/233/26 978/223/298 983/284/303
f 977/222/297 976/224/100 981/230/1 982/227/304
f 975/301/299 974/220/300 979/282/302 980/229/301
f 978/223/298 977/222/297 982/227/304 983/284/303
f 976/224/100 975/301/299 980/229/301 981/230/1
f 995/240/26 983/284/303 988/285/306
f 982/227/304 981/230/1 986/237/108 987/234/307
f 980/229/301 979/282/302 984/287/305 985/236/308
f 983/284/303 982/227/304 987/234/307 988/285/306
f 981/230/1 980/229/301 985/236/308 986/237/108
f 979/282/302 989/238/3 984/287/305
f 995/247/26 988/285/306 994/288/309
f 987/234/307 986/237/108 992/244/113 993/241/310
f 985/236/308 984/287/305 990/290/311 991/289/312
f 988/285/306 987/234/307 993/241/310 994/288/309
f 986/237/108 985/236/308 991/289/312 992/244/113
f 984/287/305 989/245/3 990/290/311
f 995/259/26 994/291/309 1000/251/313
f 993/249/310 992/252/113 998/255/118 999/302/314
f 991/293/312 990/295/311 996/258/315 997/303/316
f 994/291/309 993/249/310 999/302/314 1000/251/313
f 992/252/113 991/293/312 997/303/316 998/255/118
f 990/295/311 989/257/3 996/258/315
f 999/302/314 998/255/118 1003/261/121 1004/266/318
f 997/303/316 996/258/315 1001/298/319 1002/260/320
f 1000/251/313 999/302/314 1004/266/318 1005/297/317
f 998/255/118 997/303/316 1002/260/320 1003/261/121
f 996/258/315 989/262/3 1001/298/319
f 995/264/26 1000/251/313 1005/297/317
f 1002/260/320 1001/298/319 1006/270/284 1007/269/283
f 1005/297/317 1004/266/318 1009/200/281 1010/271/287
f 1003/261/121 1002/260/320 1007/269/283 1008/201/5
f 1001/298/319 989/267/3 1006/270/284
f 995/268/26 1005/297/317 1010/271/287
f 1004/266/318 1003/261/121 1008/201/5 1009/200/281
f 1062/271/321 1061/200/322 1014/203/323 1015/199/324
f 1060/201/5 1059/269/325 1012/299/326 1013/202/82
f 1058/270/327 1041/195/3 1011/196/328
f 1047/197/26 1062/271/321 1015/199/324
f 1061/200/322 1060/201/5 1013/202/82 1014/203/323
f 1059/269/325 1058/270/327 1011/196/328 1012/299/326
f 1011/196/328 1041/212/3 1016/210/329
f 1047/206/26 1015/199/324 1020/207/330
f 1014/203/323 1013/202/82 1018/208/87 1019/209/331
f 1012/299/326 1011/196/328 1016/210/329 1017/211/332
f 1015/199/324 1014/203/323 1019/209/331 1020/207/330
f 1013/202/82 1012/299/326 1017/211/332 1018/208/87
f 1047/219/26 1020/207/330 1025/273/333
f 1019/209/331 1018/208/87 1023/274/91 1024/214/334
f 1017/211/332 1016/210/329 1021/276/335 1022/300/336
f 1020/207/330 1019/209/331 1024/214/334 1025/273/333
f 1018/208/87 1017/211/332 1022/300/336 1023/274/91
f 1016/210/329 1041/218/3 1021/276/335
f 1047/281/26 1025/273/333 1030/223/337
f 1024/214/334 1023/274/91 1028/224/100 1029/222/338
f 1022/300/336 1021/276/335 1026/220/339 1027/301/340
f 1025/273/333 1024/214/334 1029/222/338 1030/223/337
f 1023/274/91 1022/300/336 1027/301/340 1028/224/100
f 1021/276/335 1041/280/3 1026/220/339
f 1047/233/26 1030/223/337 1035/284/341
f 1029/222/338 1028/224/100 1033/230/1 1034/227/342
f 1027/301/340 1026/220/339 1031/282/343 1032/229/344
f 1030/223/337 1029/222/338 1034/227/342 1035/284/341
f 1028/224/100 1027/301/340 1032/229/344 1033/230/1
f 1026/220/339 1041/231/3 1031/282/343
f 1034/227/342 1033/230/1 1038/237/108 1039/234/345
f 1032/229/344 1031/282/343 1036/287/346 1037/236/347
f 1035/284/341 1034/227/342 1039/234/345 1040/285/348
f 1033/230/1 1032/229/344 1037/236/347 1038/237/108
f 1031/282/343 1041/238/3 1036/287/346
f 1047/240/26 1035/284/341 1040/285/348
f 1037/236/347 1036/287/346 1042/290/349 1043/289/350
f 1040/285/348 1039/234/345 1045/241/351 1046/288/352
f 1038/237/108 1037/236/347 1043/289/350 1044/244/113
f 1036/287/346 1041/245/3 1042/290/349
f 1047/247/26 1040/285/348 1046/288/352
f 1039/234/345 1038/237/108 1044/244/113 1045/241/351
f 1046/291/352 1045/249/351 1051/302/353 1052/251/354
f 1044/252/113 1043/293/350 1049/303/355 1050/255/118
f 1042/295/349 1041/257/3 1048/258/356
f 1047/259/26 1046/291/352 1052/251/354
f 1045/249/351 1044/252/113 1050/255/118 1051/302/353
f 1043/293/350 1042/295/349 1048/258/356 1049/303/355
f 1052/251/354 1051/302/353 1056/266/357 1057/297/358
f 1050/255/118 1049/303/355 1054/260/359 1055/261/121
f 1048/258/356 1041/262/3 1053/298/360
f 1047/264/26 1052/251/354 1057/297/358
f 1051/302/353 1050/255/118 1055/261/121 1056/266/357
f 1049/303/355 1048/258/356 1053/298/360 1054/260/359
f 1057/297/358 1056/266/357 1061/200/322 1062/271/321
f 1055/261/121 1054/260/359 1059/269/325 1060/201/5
f 1053/298/360 1041/267/3 1058/270/327
f 1047/268/26 1057/297/358 1062/271/321
f 1056/266/357 1055/261/121 1060/201/5 1061/200/322
f 1054/260/359 1053/298/360 1058/270/327 1059/269/325
f 1091/304/229 1092/305/230 1094/354/231 1093/355/232
f 1093/355/232 1094/354/231 1096/356/233 1095/357/234
f 1095/357/234 1096/356/233 1098/358/235 1097/359/236
f 1097/359/236 1098/358/235 1100/360/237 1099/361/238
f 1099/361/238 1100/360/237 1102/362/239 1101/363/240
f 1101/363/240 1102/362/239 1104/364/241 1103/365/242
f 1103/365/242 1104/364/241 1106/366/243 1105/367/244
f 1105/367/244 1106/366/243 1108/368/245 1107/369/246
f 1107/369/246 1108/368/245 1110/370/261 1109/371/248
f 1109/371/248 1110/370/261 1112/372/249 1111/373/250
f 1111/373/250 1112/372/249 1114/374/251 1113/375/252
f 1113/375/252 1114/374/251 1116/376/253 1115/377/254
f 1094/378/231 1092/327/230 1118/379/255 1116/380/253 1114/457/251 1112/458/249 1110/383/261 1108/384/245 1106/385/243 1104/386/241 1102/387/239 1100/459/237 1098/460/235 1096/390/233
f 1115/377/254 1116/376/253 1118/391/255 1117/392/256
f 1117/392/256 1118/391/255 1092/393/230 1091/394/229
f 1091/342/229 1093/395/232 1095/396/234 1097/397/236 1099/398/238 1101/399/240 1103/400/242 1105/401/244 1107/402/246 1109/403/248 1111/404/250 1113/405/252 1115/406/254 1117/407/256
s 0
f 1119/44/4 1120/45/4 1122/46/4 1121/47/4
f 1121/47/5 1122/46/5 1126/48/5 1125/49/5
f 1125/49/2 1126/48/2 1124/50/2 1123/51/2
f 1123/51/1 1124/50/1 1120/52/1 1119/53/1
f 1121/54/26 1125/49/26 1123/51/26 1119/55/26
f 1126/48/3 1122/56/3 1120/57/3 1124/50/3
f 1127/44/4 1128/45/4 1130/46/4 1129/47/4
f 1129/47/5 1130/46/5 1134/48/5 1133/49/5
f 1133/49/2 1134/48/2 1132/50/2 1131/51/2
f 1131/51/1 1132/50/1 1128/52/1 1127/53/1
f 1129/54/26 1133/49/26 1131/51/26 1127/55/26
f 1134/48/3 1130/56/3 1128/57/3 1132/50/3
s 1
f 1194/198/361 1193/200/362 1146/203/363 1147/461/364
f 1192/201/5 1191/269/365 1144/299/366 1145/202/82
f 1190/194/367 1179/462/3 1143/463/368
f 1178/464/26 1194/198/361 1147/461/364
f 1193/200/362 1192/201/5 1145/202/82 1146/203/363
f 1191/269/365 1190/194/367 1143/463/368 1144/299/366
f 1178/206/26 1147/461/364 1152/465/369
f 1146/203/363 1145/202/82 1150/208/87 1151/209/370
f 1144/299/366 1143/463/368 1148/466/371 1149/211/372
f 1147/461/364 1146/203/363 1151/209/370 1152/465/369
f 1145/202/82 1144/299/366 1149/211/372 1150/208/87
f 1143/463/368 1179/212/3 1148/466/371
f 1178/219/26 1152/465/369 1157/467/373
f 1151/209/370 1150/208/87 1155/213/91 1156/468/374
f 1149/211/372 1148/466/371 1153/469/375 1154/216/376
f 1152/465/369 1151/209/370 1156/468/374 1157/467/373
f 1150/208/87 1149/211/372 1154/216/376 1155/213/91
f 1148/466/371 1179/218/3 1153/469/375
f 1178/226/26 1157/467/373 1162/470/377
f 1156/468/374 1155/213/91 1160/224/100 1161/222/378
f 1154/216/376 1153/469/375 1158/471/379 1159/221/380
f 1157/467/373 1156/468/374 1161/222/378 1162/470/377
f 1155/213/91 1154/216/376 1159/221/380 1160/224/100
f 1153/469/375 1179/225/3 1158/471/379
f 1161/222/378 1160/224/100 1165/230/1 1166/227/381
f 1159/221/380 1158/471/379 1163/232/382 1164/283/383
f 1162/470/377 1161/222/378 1166/227/381 1167/228/384
f 1160/224/100 1159/221/380 1164/283/383 1165/230/1
f 1158/471/379 1179/231/3 1163/232/382
f 1178/233/26 1162/470/377 1167/228/384
f 1164/283/383 1163/232/382 1168/239/385 1169/286/386
f 1167/228/384 1166/227/381 1171/234/387 1172/235/388
f 1165/230/1 1164/283/383 1169/286/386 1170/237/108
f 1163/232/382 1179/238/3 1168/239/385
f 1178/240/26 1167/228/384 1172/235/388
f 1166/227/381 1165/230/1 1170/237/108 1171/234/387
f 1172/235/388 1171/234/387 1176/241/389 1177/242/390
f 1170/237/108 1169/286/386 1174/289/391 1175/244/113
f 1168/239/385 1179/472/3 1173/246/392
f 1178/473/26 1172/235/388 1177/242/390
f 1171/234/387 1170/237/108 1175/244/113 1176/241/389
f 1169/286/386 1168/239/385 1173/246/392 1174/289/391
f 1177/248/390 1176/249/389 1183/302/393 1184/474/394
f 1175/252/113 1174/293/391 1181/303/395 1182/294/118
f 1173/256/392 1179/257/3 1180/475/396
f 1178/259/26 1177/248/390 1184/474/394
f 1176/249/389 1175/252/113 1182/294/118 1183/302/393
f 1174/293/391 1173/256/392 1180/475/396 1181/303/395
f 1184/474/394 1183/302/393 1188/266/397 1189/265/398
f 1182/294/118 1181/303/395 1186/260/399 1187/261/121
f 1180/475/396 1179/262/3 1185/263/400
f 1178/264/26 1184/474/394 1189/265/398
f 1183/302/393 1182/294/118 1187/261/121 1188/266/397
f 1181/303/395 1180/475/396 1185/263/400 1186/260/399
f 1189/265/398 1188/266/397 1193/200/362 1194/198/361
f 1187/261/121 1186/260/399 1191/269/365 1192/201/5
f 1185/263/400 1179/267/3 1190/194/367
f 1178/268/26 1189/265/398 1194/198/361
f 1188/266/397 1187/261/121 1192/201/5 1193/200/362
f 1186/260/399 1185/263/400 1190/194/367 1191/269/365
f 1223/304/229 1224/305/230 1226/354/231 1225/355/232
f 1225/355/232 1226/354/231 1228/356/233 1227/357/234
f 1227/357/234 1228/356/233 1230/358/235 1229/359/236
f 1229/359/236 1230/358/235 1232/360/237 1231/361/238
f 1231/361/238 1232/360/237 1234/362/259 1233/363/240
f 1233/363/240 1234/362/259 1236/364/241 1235/365/242
f 1235/365/242 1236/364/241 1238/366/243 1237/367/244
f 1237/367/244 1238/366/243 1240/368/245 1239/369/246
f 1239/369/246 1240/368/245 1242/370/247 1241/371/248
f 1241/371/248 1242/370/247 1244/372/249 1243/373/250
f 1243/373/250 1244/372/249 1246/374/251 1245/375/252
f 1245/375/252 1246/374/251 1248/376/253 1247/377/254
f 1226/378/231 1224/327/230 1250/379/255 1248/380/253 1246/457/251 1244/458/249 1242/383/247 1240/384/245 1238/385/243 1236/386/241 1234/387/259 1232/459/237 1230/460/235 1228/390/233
f 1247/377/254 1248/376/253 1250/391/255 1249/392/256
f 1249/392/256 1250/391/255 1224/393/230 1223/394/229
f 1223/342/229 1225/395/232 1227/396/234 1229/397/236 1231/398/238 1233/399/240 1235/400/242 1237/401/244 1239/402/246 1241/403/248 1243/404/250 1245/405/252 1247/406/254 1249/407/256
s 0
f 1251/44/4 1252/45/4 1254/46/4 1253/47/4
f 1253/47/5 1254/46/5 1258/48/5 1257/49/5
f 1257/49/2 1258/48/2 1256/50/2 1255/51/2
f 1255/51/1 1256/50/1 1252/52/1 1251/53/1
f 1253/54/26 1257/49/26 1255/51/26 1251/55/26
f 1258/48/3 1254/56/3 1252/57/3 1256/50/3
f 1259/44/4 1260/45/4 1262/46/4 1261/47/4
f 1261/47/5 1262/46/5 1266/48/5 1265/49/5
f 1265/49/2 1266/48/2 1264/50/2 1263/51/2
f 1263/51/1 1264/50/1 1260/52/1 1259/53/1
f 1261/54/26 1265/49/26 1263/51/26 1259/55/26
f 1266/48/3 1262/56/3 1260/57/3 1264/50/3
s 1
f 1326/198/361 1325/200/362 1278/203/363 1279/461/364
f 1324/201/5 1323/269/365 1276/299/366 1277/202/82
f 1322/194/367 1311/462/3 1275/463/368
f 1310/464/26 1326/198/361 1279/461/364
f 1325/200/362 1324/201/5 1277/202/82 1278/203/363
f 1323/269/365 1322/194/367 1275/463/368 1276/299/366
f 1275/463/368 1311/212/3 1280/466/371
f 1310/206/26 1279/461/364 1284/465/369
f 1278/203/363 1277/202/82 1282/208/87 1283/209/370
f 1276/299/366 1275/463/368 1280/466/371 1281/211/372
f 1279/461/364 1278/203/363 1283/209/370 1284/465/369
f 1277/202/82 1276/299/366 1281/211/372 1282/208/87
f 1310/219/26 1284/465/369 1289/467/373
f 1283/209/370 1282/208/87 1287/213/91 1288/468/374
f 1281/211/372 1280/466/371 1285/469/375 1286/216/376
f 1284/465/369 1283/209/370 1288/468/374 1289/467/373
f 1282/208/87 1281/211/372 1286/216/376 1287/213/91
f 1280/466/371 1311/218/3 1285/469/375
f 1310/226/26 1289/467/373 1294/470/377
f 1288/468/374 1287/213/91 1292/224/100 1293/222/378
f 1286/216/376 1285/469/375 1290/471/379 1291/221/380
f 1289/467/373 1288/468/374 1293/222/378 1294/470/377
f 1287/213/91 1286/216/376 1291/221/380 1292/224/100
f 1285/469/375 1311/225/3 1290/471/379
f 1310/233/26 1294/470/377 1299/228/384
f 1293/222/378 1292/224/100 1297/230/1 1298/227/381
f 1291/221/380 1290/471/379 1295/232/382 1296/283/383
f 1294/470/377 1293/222/378 1298/227/381 1299/228/384
f 1292/224/100 1291/221/380 1296/283/383 1297/230/1
f 1290/471/379 1311/231/3 1295/232/382
f 1298/227/381 1297/230/1 1302/237/108 1303/234/387
f 1296/283/383 1295/232/382 1300/239/385 1301/286/386
f 1299/228/384 1298/227/381 1303/234/387 1304/235/388
f 1297/230/1 1296/283/383 1301/286/386 1302/237/108
f 1295/232/382 1311/238/3 1300/239/385
f 1310/240/26 1299/228/384 1304/235/388
f 1301/286/386 1300/239/385 1305/246/392 1306/289/391
f 1304/235/388 1303/234/387 1308/241/389 1309/242/390
f 1302/237/108 1301/286/386 1306/289/391 1307/244/113
f 1300/239/385 1311/472/3 1305/246/392
f 1310/473/26 1304/235/388 1309/242/390
f 1303/234/387 1302/237/108 1307/244/113 1308/241/389
f 1309/248/390 1308/249/389 1315/302/393 1316/474/394
f 1307/252/113 1306/293/391 1313/303/395 1314/294/118
f 1305/256/392 1311/257/3 1312/475/396
f 1310/259/26 1309/248/390 1316/474/394
f 1308/249/389 1307/252/113 1314/294/118 1315/302/393
f 1306/293/391 1305/256/392 1312/475/396 1313/303/395
f 1316/474/394 1315/302/393 1320/266/397 1321/265/398
f 1314/294/118 1313/303/395 1318/260/399 1319/261/121
f 1312/475/396 1311/262/3 1317/263/400
f 1310/264/26 1316/474/394 1321/265/398
f 1315/302/393 1314/294/118 1319/261/121 1320/266/397
f 1313/303/395 1312/475/396 1317/263/400 1318/260/399
f 1321/265/398 1320/266/397 1325/200/362 1326/198/361
f 1319/261/121 1318/260/399 1323/269/365 1324/201/5
f 1317/263/400 1311/267/3 1322/194/367
f 1310/268/26 1321/265/398 1326/198/361
f 1320/266/397 1319/261/121 1324/201/5 1325/200/362
f 1318/260/399 1317/263/400 1322/194/367 1323/269/365
f 1563/413/471 1562/414/5 1539/48/472 1540/46/473
f 1561/415/474 1560/416/3 1538/50/475
f 1553/417/26 1563/413/471 1540/46/473
f 1562/414/5 1561/415/474 1538/50/475 1539/48/472
f 1540/46/473 1539/48/472 1542/208/2 1543/418/476
f 1538/50/475 1560/419/3 1541/420/477
f 1553/421/26 1540/46/473 1543/418/476
f 1539/48/472 1538/50/475 1541/420/477 1542/208/2
f 1543/418/476 1542/208/2 1545/49/478 1546/47/479
f 1541/420/477 1560/422/3 1544/51/480
f 1553/423/26 1543/418/476 1546/47/479
f 1542/208/2 1541/420/477 1544/51/480 1545/49/478
f 1546/47/479 1545/49/478 1548/424/1 1549/425/481
f 1544/51/480 1560/426/3 1547/427/482
f 1553/428/26 1546/47/479 1549/425/481
f 1545/49/478 1544/51/480 1547/427/482 1548/424/1
f 1549/425/481 1548/424/1 1551/54/483 1552/429/484
f 1547/427/482 1560/430/3 1550/55/485
f 1553/431/26 1549/425/481 1552/429/484
f 1548/424/1 1547/427/482 1550/55/485 1551/54/483
f 1551/54/483 1550/55/485 1554/434/486 1555/244/4
f 1552/429/484 1551/54/483 1555/244/4 1556/433/487
f 1550/55/485 1560/435/3 1554/434/486
f 1553/432/26 1552/429/484 1556/433/487
f 1553/436/26 1556/437/487 1559/438/488
f 1555/304/4 1554/439/486 1557/57/489 1558/56/490
f 1556/437/487 1555/304/4 1558/56/490 1559/438/488
f 1554/439/486 1560/440/3 1557/57/489
f 1553/441/26 1559/438/488 1563/413/471
f 1558/56/490 1557/57/489 1561/415/474 1562/414/5
f 1559/438/488 1558/56/490 1562/414/5 1563/413/471
f 1557/57/489 1560/442/3 1561/415/474
f 1589/413/471 1588/414/5 1565/48/472 1566/46/473
f 1587/415/474 1586/416/3 1564/50/475
f 1579/417/26 1589/413/471 1566/46/473
f 1588/414/5 1587/415/474 1564/50/475 1565/48/472
f 1579/421/26 1566/46/473 1569/418/476
f 1565/48/472 1564/50/475 1567/420/477 1568/208/2
f 1566/46/473 1565/48/472 1568/208/2 1569/418/476
f 1564/50/475 1586/419/3 1567/420/477
f 1567/420/477 1586/422/3 1570/51/480
f 1579/423/26 1569/418/476 1572/47/479
f 1568/208/2 1567/420/477 1570/51/480 1571/49/478
f 1569/418/476 1568/208/2 1571/49/478 1572/47/479
f 1572/47/479 1571/49/478 1574/424/1 1575/425/481
f 1570/51/480 1586/426/3 1573/427/482
f 1579/428/26 1572/47/479 1575/425/481
f 1571/49/478 1570/51/480 1573/427/482 1574/424/1
f 1575/425/481 1574/424/1 1577/54/483 1578/429/484
f 1573/427/482 1586/430/3 1576/55/485
f 1579/431/26 1575/425/481 1578/429/484
f 1574/424/1 1573/427/482 1576/55/485 1577/54/483
f 1578/429/484 1577/54/483 1581/244/4 1582/433/487
f 1576/55/485 1586/435/3 1580/434/486
f 1579/432/26 1578/429/484 1582/433/487
f 1577/54/483 1576/55/485 1580/434/486 1581/244/4
f 1582/437/487 1581/304/4 1584/56/490 1585/438/488
f 1580/439/486 1586/440/3 1583/57/489
f 1579/436/26 1582/437/487 1585/438/488
f 1581/304/4 1580/439/486 1583/57/489 1584/56/490
f 1585/438/488 1584/56/490 1588/414/5 1589/413/471
f 1583/57/489 1586/442/3 1587/415/474
f 1579/441/26 1585/438/488 1589/413/471
f 1584/56/490 1583/57/489 1587/415/474 1588/414/5
s 0
usemtl PurpleWood
f 777/44/4 778/45/4 780/46/4 779/47/4
f 779/47/5 780/46/5 784/48/5 783/49/5
f 783/49/2 784/48/2 782/50/2 781/51/2
f 781/51/1 782/50/1 778/52/1 777/53/1
f 779/54/26 783/49/26 781/51/26 777/55/26
f 784/48/3 780/56/3 778/57/3 782/50/3
s 1
f 785/304/205 786/305/206 788/306/207 787/307/208
f 787/307/208 788/306/207 790/308/209 789/309/210
f 789/309/210 790/308/209 792/310/211 791/311/212
f 791/311/212 792/310/211 794/312/213 793/313/214
f 793/313/214 794/312/213 796/314/215 795/315/216
f 795/315/216 796/314/215 798/316/217 797/317/218
f 797/317/218 798/316/217 800/318/219 799/319/220
f 799/319/220 800/318/219 802/320/221 801/321/222
f 801/321/222 802/320/221 804/322/223 803/323/224
f 803/323/224 804/322/223 806/324/225 805/325/226
f 788/326/207 786/327/206 808/328/227 806/329/225 804/330/223 802/331/221 800/332/219 798/333/217 796/334/215 794/335/213 792/336/211 790/337/209
f 805/325/226 806/324/225 808/338/227 807/339/228
f 807/339/228 808/338/227 786/340/206 785/341/205
f 785/342/205 787/343/208 789/344/210 791/345/212 793/346/214 795/347/216 797/348/218 799/349/220 801/350/222 803/351/224 805/352/226 807/353/228
s 0
f 1135/44/4 1136/45/4 1138/46/4 1137/47/4
f 1137/47/5 1138/46/5 1142/48/5 1141/49/5
f 1141/49/2 1142/48/2 1140/50/2 1139/51/2
f 1139/51/1 1140/50/1 1136/52/1 1135/53/1
f 1137/54/26 1141/49/26 1139/51/26 1135/55/26
f 1142/48/3 1138/56/3 1136/57/3 1140/50/3
f 1267/44/4 1268/45/4 1270/46/4 1269/47/4
f 1269/47/5 1270/46/5 1274/48/5 1273/49/5
f 1273/49/2 1274/48/2 1272/50/2 1271/51/2
f 1271/51/1 1272/50/1 1268/52/1 1267/53/1
f 1269/54/26 1273/49/26 1271/51/26 1267/55/26
f 1274/48/3 1270/56/3 1268/57/3 1272/50/3
f 1412/304/463 1413/305/463 1415/531/463 1414/56/463
f 1414/56/464 1415/531/464 1417/267/464 1416/414/464
f 1416/414/465 1417/267/465 1419/52/465 1418/48/465
f 1418/48/466 1419/52/466 1421/532/466 1420/208/466
f 1420/208/467 1421/532/467 1423/53/467 1422/49/467
f 1422/49/468 1423/53/468 1425/231/468 1424/424/468
f 1415/522/3 1413/444/3 1427/533/3 1425/534/3 1423/535/3 1421/449/3 1419/536/3 1417/537/3
f 1424/424/469 1425/231/469 1427/538/469 1426/54/469
f 1426/54/470 1427/538/470 1413/539/470 1412/244/470
f 1412/451/26 1414/526/26 1416/345/26 1418/540/26 1420/454/26 1422/541/26 1424/351/26 1426/529/26
s 1
f 1453/413/265 1452/414/5 1429/48/20 1430/46/266
f 1451/415/267 1450/416/3 1428/50/268
f 1443/417/26 1453/413/265 1430/46/266
f 1452/414/5 1451/415/267 1428/50/268 1429/48/20
f 1430/46/266 1429/48/20 1432/208/2 1433/418/269
f 1428/50/268 1450/419/3 1431/420/270
f 1443/421/26 1430/46/266 1433/418/269
f 1429/48/20 1428/50/268 1431/420/270 1432/208/2
f 1433/418/269 1432/208/2 1435/49/23 1436/47/271
f 1431/420/270 1450/422/3 1434/51/272
f 1443/423/26 1433/418/269 1436/47/271
f 1432/208/2 1431/420/270 1434/51/272 1435/49/23
f 1436/47/271 1435/49/23 1438/424/1 1439/425/273
f 1434/51/272 1450/426/3 1437/427/274
f 1443/428/26 1436/47/271 1439/425/273
f 1435/49/23 1434/51/272 1437/427/274 1438/424/1
f 1439/425/273 1438/424/1 1441/54/15 1442/429/276
f 1437/427/274 1450/430/3 1440/55/275
f 1443/431/26 1439/425/273 1442/429/276
f 1438/424/1 1437/427/274 1440/55/275 1441/54/15
f 1441/54/15 1440/55/275 1444/434/278 1445/244/4
f 1442/429/276 1441/54/15 1445/244/4 1446/433/277
f 1440/55/275 1450/435/3 1444/434/278
f 1443/432/26 1442/429/276 1446/433/277
f 1443/436/26 1446/437/277 1449/438/279
f 1445/304/4 1444/439/278 1447/57/280 1448/56/17
f 1446/437/277 1445/304/4 1448/56/17 1449/438/279
f 1444/439/278 1450/440/3 1447/57/280
f 1443/441/26 1449/438/279 1453/413/265
f 1448/56/17 1447/57/280 1451/415/267 1452/414/5
f 1449/438/279 1448/56/17 1452/414/5 1453/413/265
f 1447/57/280 1450/442/3 1451/415/267
s 0
f 1454/304/463 1455/305/463 1457/531/463 1456/56/463
f 1456/56/464 1457/531/464 1459/267/464 1458/414/464
f 1458/414/465 1459/267/465 1461/52/465 1460/48/465
f 1460/48/466 1461/52/466 1463/532/466 1462/208/466
f 1462/208/467 1463/532/467 1465/53/467 1464/49/467
f 1464/49/468 1465/53/468 1467/231/468 1466/424/468
f 1457/522/3 1455/444/3 1469/533/3 1467/534/3 1465/535/3 1463/449/3 1461/536/3 1459/537/3
f 1466/424/469 1467/231/469 1469/538/469 1468/54/469
f 1468/54/470 1469/538/470 1455/539/470 1454/244/470
f 1454/451/26 1456/526/26 1458/345/26 1460/540/26 1462/454/26 1464/541/26 1466/351/26 1468/529/26
s 1
f 1485/417/26 1495/413/265 1472/46/266
f 1494/414/5 1493/415/267 1470/50/268 1471/48/20
f 1495/413/265 1494/414/5 1471/48/20 1472/46/266
f 1493/415/267 1492/416/3 1470/50/268
f 1485/421/26 1472/46/266 1475/418/269
f 1471/48/20 1470/50/268 1473/420/270 1474/208/2
f 1472/46/266 1471/48/20 1474/208/2 1475/418/269
f 1470/50/268 1492/419/3 1473/420/270
f 1485/423/26 1475/418/269 1478/47/271
f 1474/208/2 1473/420/270 1476/51/272 1477/49/23
f 1475/418/269 1474/208/2 1477/49/23 1478/47/271
f 1473/420/270 1492/422/3 1476/51/272
f 1485/428/26 1478/47/271 1481/425/273
f 1477/49/23 1476/51/272 1479/427/274 1480/424/1
f 1478/47/271 1477/49/23 1480/424/1 1481/425/273
f 1476/51/272 1492/426/3 1479/427/274
f 1485/431/26 1481/425/273 1484/429/276
f 1480/424/1 1479/427/274 1482/55/275 1483/54/15
f 1481/425/273 1480/424/1 1483/54/15 1484/429/276
f 1479/427/274 1492/430/3 1482/55/275
f 1482/55/275 1492/435/3 1486/434/278
f 1485/432/26 1484/429/276 1488/433/277
f 1483/54/15 1482/55/275 1486/434/278 1487/244/4
f 1484/429/276 1483/54/15 1487/244/4 1488/433/277
f 1488/437/277 1487/304/4 1490/56/17 1491/438/279
f 1486/439/278 1492/440/3 1489/57/280
f 1485/436/26 1488/437/277 1491/438/279
f 1487/304/4 1486/439/278 1489/57/280 1490/56/17
f 1491/438/279 1490/56/17 1494/414/5 1495/413/265
f 1489/57/280 1492/442/3 1493/415/267
f 1485/441/26 1491/438/279 1495/413/265
f 1490/56/17 1489/57/280 1493/415/267 1494/414/5
s 0
f 1496/304/463 1497/305/463 1499/531/463 1498/56/463
f 1498/56/464 1499/531/464 1501/267/464 1500/414/464
f 1500/414/465 1501/267/465 1503/52/465 1502/48/465
f 1502/48/466 1503/52/466 1505/532/466 1504/208/466
f 1504/208/467 1505/532/467 1507/53/467 1506/49/467
f 1506/49/468 1507/53/468 1509/231/468 1508/424/468
f 1499/522/3 1497/444/3 1511/533/3 1509/534/3 1507/535/3 1505/449/3 1503/536/3 1501/537/3
f 1508/424/469 1509/231/469 1511/538/469 1510/54/469
f 1510/54/470 1511/538/470 1497/539/470 1496/244/470
f 1496/451/26 1498/526/26 1500/345/26 1502/540/26 1504/454/26 1506/541/26 1508/351/26 1510/529/26
s 1
f 1537/413/265 1536/414/5 1513/48/20 1514/46/266
f 1535/415/267 1534/416/3 1512/50/268
f 1527/417/26 1537/413/265 1514/46/266
f 1536/414/5 1535/415/267 1512/50/268 1513/48/20
f 1514/46/266 1513/48/20 1516/208/2 1517/418/269
f 1512/50/268 1534/419/3 1515/420/270
f 1527/421/26 1514/46/266 1517/418/269
f 1513/48/20 1512/50/268 1515/420/270 1516/208/2
f 1517/418/269 1516/208/2 1519/49/23 1520/47/271
f 1515/420/270 1534/422/3 1518/51/272
f 1527/423/26 1517/418/269 1520/47/271
f 1516/208/2 1515/420/270 1518/51/272 1519/49/23
f 1520/47/271 1519/49/23 1522/424/1 1523/425/273
f 1518/51/272 1534/426/3 1521/427/274
f 1527/428/26 1520/47/271 1523/425/273
f 1519/49/23 1518/51/272 1521/427/274 1522/424/1
f 1523/425/273 1522/424/1 1525/54/15 1526/429/276
f 1521/427/274 1534/430/3 1524/55/275
f 1527/431/26 1523/425/273 1526/429/276
f 1522/424/1 1521/427/274 1524/55/275 1525/54/15
f 1525/54/15 1524/55/275 1528/434/278 1529/244/4
f 1526/429/276 1525/54/15 1529/244/4 1530/433/277
f 1524/55/275 1534/435/3 1528/434/278
f 1527/432/26 1526/429/276 1530/433/277
f 1527/436/26 1530/437/277 1533/438/279
f 1529/304/4 1528/439/278 1531/57/280 1532/56/17
f 1530/437/277 1529/304/4 1532/56/17 1533/438/279
f 1528/439/278 1534/440/3 1531/57/280
f 1527/441/26 1533/438/279 1537/413/265
f 1532/56/17 1531/57/280 1535/415/267 1536/414/5
f 1533/438/279 1532/56/17 1536/414/5 1537/413/265
f 1531/57/280 1534/442/3 1535/415/267
s 0
f 1590/304/463 1591/305/463 1593/531/463 1592/56/463
f 1592/56/464 1593/531/464 1595/267/464 1594/414/464
f 1594/414/465 1595/267/465 1597/52/465 1596/48/465
f 1596/48/466 1597/52/466 1599/532/466 1598/208/466
f 1598/208/467 1599/532/467 1601/53/467 1600/49/467
f 1600/49/468 1601/53/468 1603/231/468 1602/424/468
f 1593/522/3 1591/327/3 1605/530/3 1603/525/3 1601/524/3 1599/385/3 1597/523/3 1595/336/3
f 1602/424/469 1603/231/469 1605/538/469 1604/54/469
f 1604/54/470 1605/538/470 1591/539/470 1590/244/470
f 1590/342/26 1592/526/26 1594/345/26 1596/527/26 1598/401/26 1600/528/26 1602/351/26 1604/529/26
f 1606/304/463 1607/305/463 1609/531/463 1608/56/463
f 1608/56/464 1609/531/464 1611/267/464 1610/414/464
f 1610/414/465 1611/267/465 1613/52/465 1612/48/465
f 1612/48/466 1613/52/466 1615/532/466 1614/208/466
f 1614/208/467 1615/532/467 1617/53/467 1616/49/467
f 1616/49/468 1617/53/468 1619/231/468 1618/424/468
f 1609/522/3 1607/327/3 1621/533/3 1619/525/3 1617/535/3 1615/385/3 1613/536/3 1611/336/3
f 1618/424/469 1619/231/469 1621/538/469 1620/54/469
f 1620/54/470 1621/538/470 1607/539/470 1606/244/470
f 1606/342/26 1608/526/26 1610/345/26 1612/540/26 1614/401/26 1616/541/26 1618/351/26 1620/529/26
s 1
usemtl WindowGlow
f 809/304/229 810/305/230 812/354/231 811/355/232
f 811/355/232 812/354/231 814/356/233 813/357/234
f 813/357/234 814/356/233 816/358/235 815/359/236
f 815/359/236 816/358/235 818/360/237 817/361/238
f 817/361/238 818/360/237 820/362/239 819/363/240
f 819/363/240 820/362/239 822/364/241 821/365/242
f 821/365/242 822/364/241 824/366/243 823/367/244
f 823/367/244 824/366/243 826/368/245 825/369/246
f 825/369/246 826/368/245 828/370/247 827/371/248
f 827/371/248 828/370/247 830/372/249 829/373/250
f 829/373/250 830/372/249 832/374/251 831/375/252
f 831/375/252 832/374/251 834/376/253 833/377/254
f 812/378/231 810/327/230 836/379/255 834/380/253 832/381/251 830/382/249 828/383/247 826/384/245 824/385/243 822/386/241 820/387/239 818/388/237 816/389/235 814/390/233
f 833/377/254 834/376/253 836/391/255 835/392/256
f 835/392/256 836/391/255 810/393/230 809/394/229
f 809/342/229 811/395/232 813/396/234 815/397/236 817/398/238 819/399/240 821/400/242 823/401/244 825/402/246 827/403/248 829/404/250 831/405/252 833/406/254 835/407/256
f 1063/304/229 1064/305/230 1066/354/231 1065/355/232
f 1065/355/232 1066/354/231 1068/356/233 1067/357/234
f 1067/357/234 1068/356/233 1070/358/235 1069/359/236
f 1069/359/236 1070/358/235 1072/360/237 1071/361/238
f 1071/361/238 1072/360/237 1074/362/239 1073/363/240
f 1073/363/240 1074/362/239 1076/364/241 1075/365/242
f 1075/365/242 1076/364/241 1078/366/243 1077/367/244
f 1077/367/244 1078/366/243 1080/368/245 1079/369/246
f 1079/369/246 1080/368/245 1082/370/247 1081/371/262
f 1081/371/262 1082/370/247 1084/372/249 1083/373/250
f 1083/373/250 1084/372/249 1086/374/251 1085/375/252
f 1085/375/252 1086/374/251 1088/376/253 1087/377/254
f 1066/443/231 1064/444/230 1090/445/255 1088/446/253 1086/408/251 1084/409/249 1082/447/247 1080/448/245 1078/449/243 1076/450/241 1074/387/239 1072/410/237 1070/389/235 1068/390/233
f 1087/377/254 1088/376/253 1090/391/255 1089/392/256
f 1089/392/256 1090/391/255 1064/393/230 1063/394/229
f 1063/451/229 1065/452/232 1067/396/234 1069/397/236 1071/411/238 1073/399/240 1075/453/242 1077/454/244 1079/455/246 1081/403/262 1083/412/250 1085/405/252 1087/406/254 1089/456/256
f 1195/304/229 1196/305/230 1198/354/231 1197/355/232
f 1197/355/232 1198/354/231 1200/356/233 1199/357/234
f 1199/357/234 1200/356/233 1202/358/235 1201/359/236
f 1201/359/236 1202/358/235 1204/360/237 1203/361/238
f 1203/361/238 1204/360/237 1206/362/239 1205/363/260
f 1205/363/260 1206/362/239 1208/364/241 1207/365/242
f 1207/365/242 1208/364/241 1210/366/243 1209/367/244
f 1209/367/244 1210/366/243 1212/368/245 1211/369/246
f 1211/369/246 1212/368/245 1214/370/247 1213/371/262
f 1213/371/262 1214/370/247 1216/372/249 1215/373/250
f 1215/373/250 1216/372/249 1218/374/251 1217/375/252
f 1217/375/252 1218/374/251 1220/376/253 1219/377/254
f 1198/443/231 1196/444/230 1222/445/255 1220/446/253 1218/408/251 1216/409/249 1214/447/247 1212/448/245 1210/449/243 1208/450/241 1206/387/239 1204/410/237 1202/389/235 1200/390/233
f 1219/377/254 1220/376/253 1222/391/255 1221/392/256
f 1221/392/256 1222/391/255 1196/393/230 1195/394/229
f 1195/451/229 1197/452/232 1199/396/234 1201/397/236 1203/411/238 1205/399/260 1207/453/242 1209/454/244 1211/455/246 1213/403/262 1215/412/250 1217/405/252 1219/406/254 1221/456/256
f 1647/413/265 1646/414/5 1623/48/20 1624/46/266
f 1645/415/267 1644/416/3 1622/50/268
f 1637/417/26 1647/413/265 1624/46/266
f 1646/414/5 1645/415/267 1622/50/268 1623/48/20
f 1624/46/266 1623/48/20 1626/208/2 1627/418/269
f 1622/50/268 1644/419/3 1625/420/270
f 1637/421/26 1624/46/266 1627/418/269
f 1623/48/20 1622/50/268 1625/420/270 1626/208/2
f 1627/418/269 1626/208/2 1629/49/23 1630/47/271
f 1625/420/270 1644/422/3 1628/51/272
f 1637/423/26 1627/418/269 1630/47/271
f 1626/208/2 1625/420/270 1628/51/272 1629/49/23
f 1630/47/271 1629/49/23 1632/424/1 1633/425/273
f 1628/51/272 1644/426/3 1631/427/274
f 1637/428/26 1630/47/271 1633/425/273
f 1629/49/23 1628/51/272 1631/427/274 1632/424/1
f 1632/424/1 1631/427/274 1634/55/275 1635/54/15
f 1633/425/273 1632/424/1 1635/54/15 1636/429/276
f 1631/427/274 1644/430/3 1634/55/275
f 1637/431/26 1633/425/273 1636/429/276
f 1637/432/26 1636/429/276 1640/433/277
f 1635/54/15 1634/55/275 1638/434/278 1639/244/4
f 1636/429/276 1635/54/15 1639/244/4 1640/433/277
f 1634/55/275 1644/435/3 1638/434/278
f 1637/436/26 1640/437/277 1643/438/279
f 1639/304/4 1638/439/278 1641/57/280 1642/56/17
f 1640/437/277 1639/304/4 1642/56/17 1643/438/279
f 1638/439/278 1644/440/3 1641/57/280
f 1637/441/26 1643/438/279 1647/413/265
f 1642/56/17 1641/57/280 1645/415/267 1646/414/5
f 1643/438/279 1642/56/17 1646/414/5 1647/413/265
f 1641/57/280 1644/442/3 1645/415/267
usemtl GoldTrim
f 837/304/229 838/305/230 840/354/231 839/355/232
f 839/355/232 840/354/231 842/356/257 841/357/258
f 841/357/258 842/356/257 844/358/235 843/359/236
f 843/359/236 844/358/235 846/360/237 845/361/238
f 845/361/238 846/360/237 848/362/259 847/363/260
f 847/363/260 848/362/259 850/364/241 849/365/242
f 849/365/242 850/364/241 852/366/243 851/367/244
f 851/367/244 852/366/243 854/368/245 853/369/246
f 853/369/246 854/368/245 856/370/261 855/371/262
f 855/371/262 856/370/261 858/372/249 857/373/250
f 857/373/250 858/372/249 860/374/251 859/375/252
f 859/375/252 860/374/251 862/376/263 861/377/264
f 840/378/231 838/327/230 864/379/255 862/380/263 860/408/251 858/409/249 856/383/261 854/384/245 852/385/243 850/386/241 848/387/259 846/410/237 844/389/235 842/390/257
f 861/377/264 862/376/263 864/391/255 863/392/256
f 863/392/256 864/391/255 838/393/230 837/394/229
f 837/342/229 839/395/232 841/396/258 843/397/236 845/411/238 847/399/260 849/400/242 851/401/244 853/402/246 855/403/262 857/412/250 859/405/252 861/406/264 863/407/256
s 0
f 865/44/4 866/45/4 868/46/4 867/47/4
f 867/47/5 868/46/5 872/48/5 871/49/5
f 871/49/2 872/48/2 870/50/2 869/51/2
f 869/51/1 870/50/1 866/52/1 865/53/1
f 867/54/26 871/49/26 869/51/26 865/55/26
f 872/48/3 868/56/3 866/57/3 870/50/3
f 873/44/4 874/45/4 876/46/4 875/47/4
f 875/47/5 876/46/5 880/48/5 879/49/5
f 879/49/2 880/48/2 878/50/2 877/51/2
f 877/51/1 878/50/1 874/52/1 873/53/1
f 875/54/26 879/49/26 877/51/26 873/55/26
f 880/48/3 876/56/3 874/57/3 878/50/3
s 1
f 906/413/265 905/414/5 882/48/20 883/46/266
f 904/415/267 903/416/3 881/50/268
f 896/417/26 906/413/265 883/46/266
f 905/414/5 904/415/267 881/50/268 882/48/20
f 883/46/266 882/48/20 885/208/2 886/418/269
f 881/50/268 903/419/3 884/420/270
f 896/421/26 883/46/266 886/418/269
f 882/48/20 881/50/268 884/420/270 885/208/2
f 886/418/269 885/208/2 888/49/23 889/47/271
f 884/420/270 903/422/3 887/51/272
f 896/423/26 886/418/269 889/47/271
f 885/208/2 884/420/270 887/51/272 888/49/23
f 889/47/271 888/49/23 891/424/1 892/425/273
f 887/51/272 903/426/3 890/427/274
f 896/428/26 889/47/271 892/425/273
f 888/49/23 887/51/272 890/427/274 891/424/1
f 891/424/1 890/427/274 893/55/275 894/54/15
f 892/425/273 891/424/1 894/54/15 895/429/276
f 890/427/274 903/430/3 893/55/275
f 896/431/26 892/425/273 895/429/276
f 896/432/26 895/429/276 899/433/277
f 894/54/15 893/55/275 897/434/278 898/244/4
f 895/429/276 894/54/15 898/244/4 899/433/277
f 893/55/275 903/435/3 897/434/278
f 896/436/26 899/437/277 902/438/279
f 898/304/4 897/439/278 900/57/280 901/56/17
f 899/437/277 898/304/4 901/56/17 902/438/279
f 897/439/278 903/440/3 900/57/280
f 896/441/26 902/438/279 906/413/265
f 901/56/17 900/57/280 904/415/267 905/414/5
f 902/438/279 901/56/17 905/414/5 906/413/265
f 900/57/280 903/442/3 904/415/267
s 0
usemtl PlaqueGreen
f 1341/476/1 1343/477/1 1330/478/1 1328/479/1
f 1347/480/3 1349/481/3 1344/482/3 1340/480/3
f 1348/483/3 1336/484/3 1331/485/3 1342/483/3
f 1329/486/3 1332/487/3 1338/488/3 1334/489/3
f 1335/490/5 1337/491/5 1350/492/5 1346/493/5
f 1327/494/401 1328/495/401 1329/496/401
f 1330/497/35 1331/498/35 1332/487/35
f 1333/494/402 1334/496/402 1335/499/402
f 1336/500/41 1337/501/41 1338/488/41
f 1339/502/403 1340/503/403 1341/504/403
f 1342/505/404 1343/477/404 1344/506/404
f 1345/507/405 1346/508/405 1347/503/405
f 1348/509/406 1349/510/406 1350/492/406
f 1333/494/3 1327/494/3 1329/496/3 1334/496/3
f 1328/511/15 1330/497/15 1332/487/15 1329/486/15
f 1331/498/3 1336/500/3 1338/488/3 1332/487/3
f 1337/491/17 1335/490/17 1334/489/17 1338/488/17
f 1345/507/18 1333/494/18 1335/499/18 1346/508/18
f 1336/512/19 1348/509/19 1350/492/19 1337/491/19
f 1349/481/20 1347/480/20 1346/493/20 1350/492/20
f 1339/502/3 1345/507/3 1347/480/3 1340/480/3
f 1348/483/3 1342/483/3 1344/482/3 1349/481/3
f 1343/477/23 1341/476/23 1340/480/23 1344/482/23
f 1327/494/24 1339/502/24 1341/504/24 1328/495/24
f 1342/505/25 1331/513/25 1330/478/25 1343/477/25
f 1333/494/3 1345/507/3 1339/502/3 1327/494/3
s 1
usemtl SlimeMid
f 1686/542/26 1709/543/491 1654/544/492
f 1649/545/493 1708/414/5 1652/546/494 1653/547/495
f 1648/548/496 1707/549/497 1650/550/498 1651/551/499
f 1709/543/491 1649/545/493 1653/547/495 1654/544/492
f 1708/414/5 1648/548/496 1651/551/499 1652/546/494
f 1707/549/497 1680/552/3 1650/550/498
f 1653/547/495 1652/546/494 1657/553/500 1658/554/501
f 1651/551/499 1650/550/498 1655/555/502 1656/556/503
f 1654/544/492 1653/547/495 1658/554/501 1659/557/504
f 1652/546/494 1651/551/499 1656/556/503 1657/553/500
f 1650/550/498 1680/52/3 1655/555/502
f 1686/45/26 1654/544/492 1659/557/504
f 1656/556/503 1655/555/502 1660/210/505 1661/558/506
f 1659/557/504 1658/554/501 1663/209/507 1664/207/508
f 1657/553/500 1656/556/503 1661/558/506 1662/208/2
f 1655/555/502 1680/559/3 1660/210/505
f 1686/560/26 1659/557/504 1664/207/508
f 1658/554/501 1657/553/500 1662/208/2 1663/209/507
f 1664/207/508 1663/209/507 1668/561/509 1669/562/510
f 1662/208/2 1661/558/506 1666/563/511 1667/564/512
f 1660/210/505 1680/565/3 1665/566/513
f 1686/567/26 1664/207/508 1669/562/510
f 1663/209/507 1662/208/2 1667/564/512 1668/561/509
f 1661/558/506 1660/210/505 1665/566/513 1666/563/511
f 1669/562/510 1668/561/509 1673/568/514 1674/569/515
f 1667/564/512 1666/563/511 1671/570/516 1672/571/517
f 1665/566/513 1680/53/3 1670/572/518
f 1686/44/26 1669/562/510 1674/569/515
f 1668/561/509 1667/564/512 1672/571/517 1673/568/514
f 1666/563/511 1665/566/513 1670/572/518 1671/570/516
f 1674/569/515 1673/568/514 1678/573/519 1679/574/520
f 1672/571/517 1671/570/516 1676/575/521 1677/424/1
f 1670/572/518 1680/576/3 1675/577/522
f 1686/578/26 1674/569/515 1679/574/520
f 1673/568/514 1672/571/517 1677/424/1 1678/573/519
f 1671/570/516 1670/572/518 1675/577/522 1676/575/521
f 1679/574/520 1678/573/519 1684/579/523 1685/580/524
f 1677/424/1 1676/575/521 1682/581/525 1683/582/526
f 1675/577/522 1680/583/3 1681/584/527
f 1686/585/26 1679/574/520 1685/580/524
f 1678/573/519 1677/424/1 1683/582/526 1684/579/523
f 1676/575/521 1675/577/522 1681/584/527 1682/581/525
f 1683/582/526 1682/581/525 1688/586/528 1689/587/529
f 1681/584/527 1680/538/3 1687/588/530
f 1686/589/26 1685/580/524 1691/590/531
f 1684/579/523 1683/582/526 1689/587/529 1690/591/532
f 1682/581/525 1681/584/527 1687/588/530 1688/586/528
f 1685/580/524 1684/579/523 1690/591/532 1691/590/531
f 1687/588/530 1680/592/3 1692/290/533
f 1686/593/26 1691/590/531 1696/288/534
f 1690/591/532 1689/587/529 1694/244/4 1695/241/535
f 1688/586/528 1687/588/530 1692/290/533 1693/243/536
f 1691/590/531 1690/591/532 1695/241/535 1696/288/534
f 1689/587/529 1688/586/528 1693/243/536 1694/244/4
f 1686/594/26 1696/595/534 1701/596/537
f 1695/597/535 1694/304/4 1699/598/538 1700/599/539
f 1693/600/536 1692/601/533 1697/602/540 1698/603/541
f 1696/595/534 1695/597/535 1700/599/539 1701/596/537
f 1694/304/4 1693/600/536 1698/603/541 1699/598/538
f 1692/601/533 1680/604/3 1697/602/540
f 1686/605/26 1701/596/537 1706/606/542
f 1700/599/539 1699/598/538 1704/309/543 1705/607/544
f 1698/603/541 1697/602/540 1702/608/545 1703/609/546
f 1701/596/537 1700/599/539 1705/607/544 1706/606/542
f 1699/598/538 1698/603/541 1703/609/546 1704/309/543
f 1697/602/540 1680/531/3 1702/608/545
f 1686/610/26 1706/606/542 1709/543/491
f 1705/607/544 1704/309/543 1708/414/5 1649/545/493
f 1703/609/546 1702/608/545 1707/549/497 1648/548/496
f 1706/606/542 1705/607/544 1649/545/493 1709/543/491
f 1704/309/543 1703/609/546 1648/548/496 1708/414/5
f 1702/608/545 1680/611/3 1707/549/497
f 1767/612/497 1766/552/3 1710/550/498
f 1750/542/26 1771/613/491 1714/544/492
f 1770/545/493 1769/414/5 1712/546/494 1713/547/495
f 1768/548/496 1767/612/497 1710/550/498 1711/551/499
f 1771/613/491 1770/545/493 1713/547/495 1714/544/492
f 1769/414/5 1768/548/496 1711/551/499 1712/546/494
f 1750/45/26 1714/544/492 1719/614/504
f 1713/547/495 1712/546/494 1717/553/500 1718/554/501
f 1711/551/499 1710/550/498 1715/615/502 1716/556/503
f 1714/544/492 1713/547/495 1718/554/501 1719/614/504
f 1712/546/494 1711/551/499 1716/556/503 1717/553/500
f 1710/550/498 1766/52/3 1715/615/502
f 1718/554/501 1717/553/500 1722/208/2 1723/209/507
f 1716/556/503 1715/615/502 1720/466/505 1721/558/506
f 1719/614/504 1718/554/501 1723/209/507 1724/465/508
f 1717/553/500 1716/556/503 1721/558/506 1722/208/2
f 1715/615/502 1766/559/3 1720/466/505
f 1750/560/26 1719/614/504 1724/465/508
f 1721/558/506 1720/466/505 1725/616/513 1726/563/511
f 1724/465/508 1723/209/507 1728/561/509 1729/617/510
f 1722/208/2 1721/558/506 1726/563/511 1727/564/512
f 1720/466/505 1766/565/3 1725/616/513
f 1750/567/26 1724/465/508 1729/617/510
f 1723/209/507 1722/208/2 1727/564/512 1728/561/509
f 1729/617/510 1728/561/509 1733/568/514 1734/618/515
f 1727/564/512 1726/563/511 1731/570/516 1732/571/517
f 1725/616/513 1766/53/3 1730/619/518
f 1750/44/26 1729/617/510 1734/618/515
f 1728/561/509 1727/564/512 1732/571/517 1733/568/514
f 1726/563/511 1725/616/513 1730/619/518 1731/570/516
f 1734/618/515 1733/568/514 1738/573/519 1739/620/520
f 1732/571/517 1731/570/516 1736/575/521 1737/424/1
f 1730/619/518 1766/576/3 1735/621/522
f 1750/578/26 1734/618/515 1739/620/520
f 1733/568/514 1732/571/517 1737/424/1 1738/573/519
f 1731/570/516 1730/619/518 1735/621/522 1736/575/521
f 1739/620/520 1738/573/519 1743/579/523 1744/622/524
f 1737/424/1 1736/575/521 1741/581/525 1742/582/526
f 1735/621/522 1766/583/3 1740/623/527
f 1750/585/26 1739/620/520 1744/622/524
f 1738/573/519 1737/424/1 1742/582/526 1743/579/523
f 1736/575/521 1735/621/522 1740/623/527 1741/581/525
f 1744/622/524 1743/579/523 1748/624/532 1749/625/531
f 1742/582/526 1741/581/525 1746/626/528 1747/587/529
f 1740/623/527 1766/538/3 1745/627/530
f 1750/589/26 1744/622/524 1749/625/531
f 1743/579/523 1742/582/526 1747/587/529 1748/624/532
f 1741/581/525 1740/623/527 1745/627/530 1746/626/528
f 1747/587/529 1746/626/528 1752/289/536 1753/244/4
f 1745/627/530 1766/592/3 1751/246/533
f 1750/593/26 1749/625/531 1755/242/534
f 1748/624/532 1747/587/529 1753/244/4 1754/241/535
f 1746/626/528 1745/627/530 1751/246/533 1752/289/536
f 1749/625/531 1748/624/532 1754/241/535 1755/242/534
f 1751/628/533 1766/604/3 1756/629/540
f 1750/594/26 1755/630/534 1760/631/537
f 1754/597/535 1753/304/4 1758/598/538 1759/599/539
f 1752/632/536 1751/628/533 1756/629/540 1757/633/541
f 1755/630/534 1754/597/535 1759/599/539 1760/631/537
f 1753/304/4 1752/632/536 1757/633/541 1758/598/538
f 1750/605/26 1760/631/537 1765/634/542
f 1759/599/539 1758/598/538 1763/309/543 1764/635/544
f 1757/633/541 1756/629/540 1761/636/545 1762/637/546
f 1760/631/537 1759/599/539 1764/635/544 1765/634/542
f 1758/598/538 1757/633/541 1762/637/546 1763/309/543
f 1756/629/540 1766/531/3 1761/636/545
f 1750/610/26 1765/634/542 1771/613/491
f 1764/635/544 1763/309/543 1769/414/5 1770/545/493
f 1762/637/546 1761/636/545 1767/612/497 1768/548/496
f 1765/634/542 1764/635/544 1770/545/493 1771/613/491
f 1763/309/543 1762/637/546 1768/548/496 1769/414/5
f 1761/636/545 1766/611/3 1767/612/497
f 1773/414/5 1772/548/496 1776/551/499 1777/546/494
f 1832/638/497 1805/552/3 1775/550/498
f 1816/542/26 1833/639/491 1779/544/492
f 1774/545/493 1773/414/5 1777/546/494 1778/547/495
f 1772/548/496 1832/638/497 1775/550/498 1776/551/499
f 1833/639/491 1774/545/493 1778/547/495 1779/544/492
f 1816/45/26 1779/544/492 1784/557/504
f 1778/547/495 1777/546/494 1782/553/500 1783/554/501
f 1776/551/499 1775/550/498 1780/555/502 1781/640/503
f 1779/544/492 1778/547/495 1783/554/501 1784/557/504
f 1777/546/494 1776/551/499 1781/640/503 1782/553/500
f 1775/550/498 1805/52/3 1780/555/502
f 1816/560/26 1784/557/504 1789/207/508
f 1783/554/501 1782/553/500 1787/208/2 1788/209/507
f 1781/640/503 1780/555/502 1785/210/505 1786/558/506
f 1784/557/504 1783/554/501 1788/209/507 1789/207/508
f 1782/553/500 1781/640/503 1786/558/506 1787/208/2
f 1780/555/502 1805/559/3 1785/210/505
f 1788/209/507 1787/208/2 1792/564/512 1793/561/509
f 1786/558/506 1785/210/505 1790/566/513 1791/563/511
f 1789/207/508 1788/209/507 1793/561/509 1794/562/510
f 1787/208/2 1786/558/506 1791/563/511 1792/564/512
f 1785/210/505 1805/641/3 1790/566/513
f 1816/642/26 1789/207/508 1794/562/510
f 1791/563/511 1790/566/513 1795/619/518 1796/570/516
f 1794/562/510 1793/561/509 1798/568/514 1799/618/515
f 1792/564/512 1791/563/511 1796/570/516 1797/571/517
f 1790/566/513 1805/53/3 1795/619/518
f 1816/44/26 1794/562/510 1799/618/515
f 1793/561/509 1792/564/512 1797/571/517 1798/568/514
f 1799/618/515 1798/568/514 1803/573/519 1804/620/520
f 1797/571/517 1796/570/516 1801/575/521 1802/424/1
f 1795/619/518 1805/643/3 1800/621/522
f 1816/644/26 1799/618/515 1804/620/520
f 1798/568/514 1797/571/517 1802/424/1 1803/573/519
f 1796/570/516 1795/619/518 1800/621/522 1801/575/521
f 1804/620/520 1803/573/519 1809/579/523 1810/622/524
f 1802/424/1 1801/575/521 1807/581/525 1808/582/526
f 1800/621/522 1805/645/3 1806/623/527
f 1816/646/26 1804/620/520 1810/622/524
f 1803/573/519 1802/424/1 1808/582/526 1809/579/523
f 1801/575/521 1800/621/522 1806/623/527 1807/581/525
f 1810/622/524 1809/579/523 1814/591/532 1815/647/531
f 1808/582/526 1807/581/525 1812/586/528 1813/648/529
f 1806/623/527 1805/649/3 1811/650/530
f 1816/651/26 1810/622/524 1815/647/531
f 1809/579/523 1808/582/526 1813/648/529 1814/591/532
f 1807/581/525 1806/623/527 1811/650/530 1812/586/528
f 1815/647/531 1814/591/532 1820/241/535 1821/242/534
f 1813/648/529 1812/586/528 1818/243/536 1819/244/4
f 1811/650/530 1805/652/3 1817/246/533
f 1816/653/26 1815/647/531 1821/242/534
f 1814/591/532 1813/648/529 1819/244/4 1820/241/535
f 1812/586/528 1811/650/530 1817/246/533 1818/243/536
f 1819/304/4 1818/600/536 1823/603/541 1824/598/538
f 1817/628/533 1805/604/3 1822/629/540
f 1816/594/26 1821/630/534 1826/631/537
f 1820/597/535 1819/304/4 1824/598/538 1825/599/539
f 1818/600/536 1817/628/533 1822/629/540 1823/603/541
f 1821/630/534 1820/597/535 1825/599/539 1826/631/537
f 1822/629/540 1805/654/3 1827/655/545
f 1816/656/26 1826/631/537 1831/657/542
f 1825/599/539 1824/598/538 1829/658/543 1830/607/544
f 1823/603/541 1822/629/540 1827/655/545 1828/609/546
f 1826/631/537 1825/599/539 1830/607/544 1831/657/542
f 1824/598/538 1823/603/541 1828/609/546 1829/658/543
f 1816/610/26 1831/657/542 1833/639/491
f 1830/607/544 1829/658/543 1773/414/5 1774/545/493
f 1828/609/546 1827/655/545 1832/638/497 1772/548/496
f 1831/657/542 1830/607/544 1774/545/493 1833/639/491
f 1829/658/543 1828/609/546 1772/548/496 1773/414/5
f 1827/655/545 1805/611/3 1832/638/497
f 1834/414/5 1894/659/496 1837/551/499 1838/546/494
f 1893/638/497 1872/552/3 1836/550/498
f 1871/542/26 1835/543/491 1840/544/492
f 1895/545/493 1834/414/5 1838/546/494 1839/547/495
f 1894/659/496 1893/638/497 1836/550/498 1837/551/499
f 1835/543/491 1895/545/493 1839/547/495 1840/544/492
f 1871/45/26 1840/544/492 1845/557/504
f 1839/547/495 1838/546/494 1843/553/500 1844/554/501
f 1837/551/499 1836/550/498 1841/555/502 1842/640/503
f 1840/544/492 1839/547/495 1844/554/501 1845/557/504
f 1838/546/494 1837/551/499 1842/640/503 1843/553/500
f 1836/550/498 1872/52/3 1841/555/502
f 1871/560/26 1845/557/504 1850/207/508
f 1844/554/501 1843/553/500 1848/208/2 1849/209/507
f 1842/640/503 1841/555/502 1846/210/505 1847/558/506
f 1845/557/504 1844/554/501 1849/209/507 1850/207/508
f 1843/553/500 1842/640/503 1847/558/506 1848/208/2
f 1841/555/502 1872/559/3 1846/210/505
f 1849/209/507 1848/208/2 1853/564/512 1854/561/509
f 1847/558/506 1846/210/505 1851/566/513 1852/563/511
f 1850/207/508 1849/209/507 1854/561/509 1855/562/510
f 1848/208/2 1847/558/506 1852/563/511 1853/564/512
f 1846/210/505 1872/641/3 1851/566/513
f 1871/642/26 1850/207/508 1855/562/510
f 1852/563/511 1851/566/513 1856/572/518 1857/570/516
f 1855/562/510 1854/561/509 1859/568/514 1860/569/515
f 1853/564/512 1852/563/511 1857/570/516 1858/571/517
f 1851/566/513 1872/53/3 1856/572/518
f 1871/44/26 1855/562/510 1860/569/515
f 1854/561/509 1853/564/512 1858/571/517 1859/568/514
f 1860/569/515 1859/568/514 1864/573/519 1865/574/520
f 1858/571/517 1857/570/516 1862/575/521 1863/424/1
f 1856/572/518 1872/643/3 1861/577/522
f 1871/644/26 1860/569/515 1865/574/520
f 1859/568/514 1858/571/517 1863/424/1 1864/573/519
f 1857/570/516 1856/572/518 1861/577/522 1862/575/521
f 1865/574/520 1864/573/519 1869/579/523 1870/580/524
f 1863/424/1 1862/575/521 1867/581/525 1868/582/526
f 1861/577/522 1872/645/3 1866/584/527
f 1871/646/26 1865/574/520 1870/580/524
f 1864/573/519 1863/424/1 1868/582/526 1869/579/523
f 1862/575/521 1861/577/522 1866/584/527 1867/581/525
f 1870/580/524 1869/579/523 1876/624/532 1877/660/531
f 1868/582/526 1867/581/525 1874/626/528 1875/648/529
f 1866/584/527 1872/649/3 1873/661/530
f 1871/651/26 1870/580/524 1877/660/531
f 1869/579/523 1868/582/526 1875/648/529 1876/624/532
f 1867/581/525 1866/584/527 1873/661/530 1874/626/528
f 1877/660/531 1876/624/532 1881/241/535 1882/242/534
f 1875/648/529 1874/626/528 1879/243/536 1880/244/4
f 1873/661/530 1872/652/3 1878/246/533
f 1871/653/26 1877/660/531 1882/242/534
f 1876/624/532 1875/648/529 1880/244/4 1881/241/535
f 1874/626/528 1873/661/530 1878/246/533 1879/243/536
f 1880/304/4 1879/600/536 1884/603/541 1885/598/538
f 1878/628/533 1872/604/3 1883/629/540
f 1871/594/26 1882/630/534 1887/631/537
f 1881/597/535 1880/304/4 1885/598/538 1886/599/539
f 1879/600/536 1878/628/533 1883/629/540 1884/603/541
f 1882/630/534 1881/597/535 1886/599/539 1887/631/537
f 1883/629/540 1872/654/3 1888/655/545
f 1871/656/26 1887/631/537 1892/657/542
f 1886/599/539 1885/598/538 1890/658/543 1891/635/544
f 1884/603/541 1883/629/540 1888/655/545 1889/637/546
f 1887/631/537 1886/599/539 1891/635/544 1892/657/542
f 1885/598/538 1884/603/541 1889/637/546 1890/658/543
f 1871/610/26 1892/657/542 1835/543/491
f 1891/635/544 1890/658/543 1834/414/5 1895/545/493
f 1889/637/546 1888/655/545 1893/638/497 1894/659/496
f 1892/657/542 1891/635/544 1895/545/493 1835/543/491
f 1890/658/543 1889/637/546 1894/659/496 1834/414/5
f 1888/655/545 1872/611/3 1893/638/497
usemtl StonePurple
f 1896/662/26 1897/663/547 1898/664/548
f 1897/663/547 1896/665/26 1901/666/549
f 1896/667/26 1898/668/548 1899/669/550
f 1896/670/26 1899/669/550 1900/671/551
f 1896/672/26 1900/671/551 1901/666/549
f 1897/663/547 1901/666/549 1906/673/552
f 1898/664/548 1897/663/547 1902/674/553
f 1899/669/550 1898/668/548 1903/675/554
f 1900/671/551 1899/669/550 1904/676/555
f 1901/666/549 1900/671/551 1905/677/556
f 1897/663/547 1906/673/552 1902/674/553
f 1898/664/548 1902/674/553 1903/678/554
f 1899/669/550 1903/675/554 1904/676/555
f 1900/671/551 1904/676/555 1905/677/556
f 1901/666/549 1905/677/556 1906/673/552
f 1902/674/553 1906/673/552 1907/679/3
f 1903/678/554 1902/674/553 1907/680/3
f 1904/676/555 1903/675/554 1907/681/3
f 1905/677/556 1904/676/555 1907/682/3
f 1906/673/552 1905/677/556 1907/683/3
f 1908/662/26 1909/663/547 1910/664/548
f 1909/663/547 1908/665/26 1913/666/549
f 1908/667/26 1910/668/548 1911/669/550
f 1908/670/26 1911/669/550 1912/671/551
f 1908/672/26 1912/671/551 1913/666/549
f 1909/663/547 1913/666/549 1918/673/552
f 1910/664/548 1909/663/547 1914/674/553
f 1911/669/550 1910/668/548 1915/675/554
f 1912/671/551 1911/669/550 1916/676/555
f 1913/666/549 1912/671/551 1917/677/556
f 1909/663/547 1918/673/552 1914/674/553
f 1910/664/548 1914/674/553 1915/678/554
f 1911/669/550 1915/675/554 1916/676/555
f 1912/671/551 1916/676/555 1917/677/556
f 1913/666/549 1917/677/556 1918/673/552
f 1914/674/553 1918/673/552 1919/679/3
f 1915/678/554 1914/674/553 1919/680/3
f 1916/676/555 1915/675/554 1919/681/3
f 1917/677/556 1916/676/555 1919/682/3
f 1918/673/552 1917/677/556 1919/683/3
